farm_id,house_id,sex,breed,init_age_days,init_weight_kg,avg_temp_c,humidity_pct,nh3_ppm,co2_ppm,stocking_density,feed_intake_kg,feed_grade,vaccinated,antibiotic_days,adg_kg_day,fcr,market_age_days,mortality
4,3,암,삼원교잡(LYD),71.4,27.8,20.4,67.6,18.9,1702.0,1.2,1.59,표준,1,2,0.683,2.32,199,0
31,7,거세,이원교잡(LY),63.9,26.4,27.1,68.9,22.9,1495.0,0.98,2.18,표준,0,2,0.706,3.09,189,0
27,1,암,삼원교잡(LYD),68.0,26.6,17.3,73.9,6.2,1371.0,1.43,2.25,저가,1,4,0.786,2.86,180,0
18,4,거세,삼원교잡(LYD),66.8,22.2,20.2,73.7,25.6,2110.0,1.13,1.82,표준,1,2,0.705,2.58,198,0
18,7,암,삼원교잡(LYD),65.1,24.0,25.5,62.0,13.3,1725.0,1.27,2.04,표준,1,2,0.766,2.67,184,0
35,8,거세,삼원교잡(LYD),70.2,23.4,17.1,74.6,20.5,1561.0,1.55,1.87,표준,1,3,0.746,2.51,193,0
4,3,거세,삼원교잡(LYD),60.0,21.4,29.1,61.5,10.6,1582.0,1.44,2.26,표준,1,1,0.772,2.93,181,0
28,6,거세,이원교잡(LY),68.4,20.0,21.1,67.4,5.3,1925.0,1.14,2.04,고급,1,3,0.965,2.12,167,0
9,2,거세,이원교잡(LY),69.5,23.7,25.5,67.0,7.1,1155.0,1.56,2.6,고급,1,1,0.963,2.7,164,0
4,1,암,삼원교잡(LYD),63.2,24.2,25.5,56.4,13.0,1060.0,1.47,2.35,저가,1,4,0.719,3.27,190,0
22,3,거세,이원교잡(LY),77.6,25.3,21.4,57.6,18.1,1383.0,1.12,2.78,저가,1,1,0.91,3.05,176,0
40,8,거세,삼원교잡(LYD),67.0,26.7,20.1,87.3,15.2,911.0,1.17,2.16,저가,1,2,0.885,2.44,167,0
30,6,암,삼원교잡(LYD),68.8,25.6,21.8,56.1,13.5,1477.0,1.55,2.94,표준,1,4,0.965,3.05,162,0
31,4,거세,삼원교잡(LYD),67.0,24.2,24.9,68.7,21.7,1548.0,1.49,2.3,저가,1,2,0.75,3.07,188,0
29,3,암,삼원교잡(LYD),69.6,22.3,18.1,70.8,15.0,1466.0,0.92,2.14,표준,1,1,0.828,2.59,182,0
32,2,암,삼원교잡(LYD),76.5,27.6,17.2,64.5,16.7,1319.0,1.05,3.02,표준,1,2,0.976,3.1,166,0
21,3,거세,삼원교잡(LYD),82.4,24.7,27.9,71.7,33.7,2327.0,1.47,1.75,저가,1,2,0.55,3.18,247,0
6,2,거세,삼원교잡(LYD),73.7,23.7,19.1,68.3,15.0,1970.0,1.01,2.13,저가,1,3,0.892,2.39,176,0
34,2,거세,삼원교잡(LYD),75.4,24.4,23.4,56.3,10.8,1451.0,1.5,1.8,표준,1,4,0.752,2.39,196,0
19,6,암,삼원교잡(LYD),78.6,22.8,21.2,70.4,17.9,1547.0,1.78,1.75,표준,1,3,0.644,2.71,222,0
21,2,거세,삼원교잡(LYD),71.2,23.4,21.4,59.6,19.4,2188.0,1.39,1.68,표준,1,1,0.731,2.3,197,0
15,1,거세,삼원교잡(LYD),77.9,23.3,27.7,82.4,16.8,1208.0,1.07,2.49,표준,1,7,0.821,3.03,189,1
8,5,거세,이원교잡(LY),74.0,24.1,21.7,69.3,15.9,1017.0,1.34,1.9,표준,0,3,0.764,2.49,193,0
38,3,암,삼원교잡(LYD),70.7,27.0,20.6,58.0,23.9,1613.0,1.56,2.22,고급,1,1,0.831,2.68,177,0
32,4,암,삼원교잡(LYD),71.8,26.2,20.9,68.4,23.1,1707.0,1.32,2.57,저가,1,4,0.734,3.5,193,0
26,2,암,삼원교잡(LYD),60.9,29.6,20.0,55.8,14.3,1744.0,1.42,2.44,고급,1,2,0.945,2.58,151,0
17,2,암,삼원교잡(LYD),71.5,28.6,19.3,67.6,11.1,1914.0,1.1,2.42,고급,1,6,0.975,2.49,160,0
33,4,암,삼원교잡(LYD),62.3,30.9,20.0,62.7,17.6,1134.0,1.12,2.66,표준,1,1,0.839,3.17,163,0
22,6,거세,이원교잡(LY),61.9,26.7,28.7,56.7,11.1,796.0,1.53,2.78,표준,1,3,0.909,3.06,159,0
18,4,암,삼원교잡(LYD),71.0,26.6,24.8,56.6,20.3,1208.0,1.12,1.92,고급,1,5,0.72,2.67,194,0
19,5,암,삼원교잡(LYD),64.4,23.5,20.6,89.3,17.5,1791.0,0.7,2.44,고급,1,3,0.926,2.64,163,0
10,5,거세,삼원교잡(LYD),70.0,27.5,25.9,65.9,31.0,1039.0,1.22,2.22,저가,1,1,0.715,3.1,192,0
4,3,암,삼원교잡(LYD),70.7,23.0,15.7,60.7,23.8,533.0,1.38,2.26,표준,1,3,0.788,2.86,187,0
23,3,암,삼원교잡(LYD),70.9,20.6,27.5,59.0,8.5,1572.0,1.56,1.85,저가,0,5,0.597,3.09,229,0
36,4,거세,삼원교잡(LYD),65.5,29.6,27.2,69.7,11.9,1216.0,1.71,2.14,저가,0,5,0.638,3.36,199,0
3,1,거세,이원교잡(LY),74.5,21.3,30.9,58.6,3.5,636.0,1.32,2.17,표준,0,2,0.739,2.94,201,0
35,6,거세,삼원교잡(LYD),69.6,26.3,26.0,54.1,2.2,1537.0,1.46,2.73,표준,1,3,0.984,2.77,160,0
34,5,암,삼원교잡(LYD),72.2,22.4,23.7,64.7,15.7,1307.0,1.33,1.95,고급,1,2,0.757,2.58,195,1
12,3,거세,삼원교잡(LYD),64.0,28.4,27.2,64.6,7.8,2338.0,1.39,1.58,저가,1,5,0.59,2.69,211,0
26,3,암,이원교잡(LY),69.1,28.8,19.5,60.8,24.8,1544.0,1.25,2.3,표준,1,2,0.785,2.93,179,0
7,3,거세,삼원교잡(LYD),75.5,26.6,20.4,56.1,21.9,1793.0,1.4,1.92,저가,1,4,0.748,2.57,194,0
31,6,암,삼원교잡(LYD),74.9,28.7,21.7,61.1,13.4,1491.0,1.12,2.26,저가,1,1,0.772,2.92,187,0
29,7,거세,이원교잡(LY),66.0,25.0,27.5,60.3,13.0,1201.0,1.8,2.5,고급,1,2,0.898,2.78,166,0
15,1,암,삼원교잡(LYD),67.3,31.7,18.6,58.9,23.9,1256.0,0.7,2.27,저가,0,0,0.687,3.31,189,0
3,4,거세,이원교잡(LY),65.1,27.2,18.2,67.8,25.3,2040.0,1.44,2.17,표준,1,2,0.811,2.68,173,0
39,1,거세,삼원교잡(LYD),66.7,22.3,22.9,87.3,9.4,1874.0,1.38,2.25,표준,1,2,0.818,2.75,180,0
18,4,거세,삼원교잡(LYD),63.0,25.2,24.9,78.3,8.6,756.0,1.39,2.55,저가,0,2,0.867,2.94,167,0
36,2,거세,이원교잡(LY),69.3,24.5,19.2,84.4,13.2,876.0,1.0,1.95,표준,1,4,0.864,2.26,174,0
28,3,거세,삼원교잡(LYD),73.2,24.2,24.7,59.3,17.6,903.0,0.88,2.52,표준,1,4,0.904,2.79,174,0
32,4,암,삼원교잡(LYD),66.1,20.0,27.5,81.7,11.9,2030.0,1.45,2.0,고급,1,2,0.762,2.62,191,0
31,3,암,삼원교잡(LYD),69.5,26.2,26.8,67.3,17.7,634.0,1.64,2.48,표준,1,0,0.775,3.2,184,0
8,4,암,삼원교잡(LYD),68.9,20.8,23.4,74.9,26.7,1893.0,1.36,1.84,표준,1,4,0.608,3.02,224,0
15,7,암,이원교잡(LY),75.3,18.0,21.6,69.6,6.6,1699.0,1.5,2.46,고급,1,3,0.91,2.71,182,0
19,7,거세,삼원교잡(LYD),66.9,24.0,28.9,61.6,12.3,1573.0,1.19,2.27,표준,1,3,0.77,2.95,185,0
20,1,암,이원교잡(LY),67.1,22.7,22.1,72.2,6.7,1264.0,1.38,2.33,고급,1,1,0.928,2.51,167,0
2,4,암,삼원교잡(LYD),65.8,22.4,25.8,69.8,10.0,2094.0,1.61,2.59,표준,1,2,0.809,3.2,180,0
22,7,거세,삼원교잡(LYD),64.3,18.0,29.8,47.3,13.2,1557.0,1.22,2.05,표준,1,4,0.667,3.08,210,0
7,5,암,삼원교잡(LYD),72.6,22.4,25.3,63.8,10.6,778.0,1.6,2.29,저가,1,1,0.617,3.72,223,0
30,2,거세,삼원교잡(LYD),69.3,24.5,18.0,73.7,18.1,894.0,0.89,2.39,고급,1,2,1.031,2.32,157,0
28,5,암,이원교잡(LY),70.3,23.1,17.0,67.8,15.9,678.0,1.15,2.21,고급,1,3,0.923,2.4,170,0
37,2,암,삼원교잡(LYD),76.4,26.2,20.8,69.7,16.8,2100.0,1.44,2.52,고급,1,3,0.892,2.82,176,0
30,1,암,삼원교잡(LYD),76.7,29.2,24.8,57.5,13.2,2212.0,1.78,2.4,저가,0,0,0.667,3.6,205,0
15,6,거세,삼원교잡(LYD),61.8,26.5,23.8,67.6,13.7,2043.0,1.3,2.13,표준,0,2,0.873,2.44,163,0
39,5,암,삼원교잡(LYD),73.2,28.1,30.8,64.0,12.9,1428.0,1.04,2.68,고급,1,4,0.761,3.52,187,0
17,7,거세,이원교잡(LY),71.1,28.3,23.7,63.0,13.5,787.0,1.77,2.47,고급,1,2,0.989,2.5,159,0
14,3,암,삼원교잡(LYD),67.7,21.9,20.7,58.2,17.5,973.0,1.27,2.05,고급,1,3,0.854,2.4,177,0
37,7,거세,삼원교잡(LYD),71.6,26.3,17.5,74.1,3.5,1006.0,1.47,2.04,표준,1,3,0.84,2.43,177,0
15,4,암,삼원교잡(LYD),61.4,28.0,26.7,68.5,16.7,1477.0,1.22,2.23,표준,0,5,0.774,2.89,174,0
4,6,암,삼원교잡(LYD),77.3,23.7,22.0,67.4,9.8,2194.0,1.34,2.43,표준,1,0,0.862,2.82,183,0
19,1,거세,이원교잡(LY),72.6,22.6,16.0,85.5,13.0,2192.0,1.16,1.64,고급,1,3,0.827,1.98,184,0
32,1,거세,삼원교잡(LYD),65.7,26.6,22.1,69.7,5.6,1256.0,1.86,2.06,표준,1,2,0.845,2.44,170,0
8,7,암,삼원교잡(LYD),67.1,20.6,18.0,77.0,12.8,500.0,1.6,2.13,표준,1,2,0.723,2.94,198,0
19,7,거세,삼원교잡(LYD),61.5,21.7,20.3,67.7,16.7,917.0,1.74,1.87,고급,1,2,0.908,2.06,164,0
6,8,거세,삼원교잡(LYD),68.4,23.0,22.0,61.5,17.7,2094.0,1.1,1.99,고급,1,3,0.863,2.31,175,0
28,3,거세,이원교잡(LY),67.6,26.4,18.4,54.4,7.9,1616.0,0.84,2.34,고급,0,1,0.961,2.44,160,0
20,1,거세,삼원교잡(LYD),63.4,25.7,20.0,67.4,17.5,1322.0,1.23,2.15,표준,1,0,0.882,2.44,165,0
14,8,암,삼원교잡(LYD),73.9,28.1,19.0,38.4,21.8,1287.0,1.93,2.18,표준,1,0,0.786,2.77,184,0
10,5,암,삼원교잡(LYD),76.4,22.2,19.1,67.7,12.0,1125.0,1.22,1.89,표준,1,1,0.695,2.71,210,0
23,2,거세,이원교잡(LY),69.9,22.1,18.0,68.2,15.0,898.0,1.56,2.24,표준,0,1,0.886,2.52,175,1
27,7,거세,이원교잡(LY),68.5,26.6,20.1,62.8,2.6,2536.0,1.04,1.85,고급,1,1,0.911,2.03,166,0
38,8,거세,삼원교잡(LYD),72.2,22.6,18.4,64.1,9.6,2359.0,1.09,2.74,저가,1,2,0.953,2.87,169,0
18,3,거세,삼원교잡(LYD),69.9,23.2,24.3,52.5,16.6,1089.0,1.28,2.82,표준,1,1,0.961,2.94,165,0
7,7,암,삼원교잡(LYD),64.6,19.4,22.8,78.9,20.7,623.0,1.83,2.16,고급,1,4,0.804,2.68,183,1
34,7,거세,삼원교잡(LYD),66.7,25.9,26.8,61.6,11.4,1585.0,1.58,1.96,저가,1,3,0.628,3.13,209,0
26,5,암,삼원교잡(LYD),68.5,29.6,29.5,55.3,31.0,1426.0,0.79,2.56,표준,1,0,0.738,3.46,184,0
29,6,암,이원교잡(LY),71.2,21.9,24.7,70.4,16.9,1814.0,1.47,2.48,표준,1,2,0.823,3.01,184,0
4,3,암,이원교잡(LY),70.0,28.1,23.8,66.1,7.4,1927.0,1.01,2.86,표준,1,1,0.962,2.98,160,0
13,8,암,삼원교잡(LYD),71.1,24.8,25.0,61.4,22.7,915.0,1.13,2.94,표준,0,3,0.894,3.29,172,0
31,8,거세,삼원교잡(LYD),62.4,19.7,23.9,60.4,7.5,2140.0,1.43,1.69,고급,1,4,0.808,2.09,180,0
34,8,거세,삼원교잡(LYD),73.3,22.3,22.2,64.9,17.0,1323.0,1.65,2.65,고급,1,2,1.005,2.64,166,0
18,6,거세,삼원교잡(LYD),70.0,22.1,21.9,78.5,9.4,1804.0,1.64,2.23,저가,1,5,0.857,2.61,178,0
33,1,암,삼원교잡(LYD),82.8,24.1,17.9,69.7,6.9,1369.0,1.38,2.46,저가,1,3,0.821,3.0,194,0
34,3,암,삼원교잡(LYD),68.1,26.3,25.4,64.7,20.8,1961.0,1.39,2.53,저가,1,3,0.722,3.51,191,0
16,4,거세,이원교잡(LY),71.6,30.5,21.9,73.5,13.4,500.0,1.64,2.52,고급,1,2,1.028,2.45,154,0
36,8,거세,삼원교잡(LYD),84.1,20.7,27.8,65.3,25.4,1869.0,0.91,2.6,표준,1,2,0.797,3.26,202,0
12,5,거세,이원교잡(LY),71.0,23.5,25.7,69.0,8.9,1084.0,1.76,2.13,표준,1,2,0.841,2.54,180,0
10,5,암,삼원교잡(LYD),69.7,22.3,19.5,66.5,5.6,1537.0,1.12,2.01,고급,1,3,0.855,2.36,178,0
28,2,암,삼원교잡(LYD),65.1,21.2,27.0,70.9,12.1,2122.0,1.37,2.66,고급,1,3,0.932,2.85,166,0
26,7,암,삼원교잡(LYD),77.6,25.3,11.8,60.6,32.3,1098.0,1.18,2.04,저가,1,3,0.665,3.06,212,0
6,3,암,이원교잡(LY),64.2,25.0,29.7,53.6,20.0,1020.0,1.01,2.86,고급,0,3,0.856,3.34,169,0
34,1,거세,삼원교잡(LYD),72.1,19.6,16.6,74.1,18.3,1314.0,1.42,2.07,고급,0,3,0.873,2.37,181,0
8,8,암,삼원교잡(LYD),67.6,25.1,24.0,80.0,18.5,1282.0,1.36,2.19,고급,1,0,0.847,2.58,174,0
33,2,암,삼원교잡(LYD),69.1,21.4,23.7,54.1,12.1,975.0,1.27,2.24,표준,0,3,0.797,2.81,187,0
1,1,거세,삼원교잡(LYD),62.9,25.0,26.5,66.8,31.4,1553.0,1.26,1.84,표준,1,1,0.678,2.71,196,1
32,1,암,삼원교잡(LYD),76.7,28.8,20.7,60.5,17.7,1579.0,1.68,1.84,고급,1,0,0.749,2.45,192,0
32,4,거세,삼원교잡(LYD),68.6,26.4,13.4,73.8,17.2,1731.0,1.85,2.57,표준,1,3,0.938,2.74,163,0
32,1,암,삼원교잡(LYD),63.9,25.5,20.7,67.5,20.9,1090.0,1.61,1.78,고급,0,1,0.723,2.47,188,0
27,7,암,이원교잡(LY),76.3,23.4,21.1,95.0,7.4,1028.0,1.37,3.06,표준,1,1,0.999,3.06,168,0
19,5,암,삼원교잡(LYD),67.5,25.2,13.8,62.0,9.7,1441.0,0.89,2.27,고급,1,4,0.869,2.61,171,0
29,3,암,삼원교잡(LYD),71.7,26.7,22.2,80.4,13.5,1377.0,1.46,1.99,표준,1,1,0.802,2.48,182,0
12,1,거세,삼원교잡(LYD),74.2,26.4,17.7,81.3,20.9,1387.0,1.47,2.43,저가,1,6,0.783,3.1,187,0
32,4,암,삼원교잡(LYD),72.4,24.7,24.6,70.3,7.2,1146.0,1.49,1.56,표준,1,1,0.728,2.14,196,0
23,2,암,이원교잡(LY),60.0,25.7,21.0,65.4,14.6,1665.0,1.01,2.2,고급,1,1,0.94,2.34,155,0
19,8,암,삼원교잡(LYD),73.5,21.1,29.8,65.9,13.7,1029.0,1.51,2.24,저가,1,1,0.58,3.86,235,0
21,3,암,삼원교잡(LYD),69.5,22.8,21.0,65.1,5.6,1439.0,1.69,1.92,표준,1,4,0.799,2.4,185,0
23,4,거세,이원교잡(LY),68.4,27.1,23.7,76.3,11.9,1347.0,1.05,2.11,표준,1,3,0.813,2.6,176,0
2,1,암,삼원교잡(LYD),69.5,27.5,21.1,56.3,18.3,1483.0,1.47,2.76,저가,0,4,0.811,3.4,177,0
6,2,암,삼원교잡(LYD),61.9,25.3,15.5,63.4,6.1,2093.0,1.1,2.35,표준,1,2,0.84,2.8,169,0
10,2,거세,삼원교잡(LYD),71.0,29.4,21.2,62.2,23.5,843.0,1.27,2.42,표준,1,2,0.859,2.82,171,0
5,1,거세,삼원교잡(LYD),63.2,26.5,25.0,47.7,17.8,500.0,1.06,2.06,고급,1,3,0.883,2.34,163,0
18,6,암,삼원교잡(LYD),68.6,24.3,24.4,73.6,17.1,1203.0,1.21,1.9,고급,1,4,0.776,2.45,186,0
27,8,암,삼원교잡(LYD),70.8,21.3,20.8,75.6,15.0,924.0,1.21,2.23,저가,1,4,0.788,2.83,190,0
27,8,암,삼원교잡(LYD),75.4,29.3,16.2,58.7,8.4,500.0,1.4,1.56,표준,1,2,0.664,2.35,204,0
19,3,거세,삼원교잡(LYD),65.9,27.3,24.6,75.3,11.1,2373.0,1.52,1.97,저가,1,5,0.715,2.76,189,0
35,7,암,이원교잡(LY),77.3,30.4,23.7,49.2,17.2,1780.0,1.6,1.92,표준,1,3,0.682,2.82,201,0
23,5,거세,삼원교잡(LYD),74.7,31.5,25.4,65.2,11.1,1834.0,1.14,1.69,저가,0,3,0.703,2.4,194,0
4,1,암,삼원교잡(LYD),67.9,21.1,20.9,63.7,16.1,1357.0,1.39,2.49,표준,1,5,0.853,2.92,178,0
31,1,거세,삼원교잡(LYD),64.5,21.1,15.3,65.9,9.6,1710.0,1.03,2.26,표준,0,1,0.922,2.45,166,0
23,5,암,삼원교잡(LYD),62.8,18.0,24.1,65.8,17.7,1289.0,1.27,2.11,고급,0,3,0.766,2.76,189,0
26,4,암,삼원교잡(LYD),71.4,27.8,22.0,64.2,18.2,1907.0,1.31,2.5,고급,0,2,0.913,2.74,167,0
23,1,암,삼원교잡(LYD),66.3,27.0,27.6,61.1,5.2,1595.0,1.07,1.81,표준,1,4,0.694,2.6,193,0
23,8,암,이원교잡(LY),76.0,25.3,22.1,63.9,15.4,1482.0,1.44,1.9,표준,0,2,0.768,2.47,193,0
4,6,거세,이원교잡(LY),66.6,21.3,21.8,78.6,5.9,1519.0,1.26,2.64,고급,1,2,1.11,2.37,151,0
23,5,암,이원교잡(LY),65.5,24.7,23.7,59.2,3.8,2233.0,1.34,2.98,표준,1,6,1.016,2.94,154,0
32,8,암,삼원교잡(LYD),71.2,25.6,19.6,87.6,11.4,1584.0,1.61,2.51,표준,1,3,0.873,2.87,174,0
13,8,거세,삼원교잡(LYD),66.6,27.3,19.4,58.6,31.8,985.0,1.19,2.44,표준,0,2,0.798,3.06,176,0
25,8,암,삼원교잡(LYD),70.0,25.8,21.6,67.4,19.7,1668.0,1.51,2.13,표준,0,1,0.742,2.86,190,1
2,3,암,삼원교잡(LYD),74.9,27.0,18.3,70.7,23.4,1745.0,1.66,2.13,표준,1,3,0.82,2.6,182,0
14,8,암,삼원교잡(LYD),70.6,24.6,21.1,62.1,18.7,1428.0,1.65,2.37,표준,1,4,0.779,3.04,187,0
18,5,암,삼원교잡(LYD),70.6,28.5,29.8,78.8,16.2,1474.0,1.25,2.71,표준,1,5,0.766,3.54,183,0
40,6,거세,삼원교잡(LYD),71.0,26.9,26.2,70.5,20.4,967.0,1.06,2.43,표준,1,2,0.788,3.08,183,0
9,7,암,삼원교잡(LYD),61.5,21.4,23.2,63.0,11.2,1549.0,1.12,2.59,표준,1,1,0.875,2.96,168,0
12,2,거세,삼원교잡(LYD),72.0,29.2,28.2,78.7,17.8,893.0,0.9,2.03,고급,1,3,0.749,2.7,187,0
17,4,거세,삼원교잡(LYD),70.8,28.7,18.7,54.8,22.1,1375.0,1.47,2.49,표준,1,3,0.835,2.98,174,0
40,2,거세,삼원교잡(LYD),74.5,26.4,32.0,59.3,19.2,1165.0,1.49,2.1,저가,1,1,0.613,3.42,219,0
35,3,거세,삼원교잡(LYD),73.0,25.8,20.2,70.6,22.5,1991.0,1.33,2.34,고급,1,3,0.956,2.45,166,0
2,4,거세,삼원교잡(LYD),69.0,30.0,30.0,73.0,16.1,2275.0,0.96,2.48,고급,1,4,0.883,2.81,165,0
10,7,암,삼원교잡(LYD),75.2,20.1,30.0,68.2,25.2,928.0,1.21,2.14,저가,1,2,0.55,3.89,248,1
33,7,거세,이원교잡(LY),68.5,28.7,15.0,63.7,13.8,1498.0,1.65,1.99,표준,1,2,0.711,2.81,190,0
3,4,거세,삼원교잡(LYD),71.2,23.6,27.9,62.5,27.7,1345.0,1.45,2.41,표준,1,2,0.678,3.55,206,0
35,3,거세,삼원교잡(LYD),68.4,28.3,20.9,76.3,18.4,1732.0,1.5,2.26,표준,1,2,0.812,2.78,175,0
12,5,암,삼원교잡(LYD),72.3,25.4,19.7,67.4,12.7,1548.0,2.13,2.34,저가,1,1,0.712,3.29,198,0
37,8,거세,삼원교잡(LYD),68.1,21.3,24.1,56.3,7.9,1306.0,1.38,2.5,고급,1,0,0.971,2.57,165,0
12,8,거세,이원교잡(LY),78.2,23.5,18.0,55.7,10.2,1547.0,0.76,2.69,표준,1,7,1.019,2.64,168,0
18,2,암,삼원교잡(LYD),80.1,28.1,24.0,80.1,9.2,1393.0,1.02,2.5,저가,1,1,0.819,3.05,186,0
27,2,거세,이원교잡(LY),74.4,24.4,18.2,57.8,14.5,2295.0,1.38,2.46,고급,1,4,1.034,2.38,162,0
6,6,암,이원교잡(LY),77.7,23.1,22.7,67.7,7.4,1103.0,1.3,2.15,저가,1,2,0.867,2.48,184,0
23,3,거세,삼원교잡(LYD),62.3,23.1,27.3,78.5,22.8,1629.0,1.26,2.2,저가,0,3,0.678,3.24,198,1
21,2,거세,삼원교잡(LYD),62.9,26.9,23.5,70.4,15.7,1755.0,1.26,2.44,표준,1,4,0.825,2.95,170,0
32,1,거세,삼원교잡(LYD),68.4,30.3,20.6,57.4,15.4,1719.0,1.1,2.19,표준,0,1,0.834,2.63,170,0
40,4,암,삼원교잡(LYD),70.2,18.6,24.2,54.8,8.0,1351.0,1.39,2.44,표준,1,2,0.843,2.89,185,0
27,4,거세,삼원교잡(LYD),69.0,33.4,16.4,83.7,10.4,2184.0,1.65,2.06,표준,1,6,0.841,2.44,166,0
17,5,암,삼원교잡(LYD),61.8,25.6,18.6,54.6,2.0,500.0,1.73,2.88,고급,1,1,0.984,2.93,153,0
17,2,거세,삼원교잡(LYD),75.8,26.7,20.3,59.5,24.7,953.0,1.73,2.36,고급,1,2,0.837,2.82,181,0
17,6,암,삼원교잡(LYD),80.8,23.7,25.1,68.7,6.5,1832.0,1.06,2.34,고급,1,4,0.908,2.57,181,0
33,6,거세,삼원교잡(LYD),76.4,25.0,23.6,62.8,6.9,1060.0,1.29,2.16,표준,1,3,0.85,2.54,182,0
13,4,거세,삼원교잡(LYD),75.4,25.6,24.1,70.7,23.5,1031.0,1.22,2.87,표준,1,0,0.935,3.07,171,0
7,2,거세,이원교잡(LY),71.1,21.9,21.9,50.3,17.3,1266.0,1.45,1.92,저가,1,3,0.715,2.69,201,0
14,5,암,삼원교잡(LYD),65.8,22.6,18.8,62.9,15.7,1107.0,1.28,2.09,표준,1,0,0.757,2.76,188,0
1,6,거세,삼원교잡(LYD),70.4,28.6,28.0,71.8,17.0,1819.0,1.24,2.56,표준,1,1,0.852,3.0,172,0
5,3,암,이원교잡(LY),80.5,20.3,19.2,71.8,20.7,1952.0,1.66,2.37,표준,1,1,0.702,3.38,215,0
4,3,암,삼원교잡(LYD),68.2,26.3,23.7,59.3,15.6,1544.0,1.32,2.13,표준,1,2,0.769,2.77,184,0
31,5,암,삼원교잡(LYD),67.7,23.9,21.6,54.8,5.7,2027.0,1.33,2.14,표준,1,2,0.864,2.47,173,0
29,3,거세,삼원교잡(LYD),75.5,22.1,24.3,67.1,19.4,807.0,1.4,2.21,고급,1,1,0.895,2.47,179,0
28,4,암,삼원교잡(LYD),75.9,30.9,19.6,51.9,17.5,1538.0,1.47,2.33,고급,1,2,0.958,2.43,164,0
19,3,암,이원교잡(LY),65.8,22.1,26.2,77.8,22.0,2174.0,1.47,2.77,표준,1,3,0.813,3.4,180,0
29,3,암,삼원교잡(LYD),68.7,21.6,27.5,66.6,7.5,1988.0,1.69,2.48,저가,1,1,0.738,3.36,195,0
7,6,암,삼원교잡(LYD),67.5,24.4,26.0,58.0,10.6,2218.0,0.98,2.61,저가,1,2,0.871,2.99,172,0
37,4,암,삼원교잡(LYD),70.3,22.7,22.6,54.5,17.4,1205.0,1.38,2.17,표준,1,2,0.789,2.75,187,0
21,4,암,삼원교잡(LYD),75.5,25.0,20.3,58.7,9.3,1959.0,1.27,2.45,표준,1,2,0.948,2.59,170,0
38,6,암,삼원교잡(LYD),66.0,25.5,33.0,49.4,2.0,1287.0,1.22,1.83,표준,0,2,0.608,3.02,213,0
7,3,거세,삼원교잡(LYD),75.4,25.7,18.0,69.9,16.2,1798.0,1.49,2.35,표준,1,3,0.88,2.68,177,1
20,1,암,삼원교잡(LYD),70.5,24.6,25.5,57.0,20.4,2155.0,1.62,2.34,고급,1,6,0.806,2.9,183,0
28,7,거세,삼원교잡(LYD),81.6,22.9,23.3,69.0,14.2,1103.0,1.15,2.85,고급,1,3,1.057,2.69,169,0
20,1,암,삼원교잡(LYD),71.6,26.9,21.7,70.4,18.3,572.0,1.72,2.77,고급,1,1,0.966,2.87,163,0
18,5,암,이원교잡(LY),69.5,24.7,22.7,74.7,17.4,2424.0,0.94,2.22,저가,1,6,0.734,3.03,193,0
7,3,거세,삼원교잡(LYD),72.9,23.5,20.0,67.5,15.1,1744.0,1.45,2.05,표준,1,4,0.853,2.41,180,0
16,2,거세,삼원교잡(LYD),68.3,29.4,23.7,76.3,15.8,1446.0,1.08,2.06,표준,1,1,0.902,2.29,163,0
10,1,거세,삼원교잡(LYD),61.0,24.6,23.3,78.9,23.1,1419.0,1.14,2.21,저가,1,2,0.711,3.11,188,0
13,8,거세,이원교잡(LY),68.8,28.3,32.7,67.6,9.2,500.0,1.32,2.69,표준,1,2,0.863,3.12,169,0
28,4,거세,삼원교잡(LYD),68.7,28.7,26.3,68.2,19.6,1604.0,1.2,2.42,표준,1,1,0.846,2.86,171,0
26,3,암,이원교잡(LY),62.0,28.9,24.1,59.4,7.9,1235.0,0.7,2.46,표준,1,3,0.937,2.62,154,0
25,6,암,삼원교잡(LYD),69.6,27.1,24.3,55.1,10.2,1526.0,1.45,2.54,고급,1,3,0.9,2.83,167,0
15,1,암,이원교잡(LY),60.0,25.0,29.4,77.8,22.2,1515.0,1.49,2.0,고급,1,2,0.656,3.05,197,0
39,5,거세,이원교잡(LY),68.3,24.8,18.1,71.1,7.7,500.0,1.26,2.09,표준,1,2,0.912,2.29,167,0
4,4,암,삼원교잡(LYD),71.2,24.3,21.3,71.9,13.6,1745.0,1.24,2.46,고급,1,2,0.937,2.62,168,0
14,5,거세,삼원교잡(LYD),70.5,18.5,14.4,59.1,29.2,1594.0,1.21,2.07,표준,1,2,0.784,2.64,194,0
5,1,암,삼원교잡(LYD),67.9,27.2,24.2,81.2,21.2,1662.0,0.87,1.84,저가,1,5,0.622,2.96,209,0
14,8,거세,삼원교잡(LYD),69.6,25.7,25.4,62.7,10.6,1408.0,0.85,1.98,저가,0,1,0.73,2.71,192,0
39,2,거세,삼원교잡(LYD),66.1,27.5,18.0,57.0,11.6,1524.0,1.5,2.62,표준,1,1,0.97,2.7,156,0
15,6,거세,삼원교잡(LYD),70.1,24.6,27.7,59.3,14.0,1586.0,1.57,2.19,고급,1,2,0.839,2.61,178,0
37,6,암,이원교잡(LY),70.3,27.0,19.1,80.7,22.9,1637.0,1.45,2.37,저가,1,2,0.782,3.03,183,0
20,3,거세,삼원교잡(LYD),65.5,20.9,20.6,53.9,9.0,1738.0,1.39,1.99,저가,1,1,0.779,2.55,186,0
28,2,암,삼원교잡(LYD),71.3,21.5,22.5,57.5,8.6,1641.0,1.5,2.41,표준,1,0,0.872,2.77,179,0
19,3,암,삼원교잡(LYD),71.3,18.0,28.4,94.0,19.3,2425.0,1.48,2.22,저가,1,0,0.67,3.31,216,0
11,7,암,삼원교잡(LYD),69.2,24.6,18.6,74.4,4.9,1137.0,1.1,2.43,저가,1,3,0.907,2.68,169,0
31,8,거세,삼원교잡(LYD),82.1,22.7,23.2,57.7,9.5,1313.0,1.36,2.16,표준,0,1,0.813,2.65,196,0
39,8,거세,삼원교잡(LYD),69.3,22.3,25.1,54.2,14.5,2346.0,1.23,2.45,표준,1,1,0.931,2.63,169,0
11,2,거세,삼원교잡(LYD),68.6,26.0,24.3,48.3,14.8,1423.0,1.23,2.14,저가,1,2,0.748,2.86,188,0
32,5,거세,이원교잡(LY),67.9,23.7,24.4,66.0,6.8,1966.0,1.59,2.28,표준,1,2,0.878,2.59,172,0
11,2,암,삼원교잡(LYD),65.1,20.7,25.0,72.3,17.1,1568.0,1.69,2.22,표준,1,2,0.75,2.96,191,0
29,6,거세,이원교잡(LY),73.4,32.6,19.8,80.2,18.3,1386.0,0.71,2.31,저가,1,0,0.835,2.76,172,0
32,4,거세,삼원교잡(LYD),66.6,24.9,28.8,46.1,11.0,1993.0,1.24,2.38,저가,1,5,0.759,3.14,185,0
18,6,거세,삼원교잡(LYD),67.2,21.8,21.6,51.7,25.0,1759.0,1.22,2.15,고급,1,3,0.818,2.63,181,0
30,6,암,삼원교잡(LYD),67.3,23.0,21.0,63.8,17.0,733.0,1.59,2.26,표준,0,5,0.813,2.79,181,0
11,8,거세,삼원교잡(LYD),65.1,24.5,27.4,92.9,9.0,1587.0,0.94,2.36,저가,1,4,0.796,2.96,179,0
4,4,암,이원교잡(LY),61.2,24.5,19.5,73.9,24.7,1002.0,0.7,2.45,고급,1,1,0.908,2.7,161,0
4,3,거세,삼원교잡(LYD),67.7,28.9,23.3,68.7,11.9,2136.0,1.51,2.28,고급,1,0,0.911,2.5,162,0
18,5,암,삼원교잡(LYD),74.4,24.8,19.1,52.8,16.1,2377.0,1.54,2.03,저가,1,2,0.727,2.8,199,0
37,2,암,이원교잡(LY),71.0,30.6,32.1,43.8,12.1,2437.0,0.85,2.33,표준,1,2,0.706,3.3,191,0
6,1,거세,삼원교잡(LYD),77.8,23.7,31.2,65.4,18.7,1679.0,1.27,2.5,고급,1,2,0.779,3.21,195,0
19,5,거세,삼원교잡(LYD),73.8,26.3,21.6,64.0,12.1,1269.0,1.68,1.9,고급,1,4,0.857,2.22,177,0
29,7,거세,삼원교잡(LYD),72.6,28.1,24.1,62.3,12.5,1661.0,1.03,1.9,저가,1,2,0.708,2.69,195,0
9,5,거세,이원교잡(LY),79.4,28.6,22.0,61.2,14.0,1030.0,1.33,2.1,고급,1,2,0.919,2.29,173,0
29,7,거세,삼원교잡(LYD),69.5,28.9,20.6,57.5,12.0,2673.0,1.43,2.24,고급,0,1,0.952,2.36,160,0
13,2,암,삼원교잡(LYD),70.3,24.2,22.5,55.2,21.4,2097.0,0.94,1.64,저가,1,3,0.636,2.58,213,0
33,4,암,삼원교잡(LYD),69.9,25.0,21.8,78.9,7.5,1652.0,1.16,2.47,저가,0,2,0.862,2.87,174,0
24,5,거세,삼원교잡(LYD),77.7,18.0,15.9,56.1,14.8,1999.0,0.88,2.25,표준,1,1,0.916,2.45,184,0
22,3,암,이원교잡(LY),70.0,24.4,23.1,62.2,15.5,1254.0,1.26,1.59,표준,1,2,0.633,2.52,213,0
8,1,거세,삼원교잡(LYD),66.8,28.3,21.8,64.6,14.3,946.0,1.1,1.97,표준,1,1,0.821,2.4,172,0
19,1,암,삼원교잡(LYD),72.9,27.7,23.2,72.1,20.8,500.0,1.35,2.21,고급,0,2,0.74,2.99,191,0
35,8,거세,삼원교잡(LYD),65.9,24.7,21.7,56.5,6.0,1542.0,1.46,1.77,저가,0,1,0.724,2.44,191,0
1,5,암,이원교잡(LY),72.7,30.1,20.6,74.8,18.4,1396.0,1.65,2.59,표준,1,2,0.84,3.09,174,0
31,3,암,삼원교잡(LYD),72.1,23.8,25.5,59.2,7.5,1760.0,1.88,2.36,표준,1,1,0.816,2.89,184,0
20,3,거세,이원교잡(LY),69.1,22.9,24.1,63.4,11.9,1507.0,1.35,2.5,표준,0,3,0.914,2.74,170,0
29,1,거세,삼원교잡(LYD),72.8,23.6,27.6,81.4,6.9,1737.0,1.22,1.99,표준,1,3,0.828,2.41,183,0
27,8,거세,이원교잡(LY),62.6,21.6,24.0,55.3,13.0,1906.0,1.21,2.42,고급,1,4,0.944,2.57,161,0
18,1,암,삼원교잡(LYD),70.8,26.9,21.2,72.2,11.5,770.0,1.06,2.1,표준,0,2,0.813,2.58,179,1
13,7,암,삼원교잡(LYD),67.7,25.9,24.5,75.0,24.8,1934.0,1.41,2.24,표준,1,3,0.768,2.92,184,0
26,2,암,삼원교잡(LYD),84.3,26.8,14.1,68.1,16.4,1297.0,1.18,2.41,저가,1,2,0.858,2.8,187,0
6,3,암,삼원교잡(LYD),70.8,23.8,30.4,63.8,17.6,1759.0,1.43,2.28,저가,1,4,0.634,3.59,215,0
24,3,암,이원교잡(LY),67.0,24.8,23.1,86.3,8.4,2011.0,1.07,2.54,고급,1,1,0.97,2.62,160,0
4,7,거세,이원교잡(LY),63.1,18.5,30.7,64.9,19.4,2015.0,1.18,2.34,표준,1,2,0.745,3.14,193,0
26,1,암,삼원교잡(LYD),76.5,26.1,18.5,67.0,24.8,1565.0,1.41,2.16,표준,0,2,0.742,2.91,196,0
26,3,암,이원교잡(LY),68.2,25.3,17.5,61.6,20.2,1589.0,1.27,2.55,표준,1,5,0.904,2.82,167,0
4,3,거세,삼원교잡(LYD),66.0,21.7,23.5,66.5,7.1,1946.0,0.82,2.62,저가,1,3,0.932,2.81,166,0
31,3,암,삼원교잡(LYD),71.7,24.7,23.5,74.6,12.2,749.0,1.3,2.33,표준,1,3,0.803,2.9,184,0
17,2,거세,삼원교잡(LYD),73.2,24.2,23.4,62.2,15.7,1024.0,1.1,2.7,표준,1,3,1.076,2.51,158,0
32,8,거세,삼원교잡(LYD),73.2,30.3,22.7,43.9,11.5,1360.0,1.6,2.23,표준,1,0,0.825,2.7,176,0
2,4,암,삼원교잡(LYD),70.1,21.8,19.5,70.1,30.2,834.0,1.54,2.26,고급,1,2,0.838,2.7,181,1
8,4,거세,삼원교잡(LYD),70.8,26.0,16.1,54.2,12.1,1364.0,0.73,2.3,고급,1,2,0.981,2.34,161,0
20,4,거세,삼원교잡(LYD),71.2,21.7,23.1,72.4,14.7,1337.0,1.5,2.26,고급,1,3,0.935,2.42,171,0
8,8,거세,삼원교잡(LYD),71.7,23.3,16.9,65.0,11.4,1544.0,1.4,2.21,표준,1,4,0.809,2.73,185,0
14,3,암,이원교잡(LY),72.1,25.8,16.5,74.4,16.4,1472.0,0.93,2.09,표준,0,4,0.861,2.42,176,0
27,3,암,삼원교잡(LYD),75.5,24.4,20.5,55.5,23.3,2035.0,1.52,2.0,표준,1,2,0.728,2.75,200,0
6,3,거세,삼원교잡(LYD),70.3,25.0,23.7,59.6,15.7,1787.0,0.98,2.33,표준,1,4,0.869,2.69,174,0
28,3,거세,삼원교잡(LYD),65.9,26.0,30.0,61.6,13.7,1464.0,1.59,2.66,고급,0,2,0.814,3.27,175,0
5,1,거세,삼원교잡(LYD),69.3,23.5,25.9,50.2,8.6,1333.0,1.14,2.54,표준,1,3,0.837,3.04,179,0
8,5,암,삼원교잡(LYD),73.8,27.7,27.7,76.1,22.3,1476.0,0.92,2.42,고급,1,2,0.841,2.87,178,0
24,1,거세,삼원교잡(LYD),61.1,24.1,24.6,48.7,14.1,1485.0,1.83,2.67,표준,1,7,0.879,3.04,165,0
32,2,암,삼원교잡(LYD),61.1,24.7,23.5,76.0,13.9,2759.0,0.91,2.31,표준,1,5,0.828,2.78,170,0
7,2,암,삼원교잡(LYD),74.6,26.1,32.0,69.2,2.0,771.0,1.1,2.0,고급,1,3,0.692,2.89,203,0
12,3,거세,이원교잡(LY),77.6,25.7,16.7,63.0,14.2,1037.0,1.15,2.2,표준,1,4,0.877,2.5,179,0
38,7,암,이원교잡(LY),63.7,26.9,20.3,68.5,12.6,964.0,1.19,2.28,표준,1,0,0.857,2.66,166,0
40,5,암,삼원교잡(LYD),70.5,26.0,20.7,68.2,4.0,1635.0,1.47,2.15,고급,1,3,0.923,2.32,167,0
24,8,암,이원교잡(LY),68.0,26.4,25.6,61.0,20.9,1615.0,1.31,2.48,표준,1,7,0.823,3.02,176,0
18,3,거세,이원교잡(LY),68.7,24.0,18.1,68.0,11.8,1213.0,1.55,2.58,고급,1,2,0.97,2.66,162,0
14,8,암,삼원교잡(LYD),71.5,21.8,25.1,72.3,26.4,1948.0,1.39,1.78,표준,1,1,0.567,3.14,236,0
25,1,암,삼원교잡(LYD),63.5,20.7,24.3,55.6,23.5,1685.0,0.88,2.26,고급,1,1,0.83,2.72,177,0
24,5,암,삼원교잡(LYD),64.5,20.0,25.3,68.5,10.7,1969.0,1.44,1.5,저가,1,1,0.587,2.56,226,0
12,7,암,삼원교잡(LYD),68.5,30.3,25.2,38.7,23.2,2102.0,1.36,2.27,고급,1,3,0.805,2.82,174,1
1,5,거세,삼원교잡(LYD),69.3,18.4,28.2,45.7,24.7,500.0,1.14,2.27,저가,0,6,0.607,3.74,229,0
7,8,암,이원교잡(LY),64.4,28.6,21.8,70.6,11.6,1843.0,1.82,2.83,고급,1,3,1.006,2.82,150,0
39,3,암,삼원교잡(LYD),73.9,22.5,24.1,60.8,8.8,855.0,1.45,2.74,표준,1,3,0.876,3.13,179,0
17,1,거세,삼원교잡(LYD),67.9,28.6,19.1,56.5,2.1,1625.0,1.54,2.58,표준,1,4,0.985,2.62,156,0
20,7,거세,삼원교잡(LYD),67.9,18.4,18.1,64.5,17.3,1464.0,1.54,2.01,고급,1,4,0.891,2.26,176,0
19,1,거세,삼원교잡(LYD),71.4,24.3,29.1,61.0,9.2,1485.0,1.19,1.99,고급,1,4,0.695,2.87,202,0
32,7,암,삼원교잡(LYD),69.4,29.4,18.8,55.1,17.5,898.0,1.46,1.97,고급,1,3,0.851,2.32,170,0
3,6,거세,이원교잡(LY),74.2,27.1,24.6,48.6,11.6,2015.0,1.38,2.76,표준,1,0,0.922,2.99,169,0
4,7,암,삼원교잡(LYD),65.3,24.0,24.1,45.3,10.3,855.0,1.16,2.03,표준,1,5,0.807,2.51,178,0
12,4,거세,삼원교잡(LYD),63.0,19.2,26.7,72.4,11.6,1875.0,0.99,2.18,표준,1,2,0.852,2.56,175,0
20,8,거세,삼원교잡(LYD),68.5,21.0,15.4,60.8,7.2,784.0,1.31,2.03,표준,1,2,0.82,2.48,183,0
27,2,암,삼원교잡(LYD),70.3,29.2,25.6,74.7,11.6,1491.0,1.45,1.92,고급,1,0,0.777,2.47,181,0
20,4,거세,삼원교잡(LYD),63.8,24.0,21.8,60.7,10.6,2402.0,1.3,2.4,표준,1,3,0.91,2.64,164,0
18,1,암,삼원교잡(LYD),63.1,24.8,19.6,68.5,14.9,2681.0,1.25,2.35,표준,1,3,0.769,3.05,180,0
38,7,거세,삼원교잡(LYD),70.9,25.9,21.0,63.7,15.6,691.0,1.31,1.63,고급,1,4,0.85,1.92,176,0
7,6,암,삼원교잡(LYD),66.2,21.1,26.1,65.4,8.6,1148.0,1.23,1.91,표준,1,3,0.681,2.8,204,0
23,7,거세,이원교잡(LY),62.7,26.2,24.9,65.9,21.6,1239.0,1.69,2.38,고급,1,4,0.95,2.5,156,1
22,7,암,삼원교잡(LYD),74.8,23.7,21.5,60.5,14.0,2628.0,1.37,2.28,표준,1,1,0.868,2.63,180,0
19,3,암,삼원교잡(LYD),66.8,25.9,17.4,52.7,24.0,1466.0,1.18,2.18,저가,0,1,0.652,3.34,203,0
33,1,거세,삼원교잡(LYD),75.7,23.3,17.7,72.7,16.4,2037.0,0.85,2.48,표준,0,2,0.935,2.66,174,0
11,8,거세,이원교잡(LY),70.1,20.3,25.0,80.9,15.4,1650.0,1.25,1.87,표준,1,3,0.772,2.42,193,0
39,4,거세,삼원교잡(LYD),71.5,23.7,16.9,81.6,12.1,900.0,1.16,2.12,표준,0,1,0.898,2.36,173,0
14,1,암,삼원교잡(LYD),68.9,26.9,21.5,59.5,18.7,570.0,1.15,2.46,표준,1,0,0.845,2.91,173,0
22,8,암,삼원교잡(LYD),60.0,26.2,32.7,57.7,15.2,1193.0,1.54,2.11,표준,1,2,0.582,3.62,213,0
21,8,거세,삼원교잡(LYD),64.3,25.1,23.8,59.5,20.2,2658.0,1.32,2.39,저가,0,3,0.813,2.94,175,0
34,4,거세,삼원교잡(LYD),69.4,27.7,25.0,63.2,24.6,1629.0,0.88,1.96,저가,1,1,0.704,2.78,193,0
18,7,암,삼원교잡(LYD),71.8,24.4,17.8,64.5,10.6,2027.0,1.45,2.05,고급,1,1,0.774,2.65,189,1
12,1,암,삼원교잡(LYD),61.1,25.2,17.1,55.0,18.7,791.0,0.9,1.77,표준,1,2,0.739,2.39,183,0
1,1,암,삼원교잡(LYD),69.7,23.6,25.2,50.2,18.5,1337.0,1.47,1.68,표준,1,1,0.688,2.45,203,0
15,3,거세,삼원교잡(LYD),64.4,27.9,20.9,65.5,17.7,1889.0,1.18,2.16,표준,1,3,0.863,2.5,165,0
34,6,암,삼원교잡(LYD),71.2,25.9,26.7,35.0,12.4,954.0,1.32,2.44,고급,1,2,0.804,3.03,182,0
1,2,암,삼원교잡(LYD),69.9,23.3,22.6,64.0,12.5,1468.0,1.29,2.27,저가,1,6,0.778,2.91,188,0
36,1,거세,삼원교잡(LYD),73.7,20.5,33.0,55.6,11.5,1060.0,1.26,2.65,표준,1,5,0.758,3.49,198,0
22,6,거세,삼원교잡(LYD),75.3,28.3,20.1,72.8,11.4,1913.0,1.35,2.18,고급,1,0,0.924,2.36,169,0
6,7,거세,삼원교잡(LYD),72.3,22.8,23.6,75.5,10.0,1699.0,1.32,1.66,고급,1,1,0.819,2.03,185,0
13,6,암,삼원교잡(LYD),74.3,25.2,18.8,75.7,14.4,1842.0,1.77,2.4,표준,1,1,0.849,2.83,180,0
23,7,거세,삼원교잡(LYD),68.2,32.1,26.5,61.5,10.5,1936.0,1.36,1.98,표준,1,4,0.819,2.41,170,0
13,7,암,삼원교잡(LYD),84.1,27.4,24.2,53.6,17.6,1386.0,1.36,2.34,표준,0,1,0.801,2.92,193,0
5,5,암,이원교잡(LY),63.9,29.8,18.6,56.9,15.3,2002.0,1.12,1.61,고급,1,2,0.694,2.33,187,0
27,5,암,이원교잡(LY),67.4,23.4,21.1,67.9,16.0,1205.0,1.4,2.22,고급,1,4,0.895,2.48,170,0
27,7,암,삼원교잡(LYD),74.5,28.2,27.9,48.5,13.4,1813.0,1.04,2.51,표준,1,3,0.788,3.18,185,0
5,3,거세,삼원교잡(LYD),73.8,25.1,27.4,78.9,15.4,515.0,1.59,2.47,표준,0,2,0.798,3.1,186,0
12,1,암,삼원교잡(LYD),72.4,26.1,16.7,61.7,13.5,1127.0,0.93,2.22,고급,1,3,0.876,2.54,174,0
10,7,거세,삼원교잡(LYD),73.4,31.1,20.5,70.0,19.7,2658.0,1.09,2.28,표준,1,4,0.885,2.58,168,0
27,3,암,삼원교잡(LYD),60.0,24.2,29.7,47.2,12.3,1805.0,0.89,2.15,고급,0,1,0.78,2.76,176,0
30,8,암,이원교잡(LY),77.9,25.1,21.7,55.7,17.3,1806.0,1.4,2.21,저가,1,1,0.774,2.85,194,0
30,4,암,이원교잡(LY),69.0,22.3,23.1,45.9,7.2,1088.0,1.19,2.49,저가,1,2,0.8,3.11,185,0
38,7,암,삼원교잡(LYD),76.2,27.7,26.5,75.2,19.3,953.0,1.47,2.08,고급,1,1,0.684,3.04,204,0
31,1,거세,삼원교잡(LYD),60.0,23.3,17.1,63.4,11.6,1368.0,1.06,2.1,저가,1,3,0.829,2.54,171,0
13,6,암,삼원교잡(LYD),71.3,28.1,18.6,70.7,9.5,1466.0,1.43,1.83,표준,0,4,0.732,2.49,190,0
5,4,암,삼원교잡(LYD),67.2,20.1,21.1,65.6,8.2,2457.0,1.44,2.49,저가,1,1,0.898,2.78,173,0
25,4,암,삼원교잡(LYD),72.9,26.6,27.2,69.7,7.7,2009.0,1.35,2.2,표준,0,0,0.728,3.03,194,0
37,3,거세,이원교잡(LY),71.6,23.1,26.5,61.6,12.1,1554.0,1.31,1.92,저가,1,1,0.708,2.71,201,0
40,8,거세,이원교잡(LY),71.8,27.2,25.3,63.0,24.0,1533.0,1.33,2.55,표준,1,1,0.877,2.9,172,0
10,4,암,삼원교잡(LYD),64.7,25.0,21.8,64.1,11.1,1879.0,1.07,2.27,고급,1,5,0.857,2.65,170,0
10,7,거세,삼원교잡(LYD),69.7,23.4,26.9,69.1,2.0,841.0,1.03,2.06,저가,1,2,0.71,2.9,199,0
2,4,암,삼원교잡(LYD),69.1,23.8,21.8,69.3,17.2,539.0,1.44,2.55,저가,1,2,0.858,2.97,175,0
6,1,암,이원교잡(LY),72.5,22.4,24.7,93.1,8.3,1872.0,1.21,2.18,고급,1,5,0.871,2.5,179,0
23,8,암,삼원교잡(LYD),74.9,27.5,26.0,81.8,19.9,1536.0,1.41,1.81,표준,1,1,0.689,2.63,202,0
22,2,거세,삼원교잡(LYD),70.8,21.9,29.2,47.2,12.5,844.0,1.69,2.57,저가,1,4,0.845,3.04,181,0
15,3,암,삼원교잡(LYD),63.6,24.2,22.2,63.6,13.4,500.0,1.19,2.03,표준,1,1,0.778,2.61,180,0
13,7,거세,삼원교잡(LYD),70.5,26.0,20.9,60.9,22.2,1947.0,1.15,3.19,표준,1,3,1.054,3.03,155,0
34,8,거세,삼원교잡(LYD),83.1,29.8,27.6,77.8,18.7,1239.0,1.22,2.15,고급,0,5,0.742,2.9,198,0
19,8,암,삼원교잡(LYD),78.2,25.0,27.9,61.8,7.5,1700.0,1.31,1.68,표준,1,8,0.648,2.59,217,0
33,4,거세,삼원교잡(LYD),60.0,24.3,20.2,69.6,8.4,1368.0,1.45,2.81,표준,1,2,0.938,3.0,157,0
39,7,거세,이원교잡(LY),70.3,25.8,18.0,41.6,4.3,1483.0,1.29,2.27,표준,1,2,0.873,2.6,172,0
13,3,거세,삼원교잡(LYD),74.7,18.8,27.3,49.9,30.6,1204.0,1.82,2.36,표준,1,2,0.742,3.18,204,0
9,6,암,삼원교잡(LYD),69.1,21.4,15.8,85.9,9.8,1462.0,1.41,2.4,표준,1,0,0.814,2.95,184,0
39,5,암,삼원교잡(LYD),67.7,23.9,15.6,65.5,22.0,1789.0,1.5,1.88,고급,1,5,0.729,2.57,193,0
26,1,거세,삼원교잡(LYD),68.7,22.9,21.3,55.0,11.8,1362.0,1.29,1.63,표준,1,3,0.754,2.17,191,0
12,4,거세,삼원교잡(LYD),72.8,20.2,22.4,67.4,8.5,1334.0,1.55,2.87,고급,1,1,1.047,2.74,163,0
25,4,암,삼원교잡(LYD),64.3,27.6,17.8,54.5,15.1,1804.0,1.25,1.81,표준,1,1,0.627,2.89,204,0
21,3,거세,삼원교잡(LYD),75.9,25.8,22.9,62.2,13.0,1837.0,1.14,2.78,저가,1,0,0.982,2.82,167,0
37,3,암,이원교잡(LY),69.7,25.4,23.1,50.5,19.8,931.0,1.53,2.44,표준,1,1,0.814,3.0,180,0
11,5,암,삼원교잡(LYD),65.3,22.9,20.1,57.1,19.9,1486.0,1.29,2.34,고급,1,5,0.891,2.62,169,0
40,1,암,삼원교잡(LYD),75.6,25.2,30.1,60.8,11.5,1238.0,1.36,2.14,저가,1,6,0.618,3.47,221,0
38,2,암,삼원교잡(LYD),62.3,26.5,23.7,76.2,6.4,1507.0,1.55,2.98,고급,1,3,1.037,2.87,148,0
8,7,암,삼원교잡(LYD),67.2,24.2,26.5,69.6,7.8,2217.0,1.33,2.08,고급,1,4,0.803,2.59,180,0
7,3,암,삼원교잡(LYD),67.1,26.3,16.2,71.4,2.0,1679.0,1.26,2.08,저가,1,4,0.754,2.77,185,0
22,5,거세,이원교잡(LY),80.7,22.6,16.1,64.7,13.4,2582.0,1.17,2.49,고급,1,4,0.965,2.57,176,0
2,5,거세,이원교잡(LY),66.6,25.3,23.8,73.2,14.9,1610.0,1.57,2.08,표준,1,2,0.766,2.72,184,0
12,5,암,이원교잡(LY),60.0,28.4,29.4,56.3,8.1,1417.0,1.21,1.98,저가,1,0,0.717,2.76,181,0
18,4,거세,삼원교잡(LYD),67.1,28.7,18.0,57.7,7.4,1490.0,1.29,2.27,고급,1,3,1.0,2.27,153,0
39,4,암,삼원교잡(LYD),72.3,29.0,22.6,69.1,14.9,1571.0,1.37,2.49,표준,1,2,0.928,2.68,165,0
40,7,암,삼원교잡(LYD),73.9,25.9,17.1,62.2,11.2,1661.0,1.37,2.85,표준,1,2,0.993,2.87,164,0
7,8,암,삼원교잡(LYD),81.4,25.1,19.1,64.9,13.7,1004.0,1.55,2.91,표준,0,1,0.918,3.17,179,0
36,3,거세,삼원교잡(LYD),77.0,23.7,22.8,63.4,12.8,1383.0,1.28,1.75,표준,1,2,0.767,2.28,196,0
4,6,거세,이원교잡(LY),70.9,19.6,20.0,77.5,16.5,1138.0,1.64,2.6,표준,1,3,0.93,2.79,173,0
30,8,암,삼원교잡(LYD),65.5,21.0,16.8,78.1,11.6,2015.0,1.24,1.99,저가,1,0,0.692,2.87,201,0
34,1,거세,삼원교잡(LYD),78.1,24.5,16.7,58.7,12.1,537.0,1.39,2.0,저가,1,5,0.795,2.52,192,0
36,7,암,이원교잡(LY),68.2,24.7,14.5,47.4,3.7,1578.0,1.25,2.12,표준,1,1,0.771,2.75,185,0
9,4,암,삼원교잡(LYD),66.7,29.2,23.9,57.9,14.7,741.0,1.82,2.1,표준,1,0,0.695,3.03,190,0
36,8,암,삼원교잡(LYD),67.9,28.9,24.4,56.0,15.5,1716.0,1.21,1.96,표준,1,2,0.673,2.92,196,0
5,5,암,삼원교잡(LYD),63.7,22.9,24.4,73.3,13.9,1301.0,1.23,1.59,표준,1,3,0.635,2.5,209,0
21,7,거세,이원교잡(LY),67.7,27.5,18.4,74.2,26.5,592.0,1.33,2.72,고급,1,2,0.964,2.82,158,0
19,2,거세,삼원교잡(LYD),68.8,23.6,26.0,54.7,16.0,1971.0,1.23,2.55,표준,1,6,0.858,2.98,175,0
13,2,암,삼원교잡(LYD),73.7,27.0,24.8,57.5,14.1,500.0,1.38,2.28,표준,1,0,0.788,2.89,185,0
1,8,거세,삼원교잡(LYD),68.1,27.4,22.0,50.2,18.0,1484.0,1.61,1.99,표준,1,2,0.758,2.63,184,0
31,5,거세,삼원교잡(LYD),63.7,28.7,21.4,66.3,27.7,1846.0,1.34,2.66,고급,1,2,1.012,2.62,149,0
14,5,거세,삼원교잡(LYD),62.0,23.5,19.4,64.6,16.5,2188.0,1.35,2.27,표준,0,0,0.805,2.82,176,0
27,2,거세,삼원교잡(LYD),71.0,28.0,22.8,72.9,2.0,695.0,1.24,2.11,저가,1,4,0.803,2.63,179,0
17,2,암,삼원교잡(LYD),70.4,19.4,28.5,70.0,17.6,1242.0,1.17,1.79,고급,1,2,0.642,2.79,219,0
15,7,거세,삼원교잡(LYD),67.2,28.9,26.6,71.1,9.7,2042.0,1.32,2.45,표준,1,2,0.865,2.83,167,0
36,3,암,삼원교잡(LYD),67.7,24.9,21.0,49.6,3.5,2076.0,1.3,2.18,고급,1,3,0.949,2.3,163,0
4,5,거세,삼원교잡(LYD),71.9,25.0,24.2,58.7,25.2,2140.0,1.59,2.36,표준,1,4,0.817,2.89,182,0
30,3,암,삼원교잡(LYD),77.0,18.9,17.6,74.5,23.9,2781.0,1.06,2.34,고급,1,5,0.794,2.94,198,0
30,3,거세,이원교잡(LY),66.1,23.8,24.9,59.6,9.6,1246.0,1.66,2.48,저가,1,1,0.859,2.88,172,0
16,2,암,삼원교잡(LYD),70.4,29.1,18.7,48.7,9.6,1686.0,1.26,2.35,표준,1,2,0.873,2.69,169,0
11,8,거세,삼원교잡(LYD),74.8,23.7,24.8,73.1,16.0,1327.0,1.34,2.19,저가,1,2,0.748,2.93,197,0
1,8,암,삼원교잡(LYD),66.1,27.1,33.0,59.2,9.7,512.0,1.03,2.45,고급,1,2,0.777,3.16,179,0
38,1,거세,삼원교잡(LYD),69.9,25.1,19.7,75.6,14.2,1455.0,1.44,2.57,저가,1,1,0.949,2.71,165,0
38,3,거세,삼원교잡(LYD),69.8,28.2,33.0,64.8,10.7,503.0,1.06,2.75,고급,1,5,0.855,3.21,171,0
10,5,거세,삼원교잡(LYD),63.4,25.6,24.0,62.2,12.6,1240.0,1.39,1.95,고급,1,4,0.891,2.19,164,0
2,4,암,삼원교잡(LYD),70.8,22.2,19.0,78.6,6.6,766.0,1.37,2.62,저가,1,2,0.923,2.84,171,0
5,6,암,삼원교잡(LYD),70.2,25.2,18.8,52.0,20.0,1719.0,1.22,1.81,표준,1,1,0.704,2.57,198,0
3,3,거세,이원교잡(LY),72.8,29.8,31.5,79.3,22.2,1111.0,0.78,2.59,표준,1,4,0.741,3.49,188,0
34,1,거세,삼원교잡(LYD),64.1,26.5,24.0,58.6,14.4,607.0,1.84,2.11,표준,1,2,0.85,2.48,168,0
36,3,암,삼원교잡(LYD),70.0,24.7,19.7,66.6,14.8,1933.0,1.04,2.54,표준,1,2,0.929,2.73,167,0
7,5,암,삼원교잡(LYD),76.9,31.8,21.2,66.7,18.8,1198.0,1.37,2.73,고급,1,3,0.994,2.75,161,0
30,2,거세,삼원교잡(LYD),80.4,28.5,23.7,60.7,15.0,1284.0,1.12,2.35,저가,1,4,0.838,2.81,184,0
8,7,암,삼원교잡(LYD),76.4,27.5,22.0,57.4,25.4,1011.0,1.56,2.29,표준,0,2,0.808,2.83,185,1
15,1,암,삼원교잡(LYD),64.1,26.0,23.4,61.3,7.1,2075.0,1.21,2.27,저가,0,7,0.741,3.06,184,0
24,1,암,삼원교잡(LYD),72.3,27.2,29.1,54.9,20.2,1635.0,1.11,2.16,표준,1,2,0.704,3.07,197,0
29,5,거세,삼원교잡(LYD),67.6,27.3,17.5,84.6,14.3,1193.0,1.45,2.64,표준,0,2,0.91,2.9,164,0
35,5,거세,삼원교잡(LYD),71.4,18.5,24.6,60.2,8.3,543.0,0.98,2.27,표준,1,0,0.822,2.76,189,0
2,3,거세,삼원교잡(LYD),66.1,26.2,21.7,76.6,28.5,2755.0,1.2,1.65,고급,1,1,0.726,2.27,189,0
8,3,암,삼원교잡(LYD),61.4,24.5,20.0,75.3,29.3,2490.0,1.47,2.57,저가,1,2,0.787,3.26,176,0
12,1,거세,이원교잡(LY),68.3,23.5,26.3,68.6,13.8,2222.0,1.68,2.55,저가,1,0,0.823,3.1,179,0
13,6,암,삼원교잡(LYD),73.6,24.4,16.2,63.6,17.7,1148.0,1.06,2.31,표준,1,1,0.827,2.8,183,0
40,4,암,삼원교잡(LYD),71.4,20.3,12.5,66.9,12.2,1250.0,1.15,2.06,저가,1,3,0.685,3.01,210,0
32,1,암,삼원교잡(LYD),72.0,19.6,22.9,70.7,13.1,1700.0,1.39,1.95,고급,0,1,0.799,2.44,191,0
13,4,거세,삼원교잡(LYD),71.1,28.7,21.4,66.0,8.2,1053.0,0.8,2.06,고급,1,1,0.982,2.1,159,0
39,8,거세,이원교잡(LY),72.0,26.4,16.6,49.3,7.3,1005.0,1.64,2.36,고급,1,2,1.049,2.25,157,0
20,3,거세,이원교잡(LY),72.6,18.0,15.2,46.8,26.1,2229.0,1.05,1.75,표준,1,1,0.69,2.53,213,0
21,8,암,이원교잡(LY),68.6,23.3,29.7,80.1,14.8,1472.0,1.19,2.43,표준,1,4,0.776,3.13,187,0
18,3,암,삼원교잡(LYD),70.4,27.6,23.9,38.7,15.3,940.0,1.37,2.32,고급,1,0,0.893,2.6,168,0
6,2,거세,삼원교잡(LYD),78.7,24.2,22.1,67.0,10.1,1976.0,1.31,2.69,표준,1,2,1.007,2.67,169,0
38,3,암,이원교잡(LY),70.7,28.7,30.8,62.7,16.1,1213.0,1.06,2.51,표준,1,3,0.684,3.67,197,0
1,3,거세,삼원교잡(LYD),70.2,28.1,26.1,66.6,6.0,510.0,1.73,2.08,표준,1,1,0.849,2.45,173,0
7,1,거세,삼원교잡(LYD),70.5,20.9,29.1,53.6,10.4,933.0,0.7,1.79,고급,1,2,0.78,2.3,191,0
10,5,거세,삼원교잡(LYD),68.9,24.6,17.3,68.5,7.8,1242.0,1.02,2.05,고급,1,2,0.897,2.29,170,0
12,3,암,삼원교잡(LYD),67.8,23.7,17.1,67.1,22.8,1610.0,1.14,2.71,표준,1,5,0.843,3.22,176,1
6,6,거세,삼원교잡(LYD),71.0,20.8,24.5,92.6,5.1,1586.0,1.06,2.39,고급,1,1,0.997,2.4,165,0
1,4,거세,삼원교잡(LYD),67.5,20.6,23.7,66.3,7.9,2114.0,1.6,2.48,표준,1,2,0.885,2.8,174,0
28,4,암,이원교잡(LY),69.3,22.6,27.0,78.5,2.7,1381.0,0.89,2.11,표준,1,3,0.756,2.79,192,0
39,4,암,이원교잡(LY),66.0,23.1,15.5,50.0,9.7,1267.0,1.69,2.45,저가,1,4,0.761,3.21,187,0
5,2,거세,이원교잡(LY),70.5,25.8,24.8,75.2,12.2,2123.0,1.23,1.84,고급,1,1,0.825,2.23,179,0
12,6,거세,삼원교잡(LYD),72.9,28.1,26.0,67.3,20.9,1989.0,0.96,2.58,고급,1,1,0.968,2.67,163,0
21,1,암,삼원교잡(LYD),68.9,26.5,25.7,67.7,13.7,1393.0,0.77,1.95,표준,0,1,0.695,2.81,196,0
38,6,거세,삼원교잡(LYD),60.0,27.3,20.4,67.8,12.5,1646.0,1.25,1.71,고급,1,4,0.824,2.07,166,0
28,8,거세,이원교잡(LY),73.0,24.2,24.1,82.1,16.8,1262.0,1.12,2.98,표준,0,0,0.998,2.99,164,0
31,7,암,삼원교잡(LYD),70.6,26.8,18.9,67.6,12.3,919.0,1.36,2.34,표준,1,2,0.808,2.9,180,0
24,4,거세,이원교잡(LY),65.0,24.6,20.8,57.2,29.5,2599.0,1.19,2.33,고급,1,1,0.884,2.64,167,0
17,3,암,삼원교잡(LYD),73.9,23.7,17.8,58.8,11.5,1229.0,1.54,1.74,저가,1,1,0.625,2.78,220,0
8,7,거세,삼원교잡(LYD),63.0,30.7,19.0,73.2,17.5,1647.0,1.26,2.49,표준,0,3,0.906,2.74,156,0
35,3,거세,삼원교잡(LYD),75.2,18.0,21.0,69.5,20.0,742.0,1.19,2.57,표준,0,2,0.983,2.61,174,0
33,4,거세,삼원교잡(LYD),69.7,19.4,20.0,49.7,11.3,1868.0,1.54,2.24,저가,1,2,0.778,2.88,193,0
2,7,거세,이원교잡(LY),60.0,26.1,19.0,70.1,16.0,897.0,1.36,2.57,저가,1,2,0.893,2.87,159,0
29,8,거세,삼원교잡(LYD),70.9,24.2,16.8,54.2,12.0,2339.0,1.49,2.65,고급,1,1,0.999,2.65,162,0
4,8,거세,삼원교잡(LYD),68.0,20.7,29.8,69.4,16.6,2399.0,1.59,2.46,표준,1,2,0.766,3.21,191,0
30,1,암,삼원교잡(LYD),67.2,21.8,20.0,56.9,15.6,1783.0,1.23,1.65,표준,1,5,0.667,2.47,207,0
34,8,암,이원교잡(LY),66.3,22.2,23.3,62.2,14.2,1557.0,1.31,1.95,표준,1,2,0.789,2.48,184,0
6,1,거세,삼원교잡(LYD),69.4,27.7,15.0,59.6,8.1,1406.0,1.51,2.81,표준,1,3,0.889,3.16,168,0
18,5,암,삼원교잡(LYD),67.6,28.6,27.4,80.2,26.2,1476.0,0.7,2.32,표준,1,2,0.688,3.38,193,0
5,8,암,삼원교잡(LYD),60.7,29.9,22.7,69.0,18.5,1705.0,1.27,2.33,표준,0,3,0.844,2.75,161,0
23,6,암,삼원교잡(LYD),76.4,20.2,20.2,77.6,5.5,1545.0,1.24,2.05,표준,1,1,0.862,2.38,186,0
38,8,거세,삼원교잡(LYD),68.8,20.9,20.3,94.0,12.5,1991.0,1.39,2.11,고급,1,0,0.983,2.14,164,0
4,3,거세,이원교잡(LY),66.3,20.7,25.5,65.5,5.6,1041.0,1.1,2.66,표준,1,1,0.976,2.72,163,0
16,3,거세,삼원교잡(LYD),64.4,28.9,10.2,80.0,19.6,2264.0,1.57,2.75,고급,1,3,0.975,2.82,153,1
39,3,거세,삼원교잡(LYD),73.9,26.3,18.7,58.0,14.9,1289.0,1.12,2.54,표준,1,1,0.868,2.93,176,0
13,3,거세,삼원교잡(LYD),63.5,25.2,21.5,77.5,15.0,1127.0,1.19,2.47,고급,1,2,0.999,2.47,153,0
6,6,암,삼원교잡(LYD),70.7,25.7,21.5,56.9,9.9,1681.0,1.13,2.49,표준,1,1,0.929,2.68,167,0
20,4,암,삼원교잡(LYD),67.1,24.8,32.0,64.8,13.1,1713.0,1.61,2.28,고급,1,1,0.688,3.31,198,0
21,6,거세,이원교잡(LY),67.4,21.6,20.6,70.4,19.7,632.0,0.78,1.94,표준,1,4,0.816,2.38,182,0
27,4,거세,삼원교잡(LYD),64.5,26.5,26.0,71.9,21.3,1259.0,1.75,1.87,표준,1,5,0.737,2.54,185,0
13,3,거세,삼원교잡(LYD),66.9,24.4,29.2,52.3,20.1,500.0,1.67,2.69,표준,1,3,0.876,3.08,170,0
39,2,거세,삼원교잡(LYD),70.0,21.4,24.7,56.3,5.7,1162.0,1.16,2.29,표준,1,3,0.904,2.53,174,0
21,5,암,삼원교잡(LYD),71.2,26.7,19.3,71.1,13.9,1184.0,1.56,2.44,저가,1,2,0.795,3.07,182,0
12,8,거세,삼원교잡(LYD),66.1,23.7,16.9,61.3,16.5,1649.0,1.33,2.36,고급,0,3,0.945,2.5,163,1
39,7,암,이원교잡(LY),69.5,25.7,25.0,51.0,10.6,1106.0,1.71,2.38,표준,1,1,0.786,3.03,183,0
37,3,암,삼원교잡(LYD),74.4,24.6,28.6,64.3,5.0,1224.0,1.54,2.4,표준,1,3,0.814,2.95,185,1
20,4,암,삼원교잡(LYD),61.7,27.7,24.2,63.8,7.3,2152.0,1.85,2.51,표준,1,0,0.829,3.03,167,0
1,6,암,이원교잡(LY),70.0,25.7,26.9,66.8,24.0,2532.0,0.91,2.07,저가,0,3,0.644,3.21,209,0
24,5,암,삼원교잡(LYD),65.2,22.3,32.4,70.3,7.9,1040.0,1.35,2.65,표준,1,2,0.757,3.51,188,0
23,1,거세,삼원교잡(LYD),64.7,26.0,25.3,69.7,15.3,2010.0,0.87,2.08,고급,1,3,0.847,2.46,170,0
6,5,거세,이원교잡(LY),71.3,26.1,17.6,57.3,14.1,1694.0,1.17,2.37,표준,1,1,0.914,2.6,169,0
26,1,암,이원교잡(LY),67.3,26.5,22.2,60.9,14.1,631.0,1.86,1.95,표준,1,3,0.718,2.71,190,0
34,1,거세,삼원교잡(LYD),63.9,28.1,27.5,74.3,13.1,1104.0,1.42,2.25,고급,1,2,0.892,2.52,161,0
5,6,암,삼원교잡(LYD),76.6,23.2,21.0,59.6,19.7,500.0,1.55,2.1,표준,1,2,0.719,2.92,204,0
29,1,거세,이원교잡(LY),74.6,27.0,28.0,61.0,15.2,1662.0,1.43,2.31,표준,1,0,0.795,2.9,185,0
6,3,거세,삼원교잡(LYD),60.3,19.8,21.7,50.0,11.2,962.0,1.41,2.52,표준,1,0,0.927,2.72,163,0
30,5,거세,삼원교잡(LYD),62.6,24.6,23.3,64.7,15.3,1567.0,1.17,2.32,고급,1,6,0.994,2.34,154,0
17,6,암,이원교잡(LY),73.0,24.2,20.6,68.5,7.3,2785.0,1.12,2.89,표준,0,3,1.009,2.86,163,0
1,4,거세,삼원교잡(LYD),68.6,29.3,22.6,45.2,17.9,2297.0,1.16,2.54,표준,1,2,0.935,2.72,160,0
39,1,거세,삼원교잡(LYD),77.5,24.5,22.8,54.3,10.9,1116.0,0.7,2.23,고급,1,4,0.975,2.29,170,0
7,7,거세,삼원교잡(LYD),73.1,26.8,15.6,50.8,11.3,996.0,1.28,2.27,표준,1,1,0.939,2.42,167,0
24,8,암,삼원교잡(LYD),71.5,19.7,20.2,72.9,18.1,2146.0,1.36,2.41,표준,1,2,0.869,2.78,181,0
8,8,암,삼원교잡(LYD),64.9,23.9,17.1,45.9,12.6,998.0,1.15,2.51,표준,0,4,0.824,3.05,175,0
38,6,거세,삼원교잡(LYD),72.5,22.5,20.4,64.2,12.9,1996.0,1.27,1.93,저가,1,3,0.806,2.39,187,0
30,4,암,삼원교잡(LYD),63.6,32.4,18.8,72.2,22.0,2868.0,1.43,2.49,고급,1,2,0.866,2.88,159,0
33,8,거세,이원교잡(LY),76.5,23.0,26.0,66.9,9.2,1838.0,1.52,1.94,표준,1,2,0.766,2.53,197,0
18,4,암,삼원교잡(LYD),72.1,25.2,26.1,60.6,18.0,2092.0,1.0,2.46,고급,0,5,0.761,3.24,190,1
19,2,거세,삼원교잡(LYD),65.9,25.4,24.2,68.5,20.7,2034.0,1.1,2.63,고급,1,5,1.012,2.6,154,0
26,7,거세,삼원교잡(LYD),74.0,20.2,16.9,75.4,22.0,1221.0,1.49,2.39,표준,1,2,0.825,2.9,189,0
32,3,암,삼원교잡(LYD),81.2,23.4,21.6,63.9,28.1,1645.0,1.45,1.6,표준,1,1,0.616,2.6,230,0
34,8,암,삼원교잡(LYD),68.9,26.2,16.6,42.6,11.1,1022.0,1.64,1.77,표준,1,1,0.633,2.79,209,0
1,3,거세,삼원교잡(LYD),72.8,25.3,21.4,76.5,9.8,2145.0,1.63,2.47,표준,1,6,0.945,2.61,168,0
27,7,암,삼원교잡(LYD),67.8,18.1,24.6,69.0,19.9,957.0,1.9,1.56,표준,1,6,0.584,2.68,234,0
5,5,암,이원교잡(LY),70.4,23.3,26.0,64.7,20.6,1850.0,1.23,2.48,표준,1,2,0.739,3.36,195,0
12,4,거세,삼원교잡(LYD),62.5,28.1,23.9,45.2,10.3,2066.0,1.69,2.6,고급,1,1,0.992,2.62,150,0
34,3,암,삼원교잡(LYD),70.0,26.8,27.0,62.0,17.9,1254.0,1.07,2.64,표준,0,4,0.794,3.33,181,0
11,7,암,이원교잡(LY),70.2,28.7,23.0,56.2,31.3,1140.0,1.9,2.23,저가,1,2,0.709,3.14,192,1
32,1,거세,삼원교잡(LYD),79.0,22.0,21.1,52.8,15.6,1415.0,1.41,2.43,표준,1,2,0.887,2.74,184,0
19,4,암,삼원교잡(LYD),61.0,28.8,25.5,63.6,20.5,1054.0,1.44,2.36,고급,0,2,0.821,2.88,166,0
10,3,거세,이원교잡(LY),68.6,24.9,25.6,59.6,24.5,1578.0,1.55,1.86,표준,0,2,0.608,3.05,217,1
14,5,암,이원교잡(LY),76.4,29.8,19.9,60.3,30.0,1042.0,0.96,2.52,표준,1,1,0.837,3.02,178,0
22,3,거세,삼원교잡(LYD),68.8,25.0,23.5,72.4,16.5,1078.0,1.03,2.72,저가,1,1,0.936,2.9,165,0
31,6,거세,삼원교잡(LYD),69.1,18.9,20.8,67.6,22.5,1773.0,1.33,2.51,고급,0,0,0.963,2.6,169,0
25,4,암,삼원교잡(LYD),65.8,27.5,14.0,60.0,10.3,1809.0,1.39,2.15,고급,1,1,0.828,2.59,171,0
38,2,암,삼원교잡(LYD),65.3,23.7,23.8,58.8,15.1,1353.0,1.82,2.52,저가,1,1,0.85,2.97,173,0
35,2,암,이원교잡(LY),60.9,23.9,16.8,60.5,12.3,677.0,1.06,2.69,고급,0,4,0.943,2.85,158,0
31,6,암,삼원교잡(LYD),66.9,20.6,23.3,62.5,3.7,2085.0,1.69,2.65,저가,1,3,0.889,2.98,173,0
25,3,거세,이원교잡(LY),65.1,29.9,15.9,70.8,5.4,1276.0,1.23,2.61,표준,1,3,0.96,2.72,154,0
12,3,거세,삼원교잡(LYD),70.6,23.4,19.1,54.6,17.6,2531.0,1.23,1.82,표준,1,1,0.737,2.47,195,0
17,6,거세,삼원교잡(LYD),66.1,29.7,20.3,79.6,17.7,1434.0,1.26,2.42,고급,1,3,0.92,2.63,159,0
5,3,거세,삼원교잡(LYD),67.6,23.7,26.8,70.8,8.8,1568.0,1.22,2.49,저가,1,1,0.798,3.12,182,0
15,4,거세,이원교잡(LY),67.7,22.2,19.9,37.6,24.3,1284.0,1.42,2.61,고급,1,2,0.996,2.62,161,0
38,2,암,삼원교잡(LYD),69.8,29.0,17.7,65.9,8.3,1622.0,1.2,2.45,표준,1,4,0.933,2.63,162,0
18,3,암,삼원교잡(LYD),67.4,24.8,23.5,75.4,16.5,3238.0,0.95,2.77,고급,1,0,1.012,2.73,157,0
5,6,거세,삼원교잡(LYD),64.7,24.8,21.1,68.9,12.5,1326.0,1.23,1.75,고급,1,5,0.834,2.1,173,0
27,5,거세,삼원교잡(LYD),70.4,21.2,25.2,60.9,15.6,2138.0,1.41,2.47,표준,1,3,0.847,2.91,181,0
39,8,암,삼원교잡(LYD),75.3,23.6,18.0,64.4,20.4,1545.0,0.95,2.44,고급,1,0,0.91,2.69,176,0
35,7,거세,삼원교잡(LYD),70.6,26.3,22.8,66.8,19.5,2087.0,1.45,2.57,표준,1,5,0.877,2.93,172,1
11,1,거세,삼원교잡(LYD),67.0,21.1,31.9,72.7,19.2,534.0,1.6,2.76,표준,1,1,0.828,3.34,180,0
19,4,거세,삼원교잡(LYD),69.4,23.4,21.0,50.8,18.5,2472.0,1.67,2.03,표준,1,1,0.818,2.49,181,0
22,3,거세,삼원교잡(LYD),60.0,23.7,22.7,58.9,7.4,1671.0,1.38,2.75,표준,1,4,0.974,2.83,154,0
10,5,거세,삼원교잡(LYD),69.3,25.2,15.4,81.4,21.8,1366.0,0.85,2.54,고급,1,0,1.029,2.47,157,0
11,3,암,이원교잡(LY),68.0,29.4,18.6,65.3,8.6,1952.0,1.46,2.24,저가,1,5,0.726,3.09,186,0
10,8,거세,이원교잡(LY),65.3,24.1,23.8,80.3,14.4,1572.0,1.54,2.03,고급,1,2,0.859,2.36,171,0
40,3,암,삼원교잡(LYD),66.2,22.9,20.7,94.9,12.9,926.0,1.13,2.36,표준,1,2,0.896,2.63,169,0
30,5,암,삼원교잡(LYD),67.9,33.2,24.5,60.1,17.1,500.0,1.28,2.39,저가,0,1,0.766,3.11,175,0
34,1,암,삼원교잡(LYD),75.0,23.7,23.7,53.0,12.1,2413.0,1.42,2.4,표준,1,2,0.813,2.96,187,0
33,8,거세,이원교잡(LY),75.5,24.4,16.7,62.3,14.0,1389.0,1.75,2.11,고급,1,2,0.852,2.48,182,0
39,8,거세,삼원교잡(LYD),65.4,23.9,26.1,76.0,24.7,1194.0,1.24,2.48,표준,1,1,0.793,3.13,180,0
5,7,거세,삼원교잡(LYD),67.4,24.2,17.0,77.4,7.2,1232.0,1.52,2.18,저가,1,1,0.822,2.65,178,0
36,3,거세,이원교잡(LY),67.5,25.2,18.9,87.7,15.0,2232.0,1.38,2.66,저가,1,1,0.941,2.83,163,0
3,1,거세,삼원교잡(LYD),74.0,27.8,22.9,64.6,8.3,1255.0,1.35,2.81,표준,1,1,0.944,2.98,166,0
20,6,암,삼원교잡(LYD),70.7,26.2,28.3,69.9,19.0,1822.0,1.63,2.06,고급,1,2,0.723,2.84,194,0
24,4,거세,삼원교잡(LYD),70.5,28.2,18.0,57.9,10.6,1333.0,1.09,2.32,표준,1,2,0.888,2.61,168,0
15,8,거세,삼원교잡(LYD),72.7,28.1,22.6,39.9,15.2,873.0,1.36,2.59,저가,1,4,0.896,2.89,170,0
6,6,거세,삼원교잡(LYD),67.0,25.6,22.6,64.6,7.1,1951.0,1.31,2.38,고급,1,3,0.956,2.49,161,0
8,5,암,이원교잡(LY),76.8,26.1,24.6,53.5,22.7,2052.0,0.92,1.89,저가,1,4,0.616,3.07,221,0
33,8,암,삼원교잡(LYD),70.0,28.3,26.7,71.4,15.4,1160.0,1.61,2.56,표준,1,3,0.874,2.93,169,0
13,7,암,삼원교잡(LYD),65.7,21.7,20.4,46.2,15.8,1481.0,1.51,2.12,표준,1,2,0.763,2.78,188,0
13,4,암,이원교잡(LY),68.9,32.5,26.0,57.6,20.0,1549.0,1.31,2.36,고급,1,2,0.82,2.88,170,0
37,1,암,이원교잡(LY),76.2,23.5,27.3,67.7,7.5,1723.0,1.23,2.0,고급,0,3,0.715,2.8,204,0
6,1,암,삼원교잡(LYD),67.9,23.9,29.1,68.7,11.3,2486.0,1.3,2.54,표준,1,0,0.882,2.88,171,0
37,4,거세,삼원교잡(LYD),74.7,21.4,24.0,64.5,16.0,1338.0,1.48,2.17,저가,1,1,0.792,2.75,193,0
37,5,암,삼원교잡(LYD),66.9,21.5,22.6,83.7,4.4,1335.0,1.31,2.57,표준,0,0,0.909,2.83,170,0
24,1,암,삼원교잡(LYD),66.2,27.9,20.1,80.7,5.1,1412.0,1.13,2.24,표준,1,1,0.899,2.49,163,0
7,2,거세,삼원교잡(LYD),73.3,31.8,16.2,58.2,10.1,1029.0,1.17,2.16,저가,1,4,0.824,2.62,174,0
7,6,암,삼원교잡(LYD),65.6,23.3,20.9,81.1,8.2,639.0,1.3,2.42,표준,1,1,0.881,2.75,170,0
12,7,거세,이원교잡(LY),74.1,26.0,22.4,82.6,12.9,1567.0,1.07,1.98,저가,1,2,0.786,2.52,187,0
24,1,암,삼원교잡(LYD),71.8,25.7,21.6,63.8,18.1,1764.0,1.38,2.84,고급,1,9,0.938,3.03,167,0
7,5,거세,삼원교잡(LYD),65.6,28.0,24.4,65.5,19.5,1501.0,1.1,2.36,고급,0,2,0.887,2.66,164,0
19,1,암,삼원교잡(LYD),69.6,31.7,16.2,64.5,25.9,1469.0,1.06,2.13,표준,1,4,0.716,2.97,186,0
5,6,암,이원교잡(LY),67.3,29.6,21.3,58.6,14.9,1051.0,2.1,2.18,저가,1,2,0.733,2.98,184,0
22,7,거세,삼원교잡(LYD),71.7,24.3,30.0,59.5,15.9,1626.0,1.78,2.31,표준,1,4,0.721,3.2,198,0
1,7,거세,삼원교잡(LYD),79.4,26.6,26.0,78.2,14.9,1585.0,1.34,2.6,고급,1,4,0.98,2.65,170,0
29,5,거세,삼원교잡(LYD),68.1,26.9,24.5,69.4,16.9,1737.0,1.51,2.03,저가,0,5,0.712,2.85,192,0
3,6,거세,삼원교잡(LYD),72.7,24.9,23.6,59.5,17.4,1662.0,1.56,2.19,표준,1,6,0.792,2.77,186,0
8,8,암,삼원교잡(LYD),70.1,21.7,20.5,55.7,20.5,1697.0,1.28,2.29,표준,1,3,0.866,2.64,178,0
7,5,거세,이원교잡(LY),70.1,22.6,15.0,57.4,20.5,2159.0,1.37,2.76,표준,1,1,0.919,3.01,171,0
34,4,거세,삼원교잡(LYD),69.2,28.4,23.8,63.4,18.1,1786.0,1.23,2.6,표준,1,3,0.946,2.75,161,0
3,7,거세,삼원교잡(LYD),65.7,28.8,12.2,74.1,24.1,1740.0,1.61,2.78,고급,1,1,0.902,3.08,161,0
18,5,암,삼원교잡(LYD),71.7,24.4,20.7,56.4,15.2,629.0,1.62,2.31,표준,1,3,0.849,2.72,178,0
24,7,거세,삼원교잡(LYD),68.6,25.8,22.0,74.0,11.3,2027.0,1.69,2.73,고급,1,2,0.984,2.77,159,0
21,5,암,삼원교잡(LYD),65.5,28.6,20.2,67.0,12.3,1351.0,1.37,2.68,표준,1,1,0.998,2.69,152,0
28,7,거세,삼원교잡(LYD),75.1,19.9,30.7,66.4,14.4,1540.0,1.84,2.51,표준,1,3,0.792,3.17,195,0
33,1,거세,삼원교잡(LYD),70.5,23.7,29.3,75.3,8.5,864.0,1.28,2.53,표준,1,4,0.838,3.02,179,0
16,1,암,삼원교잡(LYD),68.9,31.1,26.1,73.4,11.3,2545.0,1.81,2.12,저가,1,1,0.688,3.08,191,0
34,1,거세,삼원교잡(LYD),76.7,25.9,18.3,51.0,8.2,500.0,1.18,2.85,표준,1,3,0.981,2.9,168,0
13,5,암,삼원교잡(LYD),60.8,21.6,29.7,54.2,17.1,2244.0,0.98,2.23,표준,1,0,0.685,3.25,197,0
40,6,거세,삼원교잡(LYD),76.4,25.4,24.5,62.7,17.1,1713.0,1.81,2.47,고급,1,3,0.948,2.6,171,0
21,2,암,삼원교잡(LYD),65.6,28.1,18.2,68.6,4.4,547.0,1.47,2.5,고급,1,5,0.979,2.56,154,0
30,2,암,삼원교잡(LYD),71.1,18.0,22.1,78.6,11.1,2518.0,1.43,1.89,고급,1,3,0.816,2.31,190,0
36,7,암,삼원교잡(LYD),67.1,25.5,25.8,65.7,26.0,1757.0,1.21,2.28,고급,1,2,0.801,2.85,179,0
32,7,거세,삼원교잡(LYD),65.4,23.9,19.6,82.0,18.8,500.0,1.09,2.36,표준,1,3,0.938,2.52,163,0
35,6,암,이원교잡(LY),76.6,20.1,22.6,57.9,17.7,1289.0,1.11,2.27,표준,1,4,0.85,2.67,188,0
22,4,암,삼원교잡(LYD),79.3,25.2,23.3,59.6,11.0,1767.0,1.33,2.29,저가,1,2,0.704,3.25,207,0
2,4,거세,삼원교잡(LYD),68.9,24.6,17.6,61.9,16.7,2357.0,1.26,2.75,고급,1,2,1.027,2.68,157,0
20,1,거세,이원교잡(LY),71.7,24.9,20.9,56.8,14.9,1295.0,0.81,2.05,고급,0,2,0.904,2.27,171,0
8,2,암,삼원교잡(LYD),70.3,24.0,17.9,76.6,10.2,500.0,1.72,1.92,표준,1,3,0.68,2.82,204,0
36,8,거세,삼원교잡(LYD),78.7,21.9,25.5,37.3,12.0,2230.0,1.2,2.12,고급,1,4,0.834,2.55,190,0
10,3,암,삼원교잡(LYD),60.0,20.6,18.4,60.0,12.2,1749.0,1.61,2.52,표준,1,1,0.923,2.73,162,0
10,6,암,이원교잡(LY),71.9,22.9,23.2,76.5,6.1,500.0,1.12,2.55,표준,1,4,0.89,2.87,175,0
10,6,거세,삼원교잡(LYD),66.4,27.6,16.4,61.9,7.1,1671.0,1.34,2.48,표준,1,4,0.92,2.7,161,0
26,3,암,삼원교잡(LYD),60.0,25.7,17.5,75.7,13.8,1724.0,1.54,2.57,고급,1,4,0.894,2.88,160,0
23,2,암,삼원교잡(LYD),68.2,24.8,17.3,87.0,9.9,1338.0,1.51,2.38,고급,1,2,0.915,2.6,167,0
38,6,거세,삼원교잡(LYD),79.2,21.9,20.8,65.8,13.2,1086.0,1.23,2.14,저가,1,0,0.831,2.58,191,0
17,1,암,이원교잡(LY),66.7,23.9,22.7,76.7,5.4,1195.0,1.43,2.02,저가,0,3,0.804,2.51,180,0
12,4,거세,이원교잡(LY),74.0,27.2,23.5,89.2,19.8,1337.0,1.47,1.92,표준,1,2,0.741,2.59,192,1
2,8,거세,삼원교잡(LYD),76.0,26.5,14.9,69.0,27.5,1677.0,1.26,2.23,고급,1,4,0.875,2.55,177,0
1,6,암,이원교잡(LY),69.9,23.6,21.3,64.5,21.2,1894.0,1.02,2.54,표준,1,3,0.802,3.16,184,0
15,7,거세,삼원교잡(LYD),70.6,18.0,19.0,74.0,21.8,500.0,1.14,2.37,표준,1,2,0.822,2.89,189,0
38,1,암,삼원교잡(LYD),61.4,23.0,24.1,76.8,18.8,1628.0,1.21,2.31,고급,1,5,0.906,2.55,163,0
21,2,거세,삼원교잡(LYD),66.4,23.6,20.9,64.6,16.6,1744.0,1.31,1.98,저가,1,2,0.811,2.44,179,0
36,3,거세,삼원교잡(LYD),74.5,22.3,21.7,60.2,15.5,1585.0,1.7,3.07,저가,1,2,1.014,3.03,166,0
5,3,거세,삼원교잡(LYD),70.3,23.8,19.0,82.2,9.5,1298.0,1.53,2.05,고급,1,5,0.943,2.18,167,0
4,2,암,삼원교잡(LYD),71.8,27.4,28.9,62.3,19.1,2210.0,1.1,2.34,고급,1,2,0.734,3.18,191,0
34,8,암,삼원교잡(LYD),70.7,24.9,16.9,76.9,18.8,2172.0,1.76,2.6,표준,1,3,0.903,2.88,170,0
5,2,암,삼원교잡(LYD),81.0,28.0,20.4,67.6,12.2,1317.0,1.28,2.31,표준,1,3,0.804,2.88,189,0
3,6,암,삼원교잡(LYD),67.8,20.5,22.4,83.3,18.2,1458.0,1.47,2.06,표준,0,4,0.751,2.74,194,0
17,5,암,이원교잡(LY),78.0,24.1,21.0,56.5,10.8,1886.0,1.07,2.54,표준,1,3,1.027,2.48,167,0
37,5,암,삼원교잡(LYD),70.7,19.2,18.9,56.5,11.2,2141.0,1.19,1.9,표준,1,5,0.719,2.64,204,0
28,2,암,삼원교잡(LYD),78.5,23.7,14.8,73.5,19.7,1092.0,1.56,2.82,고급,1,1,0.994,2.84,170,0
4,3,암,삼원교잡(LYD),63.9,21.9,19.2,53.7,17.6,977.0,1.08,2.38,고급,0,2,0.921,2.59,165,0
34,5,암,삼원교잡(LYD),70.9,28.8,18.2,66.2,13.6,1637.0,1.31,2.22,표준,1,4,0.784,2.84,181,0
34,3,암,삼원교잡(LYD),68.0,26.2,28.7,80.5,12.9,938.0,1.42,1.88,표준,1,1,0.712,2.63,193,0
33,6,거세,삼원교잡(LYD),70.7,28.0,31.1,47.2,16.0,528.0,1.04,1.95,저가,1,1,0.583,3.35,220,0
37,1,거세,삼원교잡(LYD),76.1,23.7,21.8,69.0,4.0,1090.0,0.86,2.28,고급,0,7,1.0,2.28,167,0
10,1,암,이원교잡(LY),71.9,21.9,16.4,77.1,10.5,1709.0,1.53,2.87,저가,0,3,0.894,3.21,176,0
40,6,거세,삼원교잡(LYD),76.1,21.8,25.0,64.7,7.4,2277.0,2.02,2.37,표준,1,2,0.853,2.78,185,0
13,5,거세,삼원교잡(LYD),66.6,25.8,18.1,55.7,15.1,1146.0,1.41,2.4,표준,1,1,1.018,2.36,154,0
33,1,암,삼원교잡(LYD),65.9,30.4,19.8,62.4,21.5,1438.0,1.46,2.42,고급,1,1,0.828,2.92,168,1
24,8,거세,삼원교잡(LYD),70.1,26.2,19.5,56.6,17.9,1578.0,1.08,3.01,표준,1,2,1.105,2.72,150,0
32,1,거세,삼원교잡(LYD),69.8,23.9,20.0,65.7,11.9,1176.0,1.67,2.17,표준,1,0,0.762,2.84,189,0
26,8,거세,삼원교잡(LYD),69.1,24.4,20.6,62.2,10.8,1136.0,1.21,2.77,표준,0,2,0.881,3.14,172,0
26,6,거세,삼원교잡(LYD),65.2,24.9,16.7,59.9,10.5,1667.0,1.59,2.18,고급,1,1,0.908,2.4,164,0
25,8,암,삼원교잡(LYD),76.0,31.1,19.2,69.7,27.0,901.0,1.45,2.09,표준,1,1,0.751,2.78,188,1
32,8,암,삼원교잡(LYD),68.2,28.7,26.1,80.8,15.4,1116.0,1.46,2.28,표준,1,3,0.811,2.81,175,0
30,3,암,삼원교잡(LYD),77.1,25.8,21.9,68.3,16.2,1399.0,1.45,2.27,표준,1,4,0.886,2.57,178,0
6,7,암,이원교잡(LY),70.1,25.3,22.5,78.4,2.3,1661.0,1.44,2.47,고급,1,2,0.98,2.52,162,0
34,2,암,삼원교잡(LYD),73.2,25.9,13.1,80.8,7.9,742.0,1.37,1.6,고급,1,0,0.738,2.17,194,0
22,4,거세,삼원교잡(LYD),72.8,26.5,25.8,59.1,14.7,1435.0,1.54,2.34,표준,1,2,0.84,2.79,178,0
13,2,암,삼원교잡(LYD),65.9,23.8,19.3,67.7,12.0,855.0,1.12,2.12,표준,1,2,0.866,2.45,171,0
21,4,거세,삼원교잡(LYD),71.8,22.5,26.5,60.8,15.8,1158.0,1.24,2.08,고급,1,0,0.782,2.66,190,0
39,7,거세,삼원교잡(LYD),79.6,28.1,22.6,50.2,15.7,1894.0,1.67,1.91,고급,0,1,0.796,2.4,189,0
35,4,암,삼원교잡(LYD),71.3,25.1,19.8,68.6,18.6,1463.0,1.34,2.19,표준,0,3,0.8,2.74,184,0
34,1,암,삼원교잡(LYD),74.5,27.8,15.3,54.5,3.8,2335.0,1.22,2.15,저가,1,3,0.807,2.66,183,0
19,3,거세,삼원교잡(LYD),73.5,29.9,30.7,69.8,8.4,1464.0,1.56,2.17,표준,1,5,0.783,2.78,182,0
32,7,암,삼원교잡(LYD),71.5,26.6,25.2,49.4,14.4,1984.0,1.51,1.81,표준,1,4,0.663,2.73,205,0
16,5,거세,삼원교잡(LYD),70.9,26.1,25.5,66.7,11.1,1897.0,0.98,2.33,표준,1,1,0.856,2.72,175,0
28,5,거세,삼원교잡(LYD),72.7,34.0,29.3,49.3,13.1,1493.0,1.48,2.06,표준,1,1,0.743,2.77,182,0
26,4,거세,삼원교잡(LYD),73.8,25.6,22.9,71.7,15.7,842.0,1.33,1.81,저가,1,1,0.678,2.67,206,0
10,3,거세,삼원교잡(LYD),63.2,21.7,27.4,61.1,10.5,1447.0,1.48,2.14,고급,1,3,0.902,2.37,167,0
11,5,암,삼원교잡(LYD),71.2,24.2,20.1,60.1,16.2,1234.0,1.3,2.07,저가,1,4,0.703,2.94,201,0
3,6,거세,삼원교잡(LYD),69.1,29.7,25.0,76.3,18.3,1214.0,1.42,2.31,고급,1,4,0.88,2.63,166,0
6,8,암,삼원교잡(LYD),68.0,21.1,19.5,61.8,15.4,1578.0,0.84,2.13,표준,1,3,0.839,2.54,180,0
18,5,거세,이원교잡(LY),76.5,22.7,20.0,66.1,19.3,775.0,1.08,1.87,저가,1,2,0.707,2.64,207,0
20,8,암,삼원교잡(LYD),66.3,28.3,22.4,63.0,2.0,1063.0,1.49,2.03,저가,1,1,0.721,2.82,187,0
7,7,암,삼원교잡(LYD),63.0,24.2,16.9,70.1,11.5,994.0,1.96,1.78,저가,0,2,0.653,2.73,202,1
17,1,암,삼원교잡(LYD),74.0,24.7,23.3,75.4,20.4,1373.0,1.39,2.64,저가,1,2,0.774,3.41,191,0
25,4,거세,삼원교잡(LYD),62.9,28.2,20.8,73.4,9.8,1116.0,1.13,2.69,표준,1,1,1.018,2.64,148,0
10,4,암,삼원교잡(LYD),60.4,22.8,14.0,60.3,9.0,1149.0,1.33,2.73,표준,0,2,0.889,3.07,164,0
14,1,암,삼원교잡(LYD),74.5,20.6,20.2,77.1,14.2,1568.0,1.08,2.12,표준,1,6,0.728,2.92,204,0
15,2,거세,이원교잡(LY),70.8,20.8,20.6,55.8,14.9,1277.0,1.61,2.69,고급,1,4,0.98,2.74,167,0
21,7,거세,삼원교잡(LYD),72.4,26.7,25.4,57.6,11.8,1502.0,1.31,2.42,표준,1,2,0.892,2.72,171,0
15,3,거세,이원교잡(LY),67.8,25.8,23.1,63.7,26.1,942.0,1.56,2.05,고급,0,3,0.857,2.4,172,0
30,2,거세,삼원교잡(LYD),63.1,22.9,27.8,75.5,16.7,1086.0,1.26,2.11,저가,0,1,0.649,3.25,205,0
14,3,거세,삼원교잡(LYD),64.1,21.5,24.1,53.3,9.6,2520.0,1.59,2.25,표준,1,1,0.823,2.73,178,0
18,3,거세,삼원교잡(LYD),68.6,24.2,19.8,73.9,6.4,1151.0,0.89,2.33,고급,1,2,1.034,2.26,157,0
16,2,거세,삼원교잡(LYD),63.6,28.3,21.8,64.5,17.4,500.0,1.31,2.41,표준,1,0,0.945,2.55,155,0
8,1,암,삼원교잡(LYD),71.5,22.5,20.6,60.7,9.4,1671.0,1.43,2.3,표준,1,1,0.884,2.6,176,0
28,7,거세,삼원교잡(LYD),67.7,23.0,24.0,76.0,27.9,1146.0,1.23,2.2,저가,1,2,0.752,2.92,190,0
10,7,거세,삼원교잡(LYD),70.9,21.4,22.2,57.0,17.6,1622.0,1.39,2.71,표준,1,2,0.949,2.85,170,0
12,4,암,삼원교잡(LYD),70.8,23.9,19.5,87.9,18.4,1455.0,1.39,2.27,표준,1,3,0.831,2.73,180,0
32,5,거세,삼원교잡(LYD),71.9,26.0,22.0,63.2,16.5,1775.0,1.56,2.25,고급,0,2,0.906,2.48,170,0
38,8,거세,삼원교잡(LYD),72.5,31.3,23.8,66.5,21.7,1450.0,1.46,2.23,저가,1,2,0.795,2.81,178,0
27,7,거세,삼원교잡(LYD),68.3,25.7,18.0,80.4,2.0,1387.0,1.4,2.27,저가,1,3,0.845,2.68,174,0
37,1,거세,이원교잡(LY),70.9,24.8,23.3,66.8,7.8,2074.0,1.52,1.89,고급,1,2,0.857,2.21,176,0
35,8,거세,삼원교잡(LYD),71.2,27.6,15.7,76.9,21.2,500.0,0.96,2.0,고급,1,2,0.869,2.3,172,0
20,1,거세,삼원교잡(LYD),60.0,27.1,26.4,45.5,24.0,837.0,1.11,3.03,고급,1,2,0.933,3.25,154,0
31,1,거세,삼원교잡(LYD),73.2,23.3,24.1,60.6,7.6,1087.0,0.95,1.8,표준,1,3,0.854,2.11,181,0
14,4,암,삼원교잡(LYD),70.7,31.9,28.5,69.0,4.1,654.0,1.44,2.38,고급,1,2,0.835,2.85,170,0
19,6,암,삼원교잡(LYD),72.8,24.9,17.5,75.8,16.0,1260.0,1.4,2.4,표준,0,3,0.694,3.46,203,0
22,1,거세,삼원교잡(LYD),63.6,25.7,26.5,72.7,17.9,1211.0,1.65,2.6,표준,1,2,0.863,3.02,167,0
39,3,거세,삼원교잡(LYD),68.4,26.7,25.7,71.8,15.9,1987.0,1.39,2.41,표준,1,0,0.832,2.9,175,0
34,3,거세,삼원교잡(LYD),64.5,26.0,21.3,75.6,14.6,1456.0,1.14,2.87,표준,0,4,0.968,2.96,156,0
20,4,암,삼원교잡(LYD),73.7,29.6,20.5,69.8,3.9,1393.0,1.33,2.37,표준,1,1,0.968,2.45,162,0
27,8,암,이원교잡(LY),63.0,23.2,17.7,43.6,12.7,1310.0,0.83,2.7,표준,0,1,0.949,2.85,160,0
9,3,거세,이원교잡(LY),65.4,27.4,16.6,79.4,13.6,974.0,1.2,2.61,표준,1,2,0.941,2.78,159,0
33,2,거세,삼원교잡(LYD),72.7,25.5,19.0,56.6,11.7,1945.0,0.71,2.76,표준,1,2,1.028,2.69,160,0
23,1,거세,삼원교잡(LYD),66.9,27.9,17.0,68.1,3.5,2105.0,1.38,2.31,고급,0,5,0.964,2.39,157,1
22,2,암,삼원교잡(LYD),65.4,24.4,28.4,66.8,18.5,894.0,1.23,2.42,고급,1,4,0.736,3.29,189,0
31,2,암,삼원교잡(LYD),74.5,23.9,16.0,65.5,20.2,2310.0,1.27,2.19,표준,0,2,0.846,2.59,182,0
26,5,거세,삼원교잡(LYD),74.7,27.2,22.6,53.9,10.2,1165.0,1.07,2.35,고급,1,2,0.992,2.37,163,0
3,4,암,삼원교잡(LYD),73.6,26.1,23.7,45.6,13.9,1124.0,1.13,2.36,고급,1,0,0.968,2.44,165,0
12,4,거세,삼원교잡(LYD),74.2,22.5,23.4,55.0,12.0,1736.0,1.47,1.68,표준,1,5,0.706,2.37,205,0
8,7,암,삼원교잡(LYD),68.8,29.0,23.8,73.3,12.1,1781.0,0.94,2.26,저가,1,3,0.802,2.82,176,0
30,5,암,삼원교잡(LYD),69.0,27.2,25.8,50.5,18.0,1464.0,1.43,2.57,표준,1,1,0.765,3.36,184,0
2,2,거세,이원교잡(LY),66.8,24.8,20.2,56.2,18.1,1327.0,1.1,1.89,표준,1,3,0.683,2.78,199,0
9,4,거세,이원교잡(LY),70.8,23.6,22.4,69.2,21.4,2086.0,0.88,2.0,고급,1,4,0.92,2.18,170,0
24,3,암,삼원교잡(LYD),67.4,26.1,20.8,54.7,21.3,1188.0,1.61,2.65,저가,1,0,0.826,3.2,175,0
28,7,거세,삼원교잡(LYD),67.8,27.0,27.2,59.6,14.0,1466.0,1.63,2.7,표준,1,4,0.861,3.14,170,0
21,3,암,삼원교잡(LYD),73.0,20.2,30.4,65.8,32.1,2347.0,1.17,2.11,저가,1,4,0.55,3.84,245,0
35,2,거세,삼원교잡(LYD),75.9,26.1,17.2,67.8,24.3,831.0,1.16,2.35,표준,1,3,0.834,2.82,183,0
37,6,암,삼원교잡(LYD),72.0,27.0,13.9,54.5,11.1,1271.0,1.24,2.28,표준,1,3,0.816,2.79,180,0
6,4,거세,이원교잡(LY),79.0,18.0,24.3,66.4,15.8,2013.0,1.1,2.65,저가,1,2,0.851,3.12,193,0
39,1,거세,삼원교잡(LYD),66.5,25.6,26.3,69.0,3.1,1764.0,1.14,2.14,저가,1,2,0.799,2.68,178,0
25,6,거세,삼원교잡(LYD),60.8,27.1,29.8,52.3,15.2,1947.0,1.41,2.19,고급,1,2,0.762,2.87,176,0
26,2,거세,이원교잡(LY),73.6,26.7,25.0,67.1,25.0,839.0,1.82,2.7,고급,1,2,0.881,3.07,174,0
4,7,거세,삼원교잡(LYD),66.1,27.4,27.6,57.8,31.7,1661.0,1.21,2.0,표준,1,0,0.665,3.0,198,0
25,7,암,삼원교잡(LYD),68.6,24.0,28.6,66.2,14.3,1357.0,1.56,2.15,고급,1,3,0.651,3.3,208,0
30,3,거세,삼원교잡(LYD),61.2,21.9,27.9,72.2,17.0,2636.0,1.39,2.34,표준,1,4,0.811,2.89,176,0
24,5,거세,삼원교잡(LYD),65.5,19.6,25.5,63.2,18.6,1905.0,0.88,2.76,고급,1,2,1.007,2.74,160,0
4,5,거세,삼원교잡(LYD),62.5,28.3,16.9,74.1,26.9,1489.0,1.29,1.94,표준,1,4,0.767,2.53,175,0
21,6,거세,삼원교잡(LYD),67.8,27.1,22.0,72.9,9.1,1643.0,1.26,2.09,표준,1,3,0.924,2.26,163,0
38,1,암,삼원교잡(LYD),68.0,28.5,23.2,74.1,30.9,1527.0,1.67,2.48,고급,0,2,0.805,3.08,175,0
29,3,암,삼원교잡(LYD),70.4,22.8,21.6,69.0,13.1,1850.0,1.68,2.52,표준,1,0,0.768,3.29,190,0
6,2,거세,삼원교잡(LYD),76.2,27.4,21.8,76.0,8.0,1072.0,1.39,2.36,표준,1,0,0.926,2.55,171,0
39,6,암,삼원교잡(LYD),73.4,20.5,28.3,68.9,13.1,2183.0,1.6,2.26,저가,1,2,0.616,3.68,227,1
39,1,암,이원교잡(LY),61.9,22.4,19.0,48.3,10.1,838.0,1.26,2.34,고급,0,0,0.949,2.46,159,0
7,5,암,삼원교잡(LYD),73.0,25.4,25.2,57.1,17.5,1603.0,1.58,1.85,저가,1,3,0.594,3.11,224,0
33,6,거세,삼원교잡(LYD),70.6,27.0,23.3,62.9,5.1,1088.0,1.33,2.33,저가,1,5,0.906,2.57,168,0
17,8,거세,삼원교잡(LYD),69.5,30.0,18.6,64.1,15.8,1521.0,1.57,2.74,표준,1,4,1.019,2.69,153,0
24,3,거세,삼원교잡(LYD),69.9,24.3,17.7,68.6,19.0,1994.0,1.6,1.9,표준,0,1,0.706,2.7,198,0
18,1,암,삼원교잡(LYD),71.0,22.4,15.2,56.9,23.9,644.0,1.48,2.06,고급,1,2,0.766,2.7,192,0
32,6,암,이원교잡(LY),66.5,22.2,23.9,85.1,19.1,1415.0,1.11,2.18,표준,1,4,0.773,2.82,186,0
40,1,거세,삼원교잡(LYD),69.1,22.9,21.7,64.0,23.5,780.0,1.19,2.2,고급,1,4,0.996,2.21,162,0
32,1,거세,삼원교잡(LYD),75.9,31.7,18.7,64.9,11.4,1360.0,1.49,2.85,표준,1,2,1.057,2.7,155,0
38,8,암,삼원교잡(LYD),66.5,27.3,14.5,58.3,17.4,779.0,1.52,2.02,저가,1,3,0.62,3.26,208,0
38,7,암,삼원교잡(LYD),64.9,28.3,23.7,55.0,2.0,1581.0,1.34,1.96,고급,1,3,0.82,2.39,171,0
4,6,거세,삼원교잡(LYD),69.7,24.3,21.3,63.7,14.3,1287.0,1.22,2.53,표준,0,0,0.915,2.77,169,0
11,7,암,삼원교잡(LYD),64.3,25.0,19.1,65.3,17.3,1874.0,1.35,2.11,표준,1,1,0.736,2.86,187,0
29,1,거세,삼원교잡(LYD),61.4,27.1,18.1,64.1,17.9,2114.0,1.23,2.54,표준,1,4,0.908,2.79,158,0
24,1,거세,삼원교잡(LYD),68.3,23.5,21.0,81.6,5.6,1505.0,1.23,2.24,표준,0,3,0.881,2.54,172,0
3,3,암,삼원교잡(LYD),77.2,24.1,23.9,63.7,12.7,1947.0,1.79,2.44,표준,1,1,0.823,2.96,188,0
4,1,암,삼원교잡(LYD),69.8,23.0,20.7,64.1,13.5,2191.0,1.18,1.83,표준,1,1,0.736,2.49,195,0
21,8,암,삼원교잡(LYD),70.9,23.7,17.2,73.2,12.4,1039.0,1.43,2.44,고급,1,3,0.952,2.56,167,0
25,1,거세,삼원교잡(LYD),60.0,25.1,21.8,63.3,19.4,2217.0,1.34,2.37,표준,1,2,0.863,2.74,164,0
7,5,거세,삼원교잡(LYD),72.2,22.5,26.2,70.4,13.7,1482.0,0.99,2.22,표준,1,0,0.762,2.92,194,0
7,7,거세,삼원교잡(LYD),70.5,25.9,22.2,52.2,15.6,1011.0,0.98,1.93,고급,1,2,0.869,2.22,173,0
6,6,거세,삼원교잡(LYD),66.7,25.9,22.3,52.3,12.1,1649.0,1.28,2.37,표준,0,3,0.878,2.69,168,0
23,2,거세,삼원교잡(LYD),70.9,24.5,20.7,66.2,21.4,1464.0,0.81,2.52,표준,1,4,0.998,2.52,162,0
1,4,거세,삼원교잡(LYD),70.9,22.5,18.4,62.7,21.8,796.0,1.76,2.14,표준,1,2,0.827,2.59,183,0
23,5,거세,삼원교잡(LYD),64.7,25.3,18.3,56.9,13.1,949.0,1.21,2.15,표준,0,4,0.888,2.42,166,0
20,7,거세,삼원교잡(LYD),71.7,23.5,15.4,66.2,32.1,2319.0,1.19,2.54,표준,0,2,0.868,2.92,177,1
19,4,거세,삼원교잡(LYD),76.0,25.1,26.7,67.1,10.4,1639.0,1.61,2.81,표준,0,1,0.832,3.38,184,1
28,3,암,삼원교잡(LYD),68.9,28.3,23.8,57.9,21.0,2241.0,1.26,2.58,표준,0,2,0.792,3.26,178,0
21,7,거세,삼원교잡(LYD),65.7,21.2,22.3,59.8,9.3,1292.0,1.46,2.37,표준,1,0,0.864,2.74,174,0
30,8,암,삼원교잡(LYD),69.1,31.5,23.2,67.2,19.6,1099.0,1.16,2.23,표준,1,4,0.854,2.61,167,0
31,4,암,삼원교잡(LYD),74.3,24.8,23.4,54.8,19.2,658.0,1.31,2.29,표준,1,5,0.83,2.76,183,0
37,1,암,삼원교잡(LYD),63.9,26.2,19.1,59.0,8.9,1984.0,1.54,1.9,저가,1,1,0.713,2.67,188,0
32,5,거세,삼원교잡(LYD),72.9,22.7,20.7,70.3,14.2,1705.0,1.08,2.25,표준,1,2,0.873,2.58,179,0
21,8,거세,삼원교잡(LYD),66.6,28.4,20.1,64.8,26.2,1296.0,1.43,2.64,고급,1,4,0.953,2.77,157,0
20,8,암,삼원교잡(LYD),71.2,24.6,32.0,60.2,10.1,1104.0,0.7,2.31,표준,1,2,0.677,3.42,205,0
10,4,암,삼원교잡(LYD),67.2,23.8,26.1,56.0,17.4,2063.0,1.62,2.11,고급,1,1,0.786,2.69,183,0
24,2,거세,삼원교잡(LYD),67.2,23.3,22.7,54.9,17.0,1411.0,1.16,2.08,표준,1,4,0.844,2.47,176,0
6,5,거세,이원교잡(LY),77.6,24.2,27.5,63.7,14.7,1417.0,1.28,2.29,저가,1,5,0.779,2.94,194,0
38,7,암,삼원교잡(LYD),63.0,26.3,27.0,85.3,4.6,1200.0,1.28,1.93,표준,1,1,0.729,2.65,185,0
34,8,거세,삼원교잡(LYD),72.4,25.5,16.5,70.7,20.0,1296.0,1.06,2.03,표준,1,2,0.832,2.44,180,0
5,1,암,삼원교잡(LYD),78.7,24.9,21.1,51.7,15.1,1775.0,1.04,2.76,고급,1,2,1.029,2.68,166,0
32,3,거세,삼원교잡(LYD),73.4,22.9,21.9,72.1,21.6,792.0,1.43,1.99,표준,1,1,0.842,2.36,183,0
5,4,거세,이원교잡(LY),63.3,22.7,24.4,57.4,16.4,1540.0,1.44,2.06,표준,1,3,0.82,2.51,176,0
29,1,암,이원교잡(LY),63.6,23.6,21.1,65.0,15.4,1978.0,1.08,2.39,저가,1,2,0.793,3.01,179,0
4,8,거세,삼원교잡(LYD),66.2,26.4,21.6,59.1,17.2,1458.0,1.44,2.17,표준,1,0,0.872,2.48,168,0
20,1,암,삼원교잡(LYD),70.8,27.0,20.2,85.2,9.1,2027.0,1.44,2.33,저가,0,2,0.794,2.93,182,0
27,6,거세,삼원교잡(LYD),71.1,27.4,26.2,53.7,24.3,2170.0,1.21,2.56,표준,1,4,0.841,3.04,175,0
30,8,거세,삼원교잡(LYD),63.6,25.0,16.2,68.1,12.7,1952.0,0.98,1.84,고급,0,1,0.828,2.22,172,0
17,6,암,삼원교잡(LYD),65.6,26.2,20.3,58.1,12.8,1231.0,1.29,2.53,표준,1,5,0.929,2.72,161,0
37,7,거세,삼원교잡(LYD),65.9,24.5,14.6,72.4,22.8,1482.0,1.39,2.13,고급,1,2,0.863,2.46,171,0
31,3,거세,삼원교잡(LYD),69.1,19.8,17.9,67.9,16.5,1673.0,1.29,2.21,고급,0,0,0.928,2.38,172,0
9,7,암,삼원교잡(LYD),79.9,24.4,23.3,77.5,13.6,1265.0,1.15,2.88,고급,1,2,1.019,2.82,169,1
27,4,암,삼원교잡(LYD),65.3,23.9,23.3,72.2,17.5,1248.0,1.42,1.88,표준,1,3,0.753,2.49,186,0
30,1,암,삼원교잡(LYD),65.1,21.9,20.7,58.1,18.8,1218.0,1.62,2.48,고급,1,1,0.932,2.66,165,0
14,3,거세,삼원교잡(LYD),64.3,23.3,26.5,94.2,14.3,2772.0,1.11,2.64,저가,1,0,0.824,3.2,176,0
30,3,거세,삼원교잡(LYD),73.2,25.4,27.4,70.6,20.5,1364.0,1.23,2.09,저가,1,1,0.675,3.11,206,0
36,5,암,삼원교잡(LYD),69.8,21.6,21.7,59.5,7.4,2034.0,1.99,2.1,표준,1,6,0.756,2.78,193,0
33,3,거세,삼원교잡(LYD),65.5,22.9,23.0,67.1,16.6,1065.0,1.37,2.19,표준,1,1,0.805,2.72,180,0
31,4,거세,삼원교잡(LYD),68.2,29.6,20.2,71.3,19.8,2351.0,0.98,2.09,고급,1,3,1.007,2.08,153,0
26,4,암,삼원교잡(LYD),66.0,20.2,24.5,70.9,18.7,1311.0,1.18,2.32,표준,1,2,0.857,2.71,177,0
11,3,거세,삼원교잡(LYD),71.5,24.5,17.2,70.0,2.0,1526.0,1.11,2.57,고급,0,3,1.078,2.38,155,0
32,6,거세,삼원교잡(LYD),83.4,21.5,29.2,74.7,14.2,584.0,1.4,2.19,표준,1,2,0.763,2.87,206,0
15,3,거세,삼원교잡(LYD),72.8,22.7,26.6,73.7,7.7,2058.0,1.38,2.58,고급,1,0,0.943,2.73,171,0
22,7,거세,삼원교잡(LYD),69.5,24.4,17.2,56.5,22.7,2167.0,1.14,2.72,표준,1,2,0.896,3.03,171,0
13,3,암,이원교잡(LY),66.7,22.0,18.8,86.1,12.7,906.0,1.76,2.43,표준,0,0,0.807,3.01,182,0
13,7,암,삼원교잡(LYD),63.3,26.7,23.7,84.7,22.0,2087.0,1.32,2.46,표준,1,1,0.786,3.13,176,0
7,3,거세,삼원교잡(LYD),73.7,29.1,20.6,73.0,7.7,831.0,1.19,2.12,표준,1,4,0.916,2.32,167,0
39,1,거세,삼원교잡(LYD),73.4,27.5,24.2,65.4,17.3,1816.0,0.99,1.51,고급,0,2,0.74,2.05,192,0
6,2,암,삼원교잡(LYD),67.7,28.1,20.6,65.6,15.0,1356.0,1.08,2.48,고급,1,0,0.975,2.54,157,0
4,7,거세,삼원교잡(LYD),76.1,20.9,28.1,61.8,31.6,2168.0,0.99,2.54,표준,1,1,0.802,3.17,193,1
38,7,거세,이원교잡(LY),70.1,24.3,22.0,63.1,22.1,1625.0,1.25,2.37,표준,1,3,0.822,2.89,180,0
23,2,암,삼원교잡(LYD),73.9,26.4,31.7,43.1,21.7,1966.0,1.08,2.57,고급,1,5,0.763,3.37,190,0
18,5,암,삼원교잡(LYD),71.5,27.6,24.4,80.3,27.2,2119.0,1.5,2.14,저가,1,2,0.667,3.2,202,0
30,5,거세,삼원교잡(LYD),69.1,30.3,16.6,76.8,16.7,1354.0,1.15,2.46,고급,1,4,0.973,2.52,156,0
16,2,암,삼원교잡(LYD),65.2,28.2,30.3,48.2,14.4,1486.0,1.51,2.74,고급,0,4,0.797,3.44,174,0
6,4,거세,삼원교잡(LYD),69.3,27.7,26.4,73.9,13.7,944.0,1.42,2.5,표준,0,3,0.824,3.03,175,0
30,6,암,삼원교잡(LYD),74.2,32.9,23.5,64.9,17.0,1350.0,1.46,2.7,고급,1,2,0.919,2.94,164,0
8,8,암,삼원교잡(LYD),67.5,25.3,24.6,63.0,2.0,2464.0,1.52,2.7,표준,1,3,0.856,3.16,172,0
23,7,암,삼원교잡(LYD),72.2,24.1,17.2,69.9,15.0,1878.0,1.8,1.93,고급,1,2,0.765,2.53,191,0
38,1,암,삼원교잡(LYD),64.6,25.5,14.8,47.6,16.4,978.0,1.09,2.52,표준,0,2,0.86,2.92,169,0
38,2,암,삼원교잡(LYD),73.9,22.3,21.8,64.9,14.1,2316.0,1.51,2.11,표준,1,3,0.771,2.74,194,0
15,4,거세,삼원교잡(LYD),71.6,25.2,27.5,65.8,5.8,1695.0,1.4,1.97,고급,1,2,0.77,2.56,188,0
32,2,거세,삼원교잡(LYD),64.0,19.8,23.6,65.8,14.1,1915.0,1.57,2.21,표준,0,2,0.863,2.57,174,0
25,5,암,삼원교잡(LYD),68.9,23.4,28.8,51.3,5.8,1745.0,1.33,2.83,표준,0,2,0.903,3.13,170,0
20,1,암,이원교잡(LY),74.7,24.7,27.3,69.5,25.6,1710.0,1.59,2.14,표준,1,2,0.634,3.37,217,0
6,1,거세,삼원교잡(LYD),63.7,27.8,22.1,75.6,13.5,501.0,0.98,1.77,표준,1,3,0.767,2.31,177,0
16,1,암,삼원교잡(LYD),64.6,28.3,26.7,69.1,2.6,2053.0,1.05,1.87,저가,0,0,0.646,2.89,199,0
27,3,암,삼원교잡(LYD),69.7,22.1,28.1,62.7,13.8,500.0,1.16,2.44,고급,1,3,0.845,2.89,180,0
40,7,거세,이원교잡(LY),80.7,31.2,21.7,91.9,20.4,2008.0,1.28,2.07,저가,0,1,0.739,2.8,194,0
1,2,거세,삼원교잡(LYD),66.6,25.4,21.1,55.8,16.1,1550.0,1.31,1.69,저가,1,4,0.642,2.63,206,0
29,8,거세,삼원교잡(LYD),72.5,25.7,22.6,72.7,9.5,1918.0,1.11,1.88,표준,1,3,0.867,2.17,175,0
34,3,거세,삼원교잡(LYD),71.3,20.1,12.4,67.4,10.9,1579.0,1.05,2.35,고급,0,3,0.931,2.52,173,0
39,1,거세,삼원교잡(LYD),67.1,23.1,23.1,85.1,13.3,2022.0,1.14,2.53,저가,0,5,0.938,2.7,165,0
17,3,거세,삼원교잡(LYD),70.8,28.1,24.9,68.9,12.4,1508.0,0.87,2.17,표준,1,2,0.852,2.54,173,0
5,6,거세,삼원교잡(LYD),67.8,25.5,22.6,71.0,7.4,1640.0,1.23,2.49,고급,0,1,1.065,2.34,152,0
11,1,거세,이원교잡(LY),68.2,25.3,23.4,70.1,14.6,1702.0,1.29,2.57,저가,1,4,0.879,2.93,170,0
35,1,암,삼원교잡(LYD),61.7,25.7,21.8,54.4,7.0,2439.0,1.41,2.06,표준,0,3,0.77,2.68,178,0
36,7,거세,삼원교잡(LYD),69.9,20.7,14.0,56.3,20.7,1800.0,1.34,2.26,표준,1,3,0.799,2.83,188,0
26,5,암,삼원교잡(LYD),74.5,24.7,28.7,62.2,21.4,842.0,1.75,2.12,표준,0,3,0.686,3.09,206,0
5,3,암,이원교잡(LY),70.3,29.2,20.5,74.6,9.0,1218.0,1.5,2.46,저가,1,0,0.823,2.99,174,0
5,7,암,삼원교잡(LYD),75.5,28.3,19.5,67.3,10.7,1799.0,1.48,2.12,표준,1,1,0.856,2.47,177,0
20,7,암,삼원교잡(LYD),72.9,24.6,27.4,62.9,12.5,2130.0,1.39,1.94,저가,1,1,0.599,3.23,224,0
24,3,암,삼원교잡(LYD),69.7,29.7,25.9,78.7,14.8,1139.0,1.43,2.32,고급,1,3,0.772,3.0,180,0
2,5,거세,삼원교잡(LYD),66.9,21.2,23.1,45.2,16.5,2620.0,1.24,2.63,표준,1,3,0.978,2.69,163,0
28,1,암,삼원교잡(LYD),67.6,22.1,25.1,52.0,17.8,1588.0,1.32,2.45,표준,1,5,0.78,3.14,187,0
22,3,거세,삼원교잡(LYD),62.6,30.6,17.4,40.0,17.6,1710.0,1.78,2.6,표준,0,0,0.896,2.9,157,1
1,5,암,이원교잡(LY),68.7,26.7,21.7,77.1,24.3,873.0,1.28,2.58,고급,1,2,0.93,2.77,164,0
4,2,거세,이원교잡(LY),70.7,24.1,27.2,64.0,15.4,2058.0,0.97,2.31,고급,1,3,0.892,2.59,173,0
19,8,거세,이원교잡(LY),78.6,24.8,19.3,74.7,7.2,1277.0,1.47,2.12,고급,1,4,0.993,2.14,169,0
29,8,거세,삼원교잡(LYD),72.6,22.6,18.0,63.9,5.3,1127.0,1.52,2.04,표준,1,3,0.856,2.38,181,0
34,3,암,삼원교잡(LYD),65.7,25.8,22.3,75.2,24.8,1341.0,1.34,1.82,고급,1,3,0.753,2.42,184,0
18,4,거세,삼원교잡(LYD),62.8,25.6,22.4,63.7,18.1,2191.0,0.83,2.66,표준,1,3,0.968,2.74,155,0
12,2,거세,삼원교잡(LYD),69.0,25.1,24.6,69.1,16.2,1733.0,1.62,2.2,저가,1,1,0.782,2.81,184,0
39,5,거세,삼원교잡(LYD),74.1,21.5,16.5,67.6,17.7,1055.0,1.36,1.79,표준,1,0,0.759,2.36,197,0
19,1,거세,삼원교잡(LYD),68.9,25.8,11.8,68.4,16.0,1235.0,1.22,2.67,저가,1,4,0.854,3.13,173,0
13,4,암,삼원교잡(LYD),72.7,23.4,25.7,81.8,17.6,2205.0,1.6,2.33,표준,1,3,0.792,2.94,188,0
18,5,암,삼원교잡(LYD),69.1,22.0,17.7,48.8,12.8,1382.0,0.79,2.59,저가,1,1,0.854,3.03,178,0
1,5,거세,삼원교잡(LYD),73.6,28.8,19.6,64.3,21.3,1780.0,1.33,2.22,표준,1,2,0.865,2.57,173,0
13,5,거세,삼원교잡(LYD),62.0,31.5,13.3,67.0,11.9,1903.0,1.16,2.06,표준,1,0,0.762,2.71,172,0
21,2,거세,삼원교잡(LYD),78.0,30.8,26.1,65.5,9.6,500.0,1.67,2.43,표준,1,6,0.895,2.72,172,0
37,7,거세,삼원교잡(LYD),64.4,27.0,23.4,61.0,4.9,2132.0,1.36,2.46,표준,0,1,0.898,2.74,162,0
30,6,암,삼원교잡(LYD),74.0,24.2,23.2,59.7,13.6,1074.0,1.08,2.22,표준,1,4,0.843,2.63,182,0
32,7,암,삼원교잡(LYD),68.6,24.8,23.2,80.3,22.6,1320.0,1.58,2.69,표준,1,2,0.911,2.96,168,0
22,4,거세,삼원교잡(LYD),69.4,26.2,13.8,64.3,12.3,2270.0,0.7,2.58,표준,1,3,0.97,2.66,161,0
5,8,암,삼원교잡(LYD),68.8,23.7,18.1,89.4,6.7,2223.0,1.43,2.47,저가,1,3,0.876,2.82,173,0
16,4,거세,이원교잡(LY),71.3,29.0,20.2,70.3,16.7,1746.0,0.98,1.97,저가,1,3,0.732,2.69,189,0
40,7,암,이원교잡(LY),72.3,18.9,19.0,62.1,11.1,1864.0,1.18,1.92,표준,1,1,0.758,2.54,199,0
2,2,암,이원교잡(LY),75.3,24.1,20.9,70.5,24.3,1989.0,1.24,2.66,표준,1,2,0.853,3.12,182,0
36,2,암,이원교잡(LY),77.0,27.4,23.0,66.1,21.4,2215.0,1.53,1.64,표준,1,3,0.614,2.68,220,0
28,5,암,삼원교잡(LYD),71.7,22.5,26.0,78.4,7.4,2279.0,1.85,2.27,표준,1,4,0.701,3.24,204,0
12,5,암,이원교잡(LY),78.6,24.3,16.1,53.3,14.0,1554.0,0.86,2.34,고급,1,2,0.904,2.59,179,0
32,6,거세,이원교잡(LY),70.5,26.8,22.0,47.0,10.5,1131.0,1.41,2.15,저가,1,3,0.868,2.48,172,0
34,3,거세,삼원교잡(LYD),75.4,29.6,24.8,68.6,8.0,1372.0,1.85,2.29,표준,1,0,0.897,2.55,171,0
2,7,거세,이원교잡(LY),72.1,21.1,18.3,73.4,14.7,1564.0,1.16,2.43,고급,1,4,0.932,2.6,173,0
5,3,암,삼원교잡(LYD),67.3,20.9,21.2,67.9,19.9,1473.0,1.14,2.12,고급,1,5,0.826,2.57,181,0
27,5,암,삼원교잡(LYD),70.9,22.2,23.9,71.7,14.5,994.0,1.36,2.56,표준,1,0,0.834,3.07,182,0
40,8,암,이원교잡(LY),72.5,20.4,22.0,70.3,11.9,1718.0,1.51,2.47,표준,1,3,0.847,2.92,184,0
1,5,암,삼원교잡(LYD),69.8,20.6,24.7,50.2,2.0,716.0,1.46,2.25,표준,1,2,0.811,2.77,186,0
27,6,거세,삼원교잡(LYD),72.1,22.1,22.4,67.8,11.0,1543.0,1.21,2.05,표준,1,3,0.86,2.39,180,0
6,8,암,삼원교잡(LYD),74.3,28.7,20.8,78.2,18.3,1575.0,1.1,2.27,표준,1,1,0.812,2.8,181,0
27,8,암,삼원교잡(LYD),69.9,24.1,17.3,66.7,6.9,1558.0,1.63,2.93,표준,1,2,0.911,3.22,170,0
25,4,거세,이원교잡(LY),60.0,25.1,23.0,51.9,22.7,1926.0,1.11,2.07,고급,1,1,0.91,2.28,159,0
4,4,거세,이원교잡(LY),78.4,22.1,22.4,61.7,11.5,1859.0,0.82,2.76,고급,0,1,1.079,2.56,164,0
28,2,거세,삼원교잡(LYD),68.5,26.9,18.0,70.6,16.2,2611.0,0.94,1.77,표준,1,8,0.79,2.25,180,0
36,5,거세,이원교잡(LY),65.9,30.6,24.3,83.0,12.6,1241.0,1.16,2.04,표준,1,2,0.836,2.44,167,0
35,8,암,삼원교잡(LYD),64.4,22.3,27.1,45.4,7.9,1640.0,1.67,2.14,고급,1,1,0.807,2.65,179,0
2,4,암,이원교잡(LY),68.3,30.2,19.4,68.6,17.6,1608.0,1.0,2.58,표준,0,3,0.877,2.95,165,0
10,3,암,삼원교잡(LYD),67.2,26.1,19.1,55.7,11.4,1584.0,1.68,2.32,고급,1,3,0.848,2.73,172,0
10,1,거세,삼원교잡(LYD),66.3,25.1,18.9,70.1,10.0,868.0,1.63,2.69,고급,1,4,1.092,2.47,149,0
19,4,암,삼원교잡(LYD),66.6,26.2,15.3,70.9,2.0,908.0,1.36,2.2,고급,1,3,0.912,2.41,164,0
6,2,암,삼원교잡(LYD),72.6,26.2,30.0,62.7,22.8,1503.0,0.7,2.28,표준,0,0,0.635,3.6,213,0
35,8,거세,삼원교잡(LYD),80.2,30.6,20.2,71.3,15.0,712.0,1.0,2.2,고급,1,4,0.907,2.43,173,0
32,5,암,삼원교잡(LYD),74.1,26.6,18.6,76.4,21.6,1333.0,1.14,2.91,저가,1,3,0.964,3.02,166,0
33,2,거세,삼원교잡(LYD),75.6,26.6,17.5,63.4,18.7,1176.0,1.73,1.96,표준,1,2,0.756,2.6,193,0
8,1,거세,삼원교잡(LYD),68.1,23.7,20.4,51.6,21.6,1351.0,1.16,2.15,표준,1,2,0.811,2.65,181,0
1,7,거세,삼원교잡(LYD),70.5,27.5,19.2,79.3,11.6,2066.0,1.11,2.01,저가,1,3,0.771,2.6,184,0
37,8,거세,삼원교잡(LYD),72.1,22.1,27.8,73.3,6.8,961.0,1.35,2.47,고급,1,3,0.943,2.62,171,0
12,7,암,삼원교잡(LYD),66.7,25.3,17.0,70.6,19.6,1935.0,0.95,1.96,표준,1,2,0.715,2.74,192,0
27,1,거세,삼원교잡(LYD),67.9,33.6,15.8,58.1,15.8,1214.0,1.29,2.85,표준,1,6,0.986,2.89,150,0
37,1,거세,삼원교잡(LYD),74.3,18.0,24.2,74.9,12.2,1277.0,1.1,2.32,고급,1,2,1.039,2.24,168,0
2,2,거세,삼원교잡(LYD),75.5,25.7,21.6,85.4,19.5,1733.0,1.97,2.42,고급,0,7,0.85,2.85,180,1
1,7,거세,삼원교잡(LYD),70.3,25.8,21.1,63.8,16.8,1363.0,1.07,2.44,표준,1,1,0.913,2.67,168,0
1,7,거세,삼원교잡(LYD),64.0,24.3,24.2,65.9,18.8,1054.0,1.78,2.29,고급,1,5,0.881,2.6,167,0
7,7,거세,이원교잡(LY),68.5,24.4,22.5,54.3,8.9,1315.0,1.01,2.34,표준,1,5,0.866,2.7,173,0
3,1,암,삼원교잡(LYD),62.8,25.3,21.8,57.8,20.9,612.0,1.37,2.33,표준,1,5,0.838,2.77,170,0
33,2,거세,삼원교잡(LYD),70.4,24.2,16.4,54.3,15.0,1691.0,1.43,2.46,고급,1,2,0.99,2.48,162,0
25,8,암,이원교잡(LY),71.3,25.7,15.3,66.3,21.5,500.0,1.34,2.05,저가,1,2,0.612,3.35,217,0
40,8,거세,삼원교잡(LYD),68.6,23.5,19.2,61.6,20.8,1944.0,1.32,2.0,저가,1,1,0.74,2.71,192,0
33,6,암,삼원교잡(LYD),71.2,31.1,17.7,68.7,19.1,1808.0,1.52,2.55,저가,0,2,0.778,3.27,179,0
39,1,암,삼원교잡(LYD),72.1,24.2,23.1,56.1,14.3,2301.0,1.4,2.3,고급,1,4,0.901,2.55,173,0
10,1,거세,삼원교잡(LYD),71.3,26.7,14.8,63.3,19.3,2591.0,1.26,1.7,저가,1,6,0.766,2.22,187,1
12,1,거세,삼원교잡(LYD),64.0,23.0,20.2,55.5,21.7,1968.0,1.13,2.16,표준,0,1,0.79,2.73,180,0
34,6,암,삼원교잡(LYD),68.7,27.8,21.3,66.9,18.6,1186.0,1.26,2.76,표준,1,2,0.946,2.92,161,0
10,7,거세,이원교잡(LY),72.0,27.2,21.8,48.7,16.2,2586.0,1.26,2.25,표준,1,2,0.881,2.56,172,0
3,6,암,이원교잡(LY),77.9,26.3,23.6,66.5,19.3,903.0,1.25,2.14,표준,1,1,0.75,2.86,196,1
27,3,거세,삼원교잡(LYD),68.6,21.9,20.7,62.2,11.8,549.0,1.32,1.85,표준,1,2,0.806,2.3,184,0
33,7,거세,삼원교잡(LYD),72.8,22.7,19.3,66.8,24.1,2426.0,0.95,2.13,표준,1,2,0.844,2.52,182,0
39,1,암,삼원교잡(LYD),74.4,30.1,27.0,48.5,4.9,1801.0,1.04,1.95,표준,1,2,0.727,2.68,191,0
38,7,암,삼원교잡(LYD),69.0,22.7,20.7,71.5,15.2,562.0,1.51,2.43,고급,1,2,0.92,2.64,169,0
5,8,거세,이원교잡(LY),75.7,26.9,27.7,62.0,12.6,822.0,0.74,2.31,고급,1,2,0.896,2.58,174,0
31,6,암,삼원교잡(LYD),76.0,22.2,20.7,67.2,11.2,1776.0,1.6,2.19,표준,1,3,0.771,2.84,196,0
34,8,암,삼원교잡(LYD),76.9,28.0,21.9,46.3,16.8,1065.0,1.16,2.07,표준,1,1,0.822,2.52,183,0
28,5,거세,삼원교잡(LYD),72.3,22.9,21.4,52.6,8.2,1137.0,1.72,2.76,표준,1,3,1.045,2.64,160,0
33,4,거세,삼원교잡(LYD),81.8,22.1,22.9,61.1,27.9,2483.0,1.61,2.09,표준,1,2,0.809,2.58,197,1
34,3,거세,삼원교잡(LYD),66.9,22.9,20.3,78.8,6.9,2574.0,1.22,2.09,표준,1,6,0.907,2.3,168,0
18,8,거세,삼원교잡(LYD),80.6,23.3,22.4,70.3,9.3,1573.0,1.24,2.23,고급,0,1,0.912,2.44,181,0
2,6,암,삼원교잡(LYD),73.8,26.2,28.1,66.3,8.7,1425.0,1.7,2.27,표준,1,2,0.69,3.29,203,0
19,2,거세,삼원교잡(LYD),76.7,25.2,26.2,55.8,16.2,1951.0,1.62,2.44,고급,0,2,0.912,2.68,175,0
9,8,거세,이원교잡(LY),68.4,21.7,26.2,53.9,21.1,1219.0,1.54,2.58,저가,0,1,0.731,3.53,196,0
5,1,암,삼원교잡(LYD),74.2,24.9,16.6,67.8,18.2,500.0,1.59,2.56,표준,1,2,0.81,3.16,185,0
5,5,암,삼원교잡(LYD),77.1,21.6,17.3,72.0,23.8,500.0,1.03,3.03,저가,0,1,0.966,3.14,174,0
28,2,암,삼원교잡(LYD),64.6,26.9,22.9,67.1,10.0,1463.0,1.35,1.79,고급,1,5,0.81,2.21,173,0
21,6,암,삼원교잡(LYD),69.2,27.5,25.1,82.1,19.0,1941.0,1.11,2.37,표준,1,3,0.8,2.96,179,0
22,4,거세,이원교잡(LY),60.0,24.9,19.9,58.2,13.2,1508.0,1.02,2.14,표준,1,4,0.8,2.68,173,0
30,4,암,삼원교잡(LYD),69.1,25.8,19.2,66.8,16.4,1905.0,1.34,2.9,고급,1,3,0.982,2.96,160,0
22,6,거세,삼원교잡(LYD),65.9,30.3,27.6,48.1,21.7,1955.0,1.2,2.35,표준,1,2,0.823,2.86,169,0
26,7,거세,삼원교잡(LYD),68.9,24.5,24.7,67.1,4.8,2193.0,1.26,1.69,고급,1,6,0.76,2.23,188,1
4,4,거세,삼원교잡(LYD),84.6,22.2,26.2,79.7,26.9,1593.0,1.17,2.43,고급,1,1,0.887,2.74,189,0
35,8,암,이원교잡(LY),78.6,26.7,20.2,54.6,14.1,1638.0,0.99,2.38,표준,1,1,0.811,2.94,187,0
18,4,암,삼원교잡(LYD),62.8,21.6,19.9,73.4,5.4,1482.0,1.72,2.53,표준,0,2,0.85,2.97,173,0
7,2,거세,삼원교잡(LYD),72.8,24.4,25.8,79.4,10.8,1371.0,1.34,2.08,표준,1,1,0.736,2.83,196,0
33,1,암,삼원교잡(LYD),74.0,23.2,20.9,58.1,15.6,714.0,0.94,2.4,표준,1,3,0.875,2.74,179,0
30,2,암,삼원교잡(LYD),68.3,22.9,19.6,69.7,10.8,2086.0,1.35,2.22,고급,1,1,0.814,2.73,181,0
3,6,거세,삼원교잡(LYD),70.9,24.2,18.3,80.8,2.7,1308.0,1.68,2.1,표준,1,4,0.861,2.44,176,0
8,5,암,삼원교잡(LYD),71.4,27.7,20.0,67.3,15.6,1279.0,1.54,2.4,표준,0,2,0.842,2.86,175,0
1,3,거세,삼원교잡(LYD),63.3,28.3,25.5,72.9,10.7,1229.0,1.17,2.35,표준,1,3,0.879,2.67,162,0
11,4,암,삼원교잡(LYD),64.8,27.8,16.0,47.3,18.9,830.0,1.18,2.62,표준,1,3,0.882,2.96,164,0
4,7,거세,삼원교잡(LYD),70.9,26.0,24.5,71.0,8.6,1457.0,1.06,2.31,고급,1,2,0.963,2.4,163,0
29,5,거세,삼원교잡(LYD),70.5,24.2,19.2,70.2,28.6,1758.0,1.11,2.48,표준,1,5,0.874,2.84,174,1
21,1,거세,삼원교잡(LYD),66.5,18.0,21.2,51.7,18.1,1147.0,1.13,1.94,고급,1,2,0.868,2.23,178,0
40,1,거세,삼원교잡(LYD),66.0,26.1,21.4,55.4,16.2,2019.0,0.93,2.72,표준,1,1,1.014,2.68,154,0
30,4,암,삼원교잡(LYD),69.6,18.2,21.1,71.0,18.7,1316.0,1.19,2.07,표준,1,1,0.73,2.83,202,0
25,4,거세,삼원교잡(LYD),74.4,19.2,20.9,62.0,4.1,734.0,1.39,2.57,표준,1,1,0.976,2.63,173,0
21,7,거세,삼원교잡(LYD),69.6,24.5,20.2,76.1,12.0,2187.0,1.2,2.38,고급,0,2,1.045,2.28,156,0
3,5,암,삼원교잡(LYD),78.1,25.8,19.7,68.1,25.7,1599.0,1.35,2.34,표준,1,5,0.809,2.89,188,0
3,7,암,삼원교잡(LYD),66.5,23.6,27.3,65.6,13.1,1932.0,1.71,2.53,표준,1,2,0.833,3.04,176,0
25,5,암,삼원교잡(LYD),71.0,29.6,22.1,63.3,14.6,1943.0,1.76,1.66,표준,1,4,0.689,2.41,195,0
1,3,거세,삼원교잡(LYD),68.2,26.4,21.5,67.9,12.2,1027.0,1.28,2.13,표준,1,2,0.842,2.53,173,0
2,6,거세,이원교잡(LY),72.9,24.3,19.4,73.0,23.8,1239.0,1.52,2.52,표준,1,2,0.875,2.88,177,1
9,5,거세,삼원교잡(LYD),66.1,29.2,20.4,70.3,13.5,2017.0,1.26,2.88,고급,1,0,1.015,2.83,151,0
36,6,암,삼원교잡(LYD),79.6,29.7,19.4,60.8,7.5,2418.0,1.18,2.29,표준,1,6,0.914,2.51,173,0
19,2,암,이원교잡(LY),61.5,26.5,25.1,77.4,30.5,1532.0,1.02,1.57,저가,1,0,0.562,2.79,219,0
29,6,암,삼원교잡(LYD),78.6,22.7,19.0,71.6,6.7,1186.0,1.32,2.2,저가,1,3,0.749,2.94,202,0
17,3,암,삼원교잡(LYD),70.4,23.3,13.0,68.9,14.4,2341.0,1.57,2.28,고급,1,1,0.861,2.65,177,0
7,7,거세,이원교잡(LY),72.8,20.7,22.2,65.9,9.9,1187.0,0.98,2.63,저가,1,4,0.982,2.68,169,0
15,7,암,삼원교잡(LYD),76.7,24.9,20.9,70.0,10.8,1664.0,1.23,2.31,고급,0,1,0.9,2.57,177,0
4,5,거세,삼원교잡(LYD),74.3,21.8,19.7,46.7,8.6,1286.0,1.22,1.92,표준,0,1,0.83,2.31,186,0
31,8,거세,삼원교잡(LYD),66.3,24.0,25.6,67.4,11.8,1635.0,1.36,2.59,표준,1,0,0.931,2.78,164,0
8,5,거세,삼원교잡(LYD),73.0,25.8,11.1,81.4,20.9,1027.0,1.37,2.47,고급,1,1,0.92,2.68,170,0
16,1,거세,삼원교잡(LYD),79.3,19.0,28.3,67.2,3.6,1313.0,1.43,2.09,고급,0,1,0.825,2.53,196,0
40,5,암,삼원교잡(LYD),65.6,21.2,26.2,65.8,22.6,1186.0,1.77,2.52,고급,1,1,0.821,3.06,180,0
24,7,거세,삼원교잡(LYD),80.6,23.5,19.5,59.0,21.5,1831.0,1.08,2.14,표준,1,4,0.811,2.63,193,0
19,1,암,삼원교잡(LYD),71.9,24.8,20.2,69.9,18.1,1582.0,1.07,2.21,표준,1,1,0.845,2.62,179,0
22,1,암,삼원교잡(LYD),67.8,23.5,24.0,63.0,15.8,1940.0,1.36,2.14,표준,1,5,0.842,2.54,176,0
32,3,암,삼원교잡(LYD),65.5,24.2,24.1,78.1,16.7,1087.0,1.66,2.21,표준,0,1,0.692,3.19,197,0
11,7,암,이원교잡(LY),68.9,22.9,19.5,56.4,23.5,1396.0,0.93,2.57,고급,1,5,0.93,2.77,168,0
26,5,거세,삼원교잡(LYD),60.2,20.7,15.5,60.5,4.5,1813.0,1.38,1.76,표준,1,4,0.755,2.34,185,0
35,8,거세,삼원교잡(LYD),67.9,23.4,30.5,59.0,19.4,1929.0,1.25,2.63,표준,1,1,0.828,3.18,179,0
23,7,거세,삼원교잡(LYD),68.7,24.4,25.8,83.3,10.5,777.0,1.51,2.35,고급,1,1,0.927,2.54,166,0
18,5,거세,삼원교잡(LYD),64.6,24.1,22.6,63.1,20.0,1659.0,1.46,2.18,저가,1,2,0.791,2.76,180,1
6,6,암,삼원교잡(LYD),73.7,25.3,22.7,59.5,11.3,1093.0,1.31,2.31,표준,1,2,0.819,2.82,183,0
10,3,거세,삼원교잡(LYD),68.9,26.3,24.5,44.1,19.2,1955.0,1.42,2.03,표준,0,2,0.733,2.76,190,0
38,1,거세,삼원교잡(LYD),66.8,27.0,25.0,55.9,5.7,2430.0,1.14,1.81,표준,1,5,0.754,2.4,183,0
22,4,거세,삼원교잡(LYD),68.4,23.1,13.7,70.3,4.8,500.0,1.5,2.04,표준,1,1,0.754,2.7,190,0
13,5,거세,이원교잡(LY),71.8,20.3,20.6,70.2,14.3,1172.0,1.65,1.73,표준,1,3,0.801,2.16,190,0
17,2,암,삼원교잡(LYD),70.4,28.8,20.2,58.5,23.6,1632.0,1.33,1.89,표준,1,4,0.731,2.59,188,0
24,2,거세,삼원교잡(LYD),66.5,26.2,21.4,59.0,18.2,1498.0,1.2,1.81,고급,1,1,0.893,2.03,166,0
22,1,암,삼원교잡(LYD),70.6,22.1,25.1,83.6,18.2,1970.0,1.26,2.67,고급,1,8,0.9,2.96,174,0
28,6,암,삼원교잡(LYD),69.7,25.8,14.8,92.0,20.2,1540.0,1.5,1.91,고급,1,0,0.761,2.51,187,0
11,8,암,삼원교잡(LYD),64.3,28.2,16.6,76.5,12.6,1235.0,1.29,2.29,저가,1,4,0.731,3.13,183,0
26,7,거세,이원교잡(LY),68.6,30.2,19.3,80.6,18.7,990.0,1.0,2.64,표준,1,2,0.935,2.82,159,0
18,4,암,이원교잡(LY),72.9,25.8,22.6,82.7,11.5,906.0,1.54,2.56,표준,0,3,0.949,2.69,167,0
38,5,거세,이원교잡(LY),72.9,28.2,25.3,87.1,13.1,1129.0,1.05,2.21,고급,1,2,0.886,2.5,171,0
7,8,거세,삼원교잡(LYD),68.9,21.4,28.5,62.0,13.9,1217.0,1.41,2.21,표준,1,3,0.801,2.76,186,0
6,5,암,삼원교잡(LYD),73.4,24.9,20.9,56.2,11.7,1692.0,0.83,2.35,저가,1,6,0.841,2.8,180,0
19,3,암,삼원교잡(LYD),65.1,24.0,25.3,83.3,14.6,1422.0,1.33,2.93,표준,1,2,0.864,3.4,170,1
21,3,거세,이원교잡(LY),65.3,26.0,24.8,55.4,13.5,1175.0,1.28,2.42,고급,1,3,0.938,2.58,160,0
28,6,암,삼원교잡(LYD),68.7,29.8,24.2,54.7,10.8,995.0,0.81,2.5,저가,1,2,0.852,2.94,169,0
17,4,거세,삼원교잡(LYD),77.5,25.7,21.9,54.9,14.2,1149.0,1.38,2.98,저가,1,3,1.027,2.9,164,0
37,7,암,삼원교잡(LYD),70.8,22.2,20.4,63.7,15.9,1218.0,1.02,2.38,표준,1,3,0.787,3.03,189,0
19,7,암,삼원교잡(LYD),68.6,21.2,17.7,45.2,8.4,1126.0,1.32,2.64,표준,1,4,0.877,3.02,176,0
6,1,암,삼원교잡(LYD),77.7,29.9,17.5,50.7,17.5,1837.0,1.2,2.44,표준,1,1,0.852,2.87,178,0
5,6,암,삼원교잡(LYD),68.6,26.5,23.4,58.8,12.0,2184.0,0.93,2.44,표준,1,2,0.838,2.91,174,0
39,3,암,삼원교잡(LYD),81.2,26.3,21.8,53.0,16.2,912.0,1.04,2.01,저가,1,1,0.782,2.57,195,0
6,5,암,삼원교잡(LYD),67.4,24.0,20.3,75.6,11.0,2060.0,1.06,1.96,표준,1,0,0.781,2.51,184,0
38,3,암,삼원교잡(LYD),64.9,25.8,24.7,65.1,21.3,1847.0,1.55,2.15,표준,1,2,0.74,2.9,185,0
12,3,암,삼원교잡(LYD),69.2,22.0,21.2,70.8,20.7,1590.0,1.51,2.56,고급,1,1,0.972,2.64,165,0
4,3,거세,삼원교잡(LYD),68.8,26.2,18.3,69.7,8.7,2263.0,1.85,2.55,표준,1,6,0.882,2.89,169,0
13,1,암,삼원교잡(LYD),66.0,21.5,20.9,62.9,18.1,1415.0,1.17,2.7,고급,1,3,0.994,2.72,160,0
25,7,거세,삼원교잡(LYD),83.0,23.9,25.3,74.9,23.7,1701.0,1.16,2.3,표준,1,3,0.818,2.81,194,0
18,2,암,이원교잡(LY),71.6,23.1,17.9,69.5,9.3,1562.0,1.33,2.46,저가,1,1,0.829,2.97,183,0
32,4,거세,삼원교잡(LYD),72.3,18.0,22.8,61.8,9.8,1525.0,1.21,2.46,고급,0,6,0.977,2.52,172,0
25,2,거세,삼원교잡(LYD),67.7,24.0,21.8,48.2,19.4,1729.0,1.15,2.27,표준,1,2,0.888,2.55,170,0
17,2,암,삼원교잡(LYD),67.1,22.3,19.0,70.2,7.2,1523.0,1.31,2.2,표준,1,3,0.714,3.09,197,0
26,3,거세,삼원교잡(LYD),75.1,24.4,20.8,52.4,10.3,1733.0,1.48,1.85,고급,1,4,0.915,2.03,174,0
39,8,거세,삼원교잡(LYD),61.6,25.0,15.7,68.8,8.9,1165.0,0.77,2.25,표준,1,1,0.85,2.65,168,0
17,8,암,삼원교잡(LYD),64.3,30.3,22.4,65.8,19.5,1181.0,1.16,2.27,표준,0,1,0.865,2.62,162,0
7,4,거세,삼원교잡(LYD),68.8,25.9,16.5,51.4,10.8,1163.0,0.95,2.64,고급,1,3,0.998,2.64,158,0
17,5,거세,삼원교잡(LYD),76.8,26.0,26.3,67.6,13.3,1318.0,1.26,2.67,표준,1,2,0.873,3.06,179,0
34,8,거세,삼원교잡(LYD),68.1,26.5,21.6,66.9,10.5,2007.0,1.41,2.34,표준,1,2,0.936,2.5,163,0
9,2,거세,삼원교잡(LYD),72.1,27.6,19.7,66.9,21.9,1269.0,1.58,2.92,표준,1,1,0.992,2.94,160,0
38,8,거세,삼원교잡(LYD),70.1,26.4,26.6,66.5,9.8,1826.0,1.19,2.36,고급,1,1,0.933,2.53,165,0
24,1,거세,삼원교잡(LYD),76.5,25.8,17.9,58.5,6.6,1633.0,1.33,2.61,고급,1,3,1.05,2.48,161,0
25,2,거세,삼원교잡(LYD),62.1,27.1,19.0,70.9,6.3,1279.0,0.88,2.27,고급,1,4,0.986,2.3,151,0
13,3,거세,삼원교잡(LYD),73.7,18.0,14.7,58.1,19.2,2155.0,1.08,1.96,표준,1,3,0.76,2.58,201,0
37,1,거세,이원교잡(LY),69.0,31.3,27.2,54.3,19.6,1868.0,1.35,2.17,고급,1,0,0.84,2.59,169,0
2,7,암,삼원교잡(LYD),74.6,29.8,29.5,71.7,22.5,1501.0,0.96,2.74,표준,0,3,0.742,3.7,190,0
12,7,암,이원교잡(LY),65.9,25.7,15.3,74.4,7.4,1459.0,1.61,2.22,표준,1,2,0.802,2.77,177,0
17,4,거세,삼원교잡(LYD),70.1,20.8,18.7,71.1,13.6,1547.0,1.43,2.16,저가,1,2,0.731,2.96,199,0
20,7,거세,이원교잡(LY),69.5,28.6,22.3,62.9,29.6,735.0,1.07,2.3,저가,1,1,0.808,2.85,176,0
19,7,암,삼원교잡(LYD),65.0,22.9,19.9,45.6,13.2,1088.0,0.93,2.18,표준,1,1,0.832,2.63,176,0
6,7,암,삼원교잡(LYD),63.6,26.6,21.9,79.8,11.6,1731.0,1.12,2.66,고급,1,2,0.999,2.66,152,0
10,7,거세,삼원교잡(LYD),67.1,21.2,21.5,45.4,14.9,709.0,1.08,2.87,고급,1,1,1.162,2.47,148,0
4,5,거세,삼원교잡(LYD),70.6,31.7,23.6,70.9,18.2,1126.0,1.0,2.3,표준,0,3,0.913,2.52,162,0
23,1,거세,이원교잡(LY),66.2,20.7,18.2,86.1,18.1,1304.0,0.95,2.46,표준,1,1,0.954,2.58,165,0
15,8,암,삼원교잡(LYD),68.3,25.2,22.8,66.5,11.3,2952.0,1.24,2.59,표준,1,5,0.944,2.75,164,0
23,5,암,삼원교잡(LYD),60.6,18.6,17.5,67.9,11.5,1837.0,1.48,2.33,표준,1,1,0.829,2.81,177,1
24,8,암,삼원교잡(LYD),68.1,24.9,20.4,68.8,13.2,2049.0,1.12,2.04,고급,1,3,0.86,2.37,173,0
29,8,거세,삼원교잡(LYD),75.1,23.7,15.1,67.0,10.6,1097.0,1.41,2.18,표준,1,3,0.861,2.53,181,0
22,2,거세,삼원교잡(LYD),73.5,28.4,20.4,88.5,7.6,1681.0,1.22,2.42,표준,1,5,0.975,2.48,162,0
26,4,거세,이원교잡(LY),69.6,23.7,19.7,56.6,25.8,620.0,1.45,2.42,고급,1,2,0.924,2.62,168,1
24,2,거세,삼원교잡(LYD),71.2,28.4,25.8,55.3,12.6,1335.0,1.1,1.76,표준,1,3,0.755,2.33,186,0
27,1,거세,삼원교잡(LYD),65.9,21.9,21.8,61.7,12.9,1753.0,1.37,2.17,표준,1,2,0.877,2.47,172,0
25,8,암,삼원교잡(LYD),78.1,24.2,22.5,82.4,13.1,791.0,1.33,2.08,표준,1,1,0.806,2.58,191,0
13,8,거세,이원교잡(LY),80.3,24.2,21.9,59.2,14.5,1697.0,1.64,2.56,표준,1,1,0.979,2.62,173,0
10,8,암,삼원교잡(LYD),70.8,26.5,13.5,69.3,17.6,1738.0,1.44,2.09,고급,0,4,0.739,2.83,191,0
32,8,거세,삼원교잡(LYD),83.0,26.1,14.0,75.7,12.2,1199.0,1.36,2.16,표준,1,2,0.835,2.59,189,0
14,6,거세,이원교잡(LY),66.6,27.2,20.7,72.8,21.8,1083.0,0.93,2.15,표준,1,1,0.854,2.52,169,0
22,5,암,삼원교잡(LYD),63.7,25.8,23.1,75.2,18.6,1142.0,1.17,2.54,표준,1,1,0.824,3.08,172,0
8,8,암,삼원교잡(LYD),66.5,27.0,21.1,79.2,13.9,1327.0,1.1,2.59,표준,1,4,0.969,2.67,157,0
18,5,거세,삼원교잡(LYD),68.9,22.3,18.5,68.1,11.0,1342.0,1.09,2.45,표준,1,2,0.905,2.7,171,0
22,6,암,삼원교잡(LYD),81.6,26.2,21.0,60.4,21.5,1755.0,1.3,2.63,표준,1,3,0.938,2.8,176,0
26,2,거세,이원교잡(LY),68.6,29.8,20.7,66.5,14.0,1233.0,1.36,2.67,표준,1,1,0.921,2.9,161,0
22,6,거세,이원교잡(LY),65.7,20.0,25.1,61.6,7.5,2301.0,1.37,1.76,표준,0,5,0.671,2.62,207,0
15,7,거세,삼원교잡(LYD),65.5,26.5,24.9,90.2,21.1,2297.0,1.62,2.48,고급,1,2,0.893,2.77,165,0
39,6,거세,이원교잡(LY),75.7,27.0,19.8,59.7,10.6,1618.0,1.42,2.19,저가,1,4,0.84,2.61,180,0
21,4,암,삼원교잡(LYD),75.0,29.4,21.8,69.8,20.2,1328.0,0.99,1.92,고급,1,1,0.826,2.33,179,0
33,2,거세,이원교잡(LY),67.6,27.2,23.1,50.0,2.0,1233.0,1.35,2.2,고급,0,1,1.0,2.2,155,0
30,1,암,삼원교잡(LYD),60.6,25.3,23.7,66.3,12.8,1658.0,1.45,2.52,저가,1,5,0.778,3.24,176,0
23,6,암,삼원교잡(LYD),64.4,26.3,28.6,62.1,22.0,1746.0,1.62,2.74,표준,1,5,0.81,3.38,174,0
36,6,거세,삼원교잡(LYD),78.6,22.8,21.9,71.8,15.0,1399.0,1.26,1.9,표준,0,4,0.726,2.61,206,0
6,7,거세,삼원교잡(LYD),73.4,23.8,26.7,72.0,18.6,1303.0,1.26,2.49,표준,1,4,0.805,3.09,187,0
37,8,거세,삼원교잡(LYD),70.3,21.0,17.4,79.2,9.6,1676.0,1.57,2.89,고급,1,2,1.06,2.73,159,0
35,4,암,삼원교잡(LYD),79.3,29.5,19.4,78.4,17.1,1535.0,1.34,2.85,표준,1,3,0.891,3.2,175,0
21,7,암,삼원교잡(LYD),79.8,26.4,13.5,64.3,15.0,1214.0,0.9,1.5,표준,1,2,0.655,2.29,215,0
30,6,암,삼원교잡(LYD),69.8,22.3,22.6,55.6,16.5,1557.0,0.85,2.95,고급,1,0,1.024,2.89,160,0
21,3,거세,삼원교잡(LYD),69.9,25.8,24.6,56.7,27.2,1197.0,1.76,2.59,표준,1,2,0.885,2.92,171,0
11,7,거세,삼원교잡(LYD),67.1,28.5,11.8,68.0,22.8,1124.0,0.87,1.61,고급,1,2,0.771,2.08,179,0
32,1,암,삼원교잡(LYD),68.6,28.0,22.8,66.6,19.8,1498.0,1.26,2.07,표준,0,1,0.712,2.91,191,1
10,5,거세,이원교잡(LY),62.6,22.2,24.4,67.6,19.8,1213.0,1.52,2.68,표준,1,2,0.895,2.99,166,0
13,8,암,삼원교잡(LYD),62.5,18.0,24.2,59.6,9.5,1134.0,0.86,2.41,저가,1,3,0.815,2.96,182,0
21,6,거세,이원교잡(LY),61.4,26.2,17.2,79.4,12.2,2023.0,1.03,2.13,저가,1,4,0.862,2.47,164,0
34,8,거세,이원교잡(LY),75.4,22.3,25.1,50.3,5.8,1304.0,0.99,2.32,저가,1,2,0.813,2.85,189,0
16,1,암,삼원교잡(LYD),62.2,26.9,22.0,59.1,7.4,2422.0,1.75,2.46,저가,1,4,0.738,3.34,182,0
20,5,거세,삼원교잡(LYD),79.7,27.9,24.4,54.2,9.7,1813.0,1.8,2.13,저가,1,2,0.748,2.84,196,0
2,7,암,삼원교잡(LYD),66.3,28.3,21.5,62.9,14.8,1090.0,1.12,2.26,표준,1,2,0.802,2.82,174,0
5,6,거세,이원교잡(LY),78.7,30.2,23.5,77.5,7.6,2080.0,1.44,2.57,고급,0,4,0.933,2.75,170,0
3,8,암,삼원교잡(LYD),68.2,28.7,26.4,62.1,14.8,1142.0,1.38,2.09,표준,1,1,0.709,2.95,190,0
3,4,암,이원교잡(LY),62.2,30.2,21.2,66.0,14.1,2487.0,1.23,1.89,표준,1,3,0.706,2.68,182,0
35,6,암,이원교잡(LY),76.4,29.1,23.1,71.6,8.2,1613.0,0.89,2.11,저가,1,2,0.789,2.67,185,0
34,4,암,삼원교잡(LYD),77.0,29.4,27.0,61.6,24.2,1771.0,1.88,2.03,표준,1,2,0.578,3.52,225,0
33,7,암,삼원교잡(LYD),65.5,24.9,21.5,68.8,7.1,1515.0,0.85,2.12,고급,1,0,1.03,2.06,153,0
3,1,암,삼원교잡(LYD),68.3,21.1,17.5,67.5,21.7,1633.0,1.35,1.78,고급,1,4,0.772,2.31,190,0
4,3,거세,삼원교잡(LYD),65.5,32.4,24.7,53.7,2.0,1385.0,1.14,2.37,고급,1,4,0.958,2.48,152,0
12,1,거세,이원교잡(LY),69.4,25.2,27.7,60.4,14.1,1037.0,1.55,2.56,표준,0,5,0.794,3.22,183,0
23,6,암,삼원교잡(LYD),70.5,28.7,27.2,68.5,7.8,1670.0,1.51,2.06,표준,1,3,0.704,2.92,193,0
14,2,거세,삼원교잡(LYD),68.2,23.3,24.9,77.8,11.1,2012.0,1.06,2.1,고급,1,3,0.923,2.28,168,0
20,3,거세,삼원교잡(LYD),60.9,27.9,12.6,77.8,25.9,905.0,1.1,2.24,고급,0,3,0.82,2.74,167,0
7,7,암,이원교잡(LY),67.1,18.0,19.5,86.0,12.9,2270.0,0.91,2.03,표준,1,4,0.746,2.72,197,0
30,3,거세,삼원교잡(LYD),73.5,23.8,19.7,69.9,8.4,1801.0,1.35,2.6,저가,1,7,0.867,2.99,179,0
13,2,암,이원교잡(LY),69.0,24.7,22.2,60.9,17.9,1282.0,1.48,2.03,표준,0,3,0.737,2.76,192,0
3,1,암,삼원교잡(LYD),68.4,26.4,28.8,64.4,12.9,1273.0,1.19,2.14,고급,0,3,0.709,3.02,193,0
30,2,거세,삼원교잡(LYD),65.3,28.2,17.7,63.9,15.9,2432.0,1.24,2.07,표준,1,3,0.834,2.48,169,0
37,8,암,이원교잡(LY),66.9,21.7,31.0,60.9,9.5,1969.0,1.78,2.6,고급,1,2,0.718,3.62,197,0
1,5,거세,삼원교잡(LYD),77.0,27.0,20.5,68.8,9.8,2070.0,1.53,2.23,표준,1,2,0.904,2.47,174,0
18,8,암,삼원교잡(LYD),64.3,28.7,18.9,69.3,10.3,1374.0,1.64,2.9,저가,0,0,0.872,3.32,163,0
34,2,암,삼원교잡(LYD),73.6,32.0,25.4,53.3,19.8,1778.0,0.74,2.41,고급,0,2,0.781,3.08,180,1
29,3,거세,삼원교잡(LYD),70.2,27.1,25.7,75.9,13.6,1675.0,1.44,2.65,저가,1,1,0.873,3.03,171,0
35,2,거세,삼원교잡(LYD),71.2,23.6,24.6,46.6,8.7,1413.0,1.36,2.2,표준,1,6,0.874,2.52,176,0
17,4,거세,삼원교잡(LYD),66.3,21.2,18.9,62.8,16.0,1555.0,0.99,2.02,고급,1,3,0.859,2.35,176,0
15,5,거세,삼원교잡(LYD),68.2,30.5,24.0,76.5,15.5,2055.0,1.04,2.29,고급,1,3,0.959,2.39,156,0
29,7,거세,삼원교잡(LYD),70.0,27.2,17.9,71.1,18.4,2300.0,1.25,2.1,고급,1,1,0.825,2.54,176,0
7,3,암,삼원교잡(LYD),67.4,24.9,18.8,61.4,12.1,1374.0,0.96,1.7,고급,1,3,0.686,2.48,199,0
10,7,거세,삼원교잡(LYD),71.7,20.1,21.6,84.7,14.5,843.0,1.1,2.6,표준,1,1,0.97,2.69,169,0
25,6,암,삼원교잡(LYD),72.3,22.2,18.7,60.6,17.5,2322.0,1.18,2.31,저가,1,3,0.733,3.15,199,0
27,3,거세,이원교잡(LY),80.9,26.9,26.2,45.0,8.9,2328.0,1.44,2.09,고급,0,3,0.785,2.66,193,0
5,8,암,삼원교잡(LYD),71.4,26.1,19.7,69.5,20.3,1700.0,1.12,2.41,저가,1,1,0.811,2.97,181,0
21,4,거세,삼원교잡(LYD),60.4,19.2,21.1,47.2,15.1,2396.0,1.19,2.31,표준,0,4,0.892,2.6,168,0
15,2,거세,삼원교잡(LYD),75.8,26.9,18.5,56.7,8.4,1664.0,1.56,2.72,표준,1,3,1.051,2.59,160,0
21,8,암,이원교잡(LY),69.0,20.3,26.2,71.2,8.3,1045.0,0.86,2.43,표준,0,1,0.839,2.9,182,0
39,8,거세,삼원교잡(LYD),80.1,29.1,19.3,60.4,14.4,844.0,1.36,2.25,저가,1,2,0.845,2.67,182,0
4,1,암,이원교잡(LY),77.4,25.6,26.6,70.8,11.7,839.0,1.4,2.51,저가,1,2,0.727,3.45,200,0
40,8,거세,이원교잡(LY),67.5,23.6,26.3,53.4,19.5,1502.0,1.4,2.29,고급,1,3,0.772,2.97,186,0
18,8,암,삼원교잡(LYD),73.6,28.0,20.2,73.6,13.3,1267.0,1.17,2.36,표준,1,4,0.934,2.52,167,0
31,7,암,이원교잡(LY),67.0,26.1,22.1,48.1,16.8,1211.0,1.03,2.67,고급,1,0,1.005,2.66,156,0
17,3,암,삼원교잡(LYD),70.0,29.0,20.1,78.2,9.9,1447.0,1.68,1.95,고급,1,1,0.877,2.22,168,0
13,6,거세,이원교잡(LY),73.4,25.2,24.2,60.2,14.9,1929.0,1.09,2.04,고급,1,1,0.828,2.47,182,0
31,5,거세,이원교잡(LY),75.6,25.4,21.2,80.3,22.9,1226.0,1.02,2.17,표준,0,4,0.87,2.5,178,1
28,5,거세,이원교잡(LY),74.5,24.1,20.3,56.6,14.1,1142.0,1.31,2.22,고급,1,0,0.947,2.34,170,0
6,5,거세,삼원교잡(LYD),70.4,25.8,22.2,84.2,11.7,1259.0,1.12,2.65,저가,1,2,0.988,2.68,161,0
29,6,거세,삼원교잡(LYD),82.4,30.1,15.7,55.4,9.8,1960.0,1.56,1.88,표준,1,3,0.799,2.35,189,0
31,5,암,삼원교잡(LYD),68.2,23.5,21.7,47.1,14.9,1465.0,1.23,2.29,표준,1,1,0.831,2.76,178,0
16,6,암,삼원교잡(LYD),62.0,26.9,24.6,65.4,23.5,1640.0,1.6,2.13,표준,1,1,0.72,2.97,184,0
38,5,암,삼원교잡(LYD),62.9,22.4,22.6,77.3,6.8,2277.0,1.41,2.81,표준,1,1,0.955,2.94,160,0
26,1,거세,삼원교잡(LYD),77.4,18.8,25.8,72.9,14.7,2922.0,1.2,2.57,고급,1,2,0.989,2.59,175,0
14,1,거세,삼원교잡(LYD),69.6,25.6,20.5,76.6,4.7,1820.0,1.58,2.37,표준,1,1,0.902,2.63,169,0
1,8,암,삼원교잡(LYD),70.8,26.1,20.2,73.1,12.5,1771.0,1.14,2.59,고급,1,4,0.943,2.75,165,0
27,8,거세,삼원교잡(LYD),67.3,24.7,17.5,56.8,16.6,908.0,1.22,1.9,고급,1,1,0.837,2.27,175,0
9,5,거세,삼원교잡(LYD),67.7,20.5,20.4,72.7,5.5,1684.0,1.43,2.91,표준,1,3,1.08,2.69,155,0
31,2,거세,삼원교잡(LYD),66.1,25.9,29.9,65.9,12.3,1531.0,1.36,2.05,고급,1,3,0.773,2.65,181,0
22,7,암,삼원교잡(LYD),72.4,25.8,23.1,57.9,16.7,1946.0,1.13,2.68,표준,1,1,0.891,3.0,172,0
19,2,암,삼원교잡(LYD),69.5,22.3,19.7,66.8,15.8,1304.0,0.92,2.47,표준,0,4,0.901,2.74,172,0
7,4,거세,삼원교잡(LYD),72.2,20.9,18.0,64.4,17.0,1600.0,1.3,2.38,표준,1,3,0.909,2.62,176,0
29,3,거세,이원교잡(LY),71.7,24.2,15.6,79.2,9.2,1803.0,1.12,2.66,표준,1,4,0.956,2.79,167,0
7,1,거세,삼원교잡(LYD),67.9,27.0,18.7,59.9,16.7,2449.0,1.31,2.6,고급,1,6,0.957,2.72,160,0
17,7,거세,삼원교잡(LYD),62.7,26.2,25.0,59.4,11.4,2282.0,1.19,2.33,고급,1,2,0.925,2.52,159,0
34,5,암,삼원교잡(LYD),62.3,22.4,20.3,58.0,19.3,2133.0,1.12,2.17,표준,1,1,0.769,2.83,183,0
37,3,거세,삼원교잡(LYD),85.0,25.4,18.2,84.0,2.0,1864.0,1.23,2.34,표준,1,3,0.91,2.57,183,0
40,5,암,삼원교잡(LYD),77.4,27.7,18.6,58.6,13.3,1284.0,1.28,2.27,표준,1,3,0.851,2.67,180,0
39,1,거세,삼원교잡(LYD),76.7,21.5,24.6,78.0,15.6,1863.0,1.47,2.41,고급,0,1,0.951,2.53,175,0
23,4,거세,삼원교잡(LYD),66.6,25.2,21.7,54.7,23.1,1114.0,1.41,2.61,저가,1,3,0.875,2.98,169,0
9,5,암,삼원교잡(LYD),70.0,29.0,19.5,70.1,15.5,1397.0,1.82,2.44,고급,1,0,0.887,2.75,167,1
34,3,거세,삼원교잡(LYD),65.9,21.2,20.8,67.6,16.1,2389.0,1.34,2.36,표준,1,1,0.869,2.71,174,0
33,7,암,삼원교잡(LYD),63.4,28.5,30.8,77.3,17.3,1769.0,1.13,2.1,저가,1,2,0.55,3.83,221,0
40,2,거세,이원교잡(LY),67.1,29.9,26.9,75.9,22.5,1614.0,1.26,2.4,저가,1,2,0.787,3.04,175,0
27,2,암,삼원교잡(LYD),76.6,24.3,27.9,65.8,12.7,1678.0,1.44,1.79,표준,1,2,0.574,3.12,235,0
6,5,거세,삼원교잡(LYD),74.2,24.0,15.0,59.6,6.6,1453.0,1.55,2.06,고급,1,3,0.862,2.39,180,0
21,8,거세,삼원교잡(LYD),65.1,28.1,21.4,81.2,5.4,500.0,1.64,2.48,표준,1,3,0.932,2.66,158,0
18,4,암,삼원교잡(LYD),68.4,24.4,19.4,58.6,19.0,868.0,1.05,2.57,표준,1,2,0.897,2.86,169,0
34,1,거세,삼원교잡(LYD),73.7,18.0,24.2,42.3,16.3,1809.0,1.62,2.29,고급,1,3,0.89,2.58,183,0
16,8,거세,삼원교잡(LYD),67.1,24.7,26.2,46.4,13.5,1040.0,1.29,2.36,고급,1,1,0.881,2.68,170,0
14,4,암,삼원교잡(LYD),70.4,26.4,23.3,48.8,11.5,1446.0,1.07,2.41,표준,1,2,0.921,2.62,167,0
4,2,암,삼원교잡(LYD),72.0,27.2,18.5,71.0,16.1,886.0,1.25,2.5,표준,0,1,0.907,2.76,169,0
34,5,암,삼원교잡(LYD),72.0,22.4,19.4,87.1,16.3,1141.0,1.6,2.24,표준,1,3,0.806,2.78,187,0
31,3,암,삼원교잡(LYD),71.3,24.2,24.5,44.6,17.9,1498.0,1.41,2.01,고급,1,2,0.779,2.57,188,0
2,8,암,삼원교잡(LYD),66.7,27.9,24.9,57.2,8.3,1962.0,1.0,2.42,저가,1,3,0.785,3.08,178,0
18,3,암,이원교잡(LY),67.2,24.8,22.6,65.9,4.4,2062.0,1.0,2.89,저가,1,1,0.966,2.99,161,0
20,5,암,삼원교잡(LYD),64.3,20.4,22.5,80.5,9.5,1133.0,0.99,2.02,표준,1,1,0.759,2.67,189,0
19,5,거세,삼원교잡(LYD),62.2,28.7,22.2,57.1,6.9,1653.0,1.12,2.26,고급,0,8,1.009,2.24,148,0
37,2,거세,삼원교잡(LYD),69.4,24.4,23.1,70.9,6.6,787.0,1.32,2.18,고급,1,3,0.943,2.32,166,0
7,4,암,삼원교잡(LYD),74.1,28.3,24.9,62.5,24.4,1528.0,1.02,3.02,표준,1,0,0.897,3.37,171,0
13,1,암,삼원교잡(LYD),63.1,20.8,24.5,91.1,2.0,1977.0,1.19,2.01,표준,0,3,0.755,2.66,188,0
8,6,거세,삼원교잡(LYD),71.4,24.6,22.1,66.4,17.8,1466.0,1.65,2.25,표준,1,3,0.887,2.54,173,0
10,7,거세,삼원교잡(LYD),73.9,26.5,21.8,68.6,20.4,2158.0,1.7,2.19,표준,0,1,0.803,2.73,184,1
37,8,거세,삼원교잡(LYD),60.8,24.7,21.7,65.8,20.9,1918.0,1.69,1.92,저가,1,4,0.691,2.79,192,0
38,3,암,이원교잡(LY),68.6,21.5,18.9,60.9,16.7,1621.0,0.85,1.91,표준,1,4,0.667,2.86,209,0
2,3,암,삼원교잡(LYD),78.2,18.0,18.8,74.5,22.9,1375.0,1.72,2.47,저가,1,2,0.753,3.28,207,0
26,5,거세,이원교잡(LY),72.8,29.6,24.2,53.4,25.7,1233.0,1.32,2.51,표준,1,2,0.879,2.86,170,0
10,6,암,삼원교잡(LYD),60.6,25.7,19.1,45.0,13.2,771.0,1.32,2.13,표준,0,2,0.753,2.83,179,0
8,8,암,삼원교잡(LYD),73.3,28.5,25.3,63.5,17.7,852.0,1.56,2.72,고급,1,1,0.879,3.1,172,0
12,1,암,삼원교잡(LYD),66.3,27.8,21.8,73.2,22.7,1997.0,1.48,1.62,고급,1,1,0.666,2.44,197,1
8,2,거세,삼원교잡(LYD),73.5,26.8,25.3,59.2,9.8,2257.0,0.83,1.92,저가,1,2,0.737,2.61,193,0
20,3,암,이원교잡(LY),66.5,24.0,24.5,66.9,13.5,959.0,1.15,2.05,표준,1,2,0.709,2.9,195,0
40,3,암,삼원교잡(LYD),69.7,26.5,25.4,52.8,11.2,1534.0,1.21,2.3,표준,0,2,0.733,3.13,190,0
24,4,암,삼원교잡(LYD),67.3,29.3,20.1,75.6,17.8,713.0,0.97,2.16,표준,1,4,0.785,2.76,176,0
29,7,거세,삼원교잡(LYD),70.0,25.2,23.6,71.5,3.6,1012.0,1.55,2.24,고급,1,2,1.026,2.18,158,0
20,1,암,이원교잡(LY),67.2,30.7,25.0,65.2,23.6,1630.0,1.66,2.45,표준,1,3,0.86,2.84,165,0
1,7,암,삼원교잡(LYD),68.9,20.5,15.8,66.7,18.2,1241.0,1.3,2.74,고급,1,1,0.993,2.76,164,0
4,5,거세,이원교잡(LY),64.1,20.2,28.8,51.1,18.5,542.0,1.37,2.54,표준,1,4,0.838,3.03,177,0
11,5,거세,이원교잡(LY),72.5,28.0,31.1,51.5,2.0,2359.0,1.3,2.32,표준,1,1,0.715,3.24,194,0
10,6,암,삼원교잡(LYD),70.9,22.5,25.8,63.8,8.8,1475.0,1.32,2.28,표준,1,0,0.897,2.54,174,0
34,1,암,이원교잡(LY),61.9,31.1,25.2,70.1,23.9,948.0,1.58,2.63,표준,1,2,0.821,3.21,164,0
34,6,거세,이원교잡(LY),75.0,29.0,24.4,70.6,13.9,1564.0,0.86,2.87,저가,1,3,0.914,3.13,169,0
35,2,거세,삼원교잡(LYD),69.1,29.8,20.7,61.4,4.7,1460.0,1.42,2.49,표준,1,3,1.077,2.31,148,0
26,5,거세,삼원교잡(LYD),70.8,27.7,21.6,72.5,16.3,1711.0,1.3,2.15,저가,1,3,0.806,2.67,179,0
23,6,암,삼원교잡(LYD),73.8,22.2,25.9,79.2,19.1,1330.0,1.12,2.38,표준,1,3,0.814,2.92,188,0
26,5,암,삼원교잡(LYD),71.6,20.0,18.1,64.1,18.2,1657.0,1.17,2.47,표준,1,2,0.836,2.96,185,0
17,3,거세,삼원교잡(LYD),75.8,29.5,17.8,68.1,14.1,1972.0,1.76,2.13,저가,1,3,0.791,2.7,184,0
27,4,거세,삼원교잡(LYD),68.5,20.5,20.4,62.9,21.8,841.0,0.97,2.56,고급,0,1,1.004,2.55,163,0
32,4,거세,삼원교잡(LYD),75.2,29.8,24.6,63.7,10.8,1153.0,1.26,2.38,저가,0,1,0.854,2.79,175,0
31,1,거세,삼원교잡(LYD),70.6,27.0,18.5,66.7,18.2,1920.0,1.71,2.65,고급,1,2,1.034,2.56,156,0
25,6,암,삼원교잡(LYD),72.5,24.8,21.1,82.0,15.8,1224.0,0.98,2.01,저가,1,3,0.739,2.72,195,0
3,1,암,삼원교잡(LYD),72.0,26.3,21.6,74.2,14.2,1459.0,1.19,1.78,표준,1,2,0.74,2.4,192,0
29,4,거세,삼원교잡(LYD),76.2,26.4,18.0,73.3,12.7,1265.0,1.31,2.18,표준,1,1,0.856,2.55,180,0
15,6,거세,삼원교잡(LYD),73.6,24.4,12.2,60.5,12.9,1296.0,1.4,2.31,표준,1,5,0.804,2.87,186,0
30,1,거세,삼원교잡(LYD),67.8,29.3,17.9,56.0,15.2,1254.0,1.28,1.76,고급,1,2,0.781,2.25,178,0
22,8,암,삼원교잡(LYD),66.8,29.2,23.0,68.9,13.2,871.0,1.08,2.12,표준,1,4,0.787,2.69,176,0
36,4,암,삼원교잡(LYD),69.8,25.5,23.9,77.4,19.4,1730.0,1.41,2.69,표준,1,5,0.917,2.93,167,0
14,1,암,이원교잡(LY),66.2,23.2,24.0,82.2,11.8,2031.0,1.27,2.46,저가,1,6,0.823,2.99,178,0
38,6,거세,삼원교잡(LYD),64.7,28.9,24.4,40.5,24.4,1412.0,1.46,2.34,표준,1,2,0.816,2.87,170,0
34,5,암,삼원교잡(LYD),60.0,18.9,19.5,89.5,11.5,1975.0,1.53,1.98,고급,1,3,0.807,2.46,179,0
14,6,거세,삼원교잡(LYD),62.3,26.3,18.6,69.2,20.5,1254.0,0.93,2.68,고급,1,3,0.972,2.75,153,0
20,7,암,삼원교잡(LYD),79.9,27.2,23.5,74.1,20.8,1225.0,1.56,2.17,저가,1,3,0.663,3.28,212,0
22,4,암,삼원교잡(LYD),66.7,22.5,21.2,47.6,16.0,1705.0,1.24,2.33,저가,1,2,0.797,2.92,183,0
31,7,거세,삼원교잡(LYD),79.5,27.9,25.6,62.6,15.5,1714.0,1.51,2.42,저가,1,4,0.8,3.03,188,0
28,3,암,삼원교잡(LYD),72.0,24.9,23.5,73.2,10.6,1444.0,1.42,2.35,고급,1,2,0.926,2.54,169,0
35,5,거세,삼원교잡(LYD),69.8,23.4,27.1,53.3,11.9,1838.0,1.76,2.75,표준,1,1,0.887,3.1,173,0
15,2,암,삼원교잡(LYD),62.5,27.9,20.1,36.1,16.3,857.0,1.3,2.47,표준,1,2,0.884,2.8,161,0
21,5,거세,삼원교잡(LYD),70.0,21.7,26.3,68.4,14.7,1348.0,1.2,2.4,표준,1,1,0.79,3.04,188,0
18,3,거세,삼원교잡(LYD),79.5,27.6,30.1,64.5,22.1,1982.0,1.17,2.27,저가,1,4,0.638,3.57,216,0
37,6,거세,이원교잡(LY),77.8,19.1,22.2,79.4,12.3,1981.0,1.04,2.43,고급,1,4,1.019,2.38,172,0
13,7,거세,삼원교잡(LYD),71.4,25.9,24.0,63.4,12.6,1918.0,1.5,2.24,표준,1,3,0.85,2.63,176,0
24,7,거세,이원교잡(LY),64.3,25.1,18.3,64.1,5.0,2010.0,1.02,2.36,표준,1,2,0.973,2.42,157,0
5,8,거세,삼원교잡(LYD),65.2,23.4,25.6,72.0,18.9,1314.0,1.5,2.2,표준,0,1,0.815,2.7,178,0
35,1,암,삼원교잡(LYD),65.7,26.2,26.5,75.3,18.3,647.0,1.24,2.15,고급,1,2,0.824,2.61,174,0
16,2,거세,삼원교잡(LYD),76.4,24.8,20.0,57.9,20.9,1371.0,0.86,2.03,표준,1,2,0.89,2.28,178,0
14,8,거세,삼원교잡(LYD),78.2,28.2,24.3,74.4,21.2,1818.0,1.67,2.22,고급,1,2,0.929,2.39,172,0
24,4,암,삼원교잡(LYD),71.0,26.7,23.1,59.8,19.7,1900.0,0.7,2.2,고급,1,4,0.854,2.57,174,0
20,1,암,이원교잡(LY),68.5,26.4,23.6,65.2,20.0,1237.0,1.28,2.85,표준,1,2,1.006,2.83,157,0
34,3,거세,삼원교잡(LYD),77.7,25.9,25.2,71.7,18.7,1016.0,1.36,2.6,표준,1,1,1.005,2.58,166,0
22,7,거세,삼원교잡(LYD),65.1,23.6,24.1,73.5,19.6,1066.0,0.72,2.26,저가,1,2,0.762,2.96,185,0
21,3,암,삼원교잡(LYD),70.3,24.1,21.4,68.2,3.9,1228.0,1.41,2.17,표준,1,0,0.824,2.64,181,0
5,1,암,삼원교잡(LYD),72.3,25.7,25.3,54.2,8.4,551.0,1.13,2.48,표준,1,4,0.87,2.86,175,0
1,6,거세,삼원교잡(LYD),65.7,24.5,26.4,46.3,7.4,1236.0,1.24,2.88,저가,0,3,0.921,3.13,164,0
16,2,암,삼원교잡(LYD),66.8,28.3,19.8,63.1,22.6,1524.0,1.64,2.54,표준,1,6,0.765,3.32,180,1
40,3,거세,삼원교잡(LYD),66.4,25.3,22.0,74.7,10.3,1451.0,1.34,1.78,표준,1,2,0.765,2.33,184,0
37,1,거세,삼원교잡(LYD),77.1,26.1,14.9,69.5,11.3,1335.0,1.21,2.56,저가,1,1,0.893,2.87,177,0
26,5,암,삼원교잡(LYD),79.6,20.8,24.3,67.4,15.0,1155.0,1.26,2.61,표준,1,1,0.86,3.04,189,0
26,4,암,삼원교잡(LYD),70.6,27.8,26.9,64.9,7.5,1214.0,1.74,2.96,고급,1,2,0.99,2.99,159,0
16,7,암,삼원교잡(LYD),68.7,23.3,21.0,68.1,17.3,1222.0,1.4,2.23,고급,1,1,0.941,2.36,166,0
8,3,거세,삼원교잡(LYD),67.0,21.9,22.5,55.1,2.2,1853.0,1.08,2.34,고급,0,10,0.952,2.46,165,0
1,2,거세,이원교잡(LY),70.0,29.9,21.1,72.8,7.9,1500.0,1.18,2.44,표준,1,3,1.051,2.32,151,0
14,2,거세,이원교잡(LY),67.2,27.1,20.5,73.5,16.2,3083.0,1.0,2.07,표준,0,1,0.906,2.29,164,0
13,2,거세,삼원교잡(LYD),69.5,27.9,22.9,61.4,7.6,1334.0,1.19,2.04,고급,1,2,0.853,2.39,172,0
8,4,거세,삼원교잡(LYD),72.1,26.4,18.9,69.4,22.8,1719.0,1.7,2.42,표준,1,5,0.809,2.99,182,0
11,1,암,삼원교잡(LYD),68.0,24.7,21.1,47.8,15.3,1345.0,1.26,1.84,표준,0,1,0.697,2.63,197,0
1,4,암,삼원교잡(LYD),69.1,24.2,18.4,66.8,21.8,1333.0,0.97,1.9,표준,0,3,0.663,2.87,206,0
25,7,암,삼원교잡(LYD),69.1,27.3,24.4,63.7,17.1,2281.0,1.41,2.54,고급,1,1,0.921,2.76,164,0
38,7,거세,삼원교잡(LYD),68.4,28.4,23.0,77.6,14.9,1999.0,1.2,2.45,고급,1,4,1.006,2.43,154,0
28,6,거세,삼원교잡(LYD),67.8,24.8,20.3,63.0,9.0,623.0,1.44,2.67,표준,1,1,0.995,2.69,158,0
18,8,암,이원교잡(LY),73.8,31.2,22.1,73.7,20.6,989.0,1.24,2.44,고급,1,3,0.924,2.64,165,0
17,7,거세,삼원교잡(LYD),61.1,24.4,21.1,61.1,17.6,1432.0,1.66,2.3,표준,0,2,0.841,2.74,169,0
13,6,암,이원교잡(LY),77.9,20.8,26.6,42.1,27.5,1241.0,1.07,2.69,표준,1,0,0.82,3.28,193,0
6,7,거세,삼원교잡(LYD),70.7,19.8,20.2,62.7,20.0,746.0,1.01,2.17,표준,1,2,0.933,2.33,173,0
24,1,암,삼원교잡(LYD),73.1,19.9,24.5,67.0,12.6,1558.0,1.53,2.2,저가,1,7,0.625,3.52,225,0
23,7,암,삼원교잡(LYD),73.6,23.8,19.2,66.5,16.7,561.0,0.8,2.28,고급,1,3,0.898,2.54,175,0
1,3,암,삼원교잡(LYD),66.5,24.3,25.3,66.7,17.5,1563.0,1.26,2.44,고급,1,3,0.882,2.76,169,0
17,6,암,삼원교잡(LYD),65.4,27.0,26.1,59.9,22.0,1865.0,1.5,2.28,저가,1,2,0.669,3.41,197,0
12,8,암,삼원교잡(LYD),64.8,24.9,26.3,61.8,22.9,1936.0,0.75,1.85,표준,1,1,0.672,2.76,199,1
7,4,거세,삼원교잡(LYD),68.8,27.5,27.9,53.7,14.0,1428.0,1.32,2.22,고급,1,4,0.888,2.5,167,0
29,1,암,삼원교잡(LYD),73.5,25.1,23.2,45.0,7.7,2255.0,0.93,2.29,표준,1,5,0.844,2.71,180,0
22,3,암,삼원교잡(LYD),67.1,25.0,27.0,63.9,3.9,1666.0,0.84,2.33,표준,1,0,0.914,2.55,165,0
26,4,암,삼원교잡(LYD),73.0,23.3,28.5,57.5,8.2,1923.0,1.03,2.17,표준,1,1,0.675,3.21,209,0
29,8,거세,삼원교잡(LYD),60.0,29.3,17.5,75.8,11.4,1132.0,1.25,2.45,표준,1,2,0.948,2.59,150,0
40,8,거세,삼원교잡(LYD),68.1,20.4,19.6,43.2,24.0,2261.0,1.12,1.82,고급,1,4,0.811,2.24,185,0
33,5,암,삼원교잡(LYD),75.8,25.9,16.0,67.9,24.1,1499.0,1.58,2.42,표준,0,6,0.772,3.14,191,0
25,8,암,삼원교잡(LYD),69.1,24.5,26.2,86.2,20.8,2288.0,1.32,2.84,표준,1,3,0.888,3.19,171,0
36,4,거세,삼원교잡(LYD),65.9,27.3,16.0,63.2,22.4,2179.0,1.18,2.12,표준,1,4,0.776,2.73,179,0
20,4,거세,이원교잡(LY),66.7,24.9,14.9,65.0,10.8,1629.0,0.97,2.32,표준,1,2,0.939,2.47,163,0
40,7,거세,삼원교잡(LYD),60.0,25.0,17.6,69.3,5.9,1703.0,1.36,2.23,저가,1,3,0.92,2.42,158,0
31,6,거세,삼원교잡(LYD),64.9,24.2,15.0,70.0,9.0,1410.0,1.81,2.23,표준,1,5,0.83,2.69,174,0
27,5,거세,삼원교잡(LYD),75.3,29.2,23.1,60.9,2.8,1090.0,1.12,1.99,저가,1,1,0.799,2.49,183,0
37,4,거세,이원교잡(LY),67.1,25.0,17.7,54.9,8.3,1798.0,1.15,2.9,고급,0,2,1.13,2.56,147,0
21,6,거세,삼원교잡(LYD),67.7,30.9,15.2,71.5,12.0,1772.0,1.03,2.42,표준,1,2,0.95,2.54,156,0
29,7,암,삼원교잡(LYD),60.0,25.8,21.8,45.9,16.0,691.0,1.6,2.1,표준,1,2,0.713,2.94,185,0
12,4,거세,삼원교잡(LYD),61.8,25.1,22.1,73.3,15.8,1459.0,1.53,2.06,고급,1,5,0.914,2.26,160,0
39,1,거세,삼원교잡(LYD),76.0,24.6,14.5,61.1,10.9,1934.0,1.19,2.32,저가,1,2,0.862,2.69,181,0
25,1,거세,이원교잡(LY),73.1,26.7,19.1,65.0,18.4,2233.0,1.15,1.65,표준,1,3,0.731,2.26,194,0
32,2,거세,삼원교잡(LYD),63.5,23.2,21.7,59.7,11.0,1863.0,1.06,2.62,저가,0,1,0.986,2.65,157,0
19,4,암,삼원교잡(LYD),66.8,25.4,20.6,79.3,15.1,741.0,1.23,2.15,고급,0,2,0.777,2.76,182,0
35,5,암,삼원교잡(LYD),69.9,25.0,20.7,67.5,8.3,973.0,1.55,2.42,표준,1,1,0.786,3.08,184,0
3,7,거세,삼원교잡(LYD),64.0,26.0,26.7,61.8,21.5,1327.0,1.31,2.43,표준,0,4,0.84,2.89,170,0
5,2,거세,삼원교잡(LYD),60.0,26.1,30.6,61.5,15.1,2199.0,1.62,2.59,저가,1,2,0.71,3.65,185,0
21,7,거세,이원교잡(LY),69.2,26.2,20.7,63.5,19.1,1196.0,1.12,2.45,고급,1,5,0.976,2.51,160,0
30,6,거세,이원교잡(LY),72.9,25.3,16.7,89.0,7.7,2029.0,0.72,2.52,표준,0,3,0.91,2.77,171,0
33,1,거세,삼원교잡(LYD),73.0,29.7,21.1,51.8,16.0,1188.0,1.95,2.61,표준,0,3,0.939,2.78,164,1
18,3,거세,삼원교잡(LYD),74.4,26.3,22.8,75.8,18.4,1766.0,1.35,2.2,저가,1,4,0.811,2.71,184,0
26,3,거세,이원교잡(LY),62.2,32.8,21.8,70.7,2.7,1030.0,1.49,2.95,저가,1,1,1.025,2.87,142,0
23,8,암,삼원교잡(LYD),70.3,25.1,24.4,80.4,22.0,1403.0,1.1,2.41,저가,1,1,0.702,3.43,198,0
39,8,거세,삼원교잡(LYD),68.7,27.9,30.8,71.3,7.5,934.0,0.96,2.29,고급,1,3,0.84,2.73,172,0
27,7,거세,삼원교잡(LYD),69.6,22.8,15.1,65.0,16.3,2222.0,1.34,2.05,저가,1,3,0.76,2.7,191,0
17,5,거세,삼원교잡(LYD),68.9,29.2,20.0,75.2,25.7,1153.0,0.8,2.24,표준,1,1,0.835,2.68,172,0
39,4,거세,이원교잡(LY),66.7,22.9,28.2,67.3,20.7,726.0,1.23,2.42,표준,1,3,0.776,3.12,185,0
5,3,거세,이원교잡(LY),60.0,26.4,19.9,72.5,6.1,687.0,1.56,2.33,고급,1,3,0.977,2.38,151,0
40,7,거세,삼원교잡(LYD),75.8,24.2,25.2,79.3,13.9,1457.0,1.41,2.85,저가,1,4,0.939,3.03,172,0
7,1,거세,삼원교잡(LYD),71.6,26.4,24.5,65.9,22.4,1271.0,1.36,2.18,표준,1,0,0.813,2.69,181,0
12,3,거세,삼원교잡(LYD),62.6,24.3,26.9,60.8,10.1,1824.0,1.74,2.5,저가,1,3,0.851,2.94,169,0
33,2,암,삼원교잡(LYD),72.4,22.6,29.7,58.6,12.8,1382.0,1.39,1.96,표준,0,0,0.608,3.23,224,0
30,4,암,삼원교잡(LYD),67.8,24.2,23.3,69.5,12.7,2083.0,0.82,2.95,표준,1,0,1.034,2.86,156,0
39,3,거세,삼원교잡(LYD),67.9,29.6,15.0,56.2,18.4,1307.0,1.26,1.94,고급,1,5,0.781,2.49,177,0
30,2,거세,이원교잡(LY),66.2,26.4,19.2,61.5,5.8,2013.0,1.78,2.92,고급,1,3,1.109,2.64,146,0
26,4,암,삼원교잡(LYD),72.7,21.1,30.7,55.3,18.8,1024.0,1.22,2.26,저가,1,4,0.626,3.61,223,0
14,7,암,삼원교잡(LYD),66.0,28.3,16.3,70.1,11.3,748.0,1.77,1.63,표준,1,5,0.745,2.19,182,1
1,5,거세,삼원교잡(LYD),64.5,22.3,24.0,57.5,14.9,1088.0,1.56,2.71,고급,1,3,0.974,2.78,160,0
5,7,거세,삼원교잡(LYD),75.7,27.2,11.9,52.1,13.7,936.0,1.2,2.32,표준,1,4,0.808,2.88,184,1
12,8,거세,삼원교잡(LYD),69.1,26.7,16.6,53.9,18.6,880.0,1.03,2.16,표준,1,3,0.806,2.69,179,0
2,8,암,이원교잡(LY),69.3,26.8,25.5,59.3,14.9,1707.0,1.38,2.49,표준,1,3,0.789,3.16,181,0
21,3,거세,삼원교잡(LYD),73.5,30.6,22.1,60.2,23.6,1368.0,1.62,2.5,표준,1,4,0.907,2.75,167,0
32,8,거세,삼원교잡(LYD),66.7,22.5,20.5,67.5,20.9,1571.0,0.91,2.42,저가,0,5,0.794,3.05,183,0
39,8,거세,삼원교잡(LYD),67.7,26.8,18.7,63.4,10.2,1764.0,1.33,2.64,고급,0,6,1.027,2.57,154,0
20,8,거세,삼원교잡(LYD),71.5,28.8,14.0,68.7,23.2,657.0,0.79,2.38,표준,1,2,0.863,2.75,171,0
36,3,거세,삼원교잡(LYD),62.3,23.1,24.8,69.5,16.9,1785.0,1.22,2.49,표준,1,0,0.926,2.69,162,0
40,2,암,삼원교잡(LYD),71.1,22.8,20.9,72.4,16.0,897.0,0.89,2.14,표준,1,3,0.84,2.55,181,0
35,5,암,삼원교잡(LYD),66.2,24.1,15.9,45.9,20.1,1212.0,1.44,2.53,고급,1,3,0.92,2.75,165,0
19,8,거세,삼원교잡(LYD),74.3,26.0,22.1,53.7,8.8,554.0,1.13,2.14,고급,1,4,0.977,2.2,165,0
14,8,거세,삼원교잡(LYD),72.7,20.8,24.3,70.5,6.7,1827.0,1.59,1.96,저가,1,2,0.799,2.46,191,0
40,5,암,이원교잡(LY),72.1,26.7,21.2,67.1,15.1,655.0,1.16,2.24,저가,1,5,0.718,3.12,195,0
10,2,거세,삼원교잡(LYD),62.0,20.8,22.5,74.8,11.4,900.0,1.14,2.22,저가,0,2,0.768,2.89,185,0
17,4,거세,삼원교잡(LYD),69.5,28.9,22.2,49.6,27.4,936.0,0.9,2.58,표준,1,2,0.928,2.78,162,0
3,6,거세,삼원교잡(LYD),64.1,26.5,19.2,60.2,10.4,1436.0,1.4,1.86,고급,1,0,0.864,2.16,167,0
32,5,암,삼원교잡(LYD),69.8,30.7,22.2,62.0,15.2,1420.0,1.42,2.63,표준,1,0,0.86,3.06,168,0
26,3,암,이원교잡(LY),60.0,27.0,24.9,66.7,16.2,1906.0,1.53,2.11,표준,1,2,0.752,2.81,177,0
4,3,암,삼원교잡(LYD),62.3,24.1,26.1,65.4,22.4,1448.0,1.46,1.56,표준,1,2,0.55,2.84,228,0
9,1,암,삼원교잡(LYD),75.9,22.6,25.2,69.7,9.0,1983.0,1.4,1.94,고급,1,1,0.772,2.51,196,0
23,3,거세,이원교잡(LY),71.8,25.7,19.3,63.9,5.3,1690.0,1.45,2.21,고급,1,6,0.954,2.31,165,0
22,6,거세,삼원교잡(LYD),68.2,24.9,24.5,78.7,23.4,1027.0,1.47,2.43,고급,1,2,0.924,2.63,166,0
33,2,거세,삼원교잡(LYD),65.5,28.6,23.9,81.9,15.5,1166.0,1.53,2.26,고급,0,2,0.864,2.62,165,0
11,8,암,이원교잡(LY),64.6,22.2,19.2,53.8,19.9,2255.0,0.92,1.94,표준,1,3,0.791,2.45,182,0
37,1,암,삼원교잡(LYD),71.0,31.1,20.1,65.5,20.1,2114.0,1.18,2.07,저가,1,1,0.78,2.65,179,0
18,5,거세,삼원교잡(LYD),68.3,28.8,24.7,73.0,21.2,1912.0,0.89,1.94,표준,1,6,0.829,2.34,172,0
33,4,암,이원교잡(LY),77.7,24.4,27.5,70.9,12.7,1978.0,1.38,2.38,고급,0,2,0.875,2.72,181,0
10,7,거세,삼원교잡(LYD),69.1,30.4,14.8,60.9,11.1,1733.0,1.71,2.27,고급,1,1,0.948,2.4,158,0
2,8,거세,삼원교잡(LYD),70.3,22.7,28.6,67.5,3.0,1668.0,1.52,2.48,표준,1,2,0.884,2.81,175,0
3,5,거세,삼원교잡(LYD),63.1,25.6,26.7,49.2,9.0,1525.0,1.15,1.77,표준,1,6,0.701,2.52,191,0
15,6,암,이원교잡(LY),68.2,21.2,22.8,64.8,15.4,2349.0,1.43,2.14,표준,1,5,0.76,2.82,192,0
39,6,암,이원교잡(LY),70.9,30.5,21.0,50.4,10.8,1268.0,1.39,2.91,고급,0,2,1.059,2.75,151,0
2,5,거세,이원교잡(LY),68.1,20.1,23.6,70.1,8.2,1620.0,1.36,2.49,표준,1,3,0.867,2.87,178,0
15,2,암,삼원교잡(LYD),67.6,20.7,19.4,53.8,15.3,646.0,0.97,2.21,표준,1,1,0.873,2.53,176,0
5,4,암,삼원교잡(LYD),71.6,23.1,21.3,66.6,23.1,785.0,1.63,2.0,고급,1,3,0.758,2.64,193,0
38,2,암,이원교잡(LY),77.6,29.0,16.1,68.2,14.7,2408.0,1.01,2.63,저가,1,2,0.822,3.2,182,0
28,4,암,삼원교잡(LYD),70.7,27.9,15.0,65.8,8.2,1808.0,1.21,2.76,표준,0,0,0.942,2.93,163,0
31,5,거세,삼원교잡(LYD),75.7,25.4,31.3,58.7,22.6,1394.0,1.54,1.96,고급,1,1,0.685,2.85,207,0
29,2,암,삼원교잡(LYD),73.1,28.1,22.3,62.9,10.4,1539.0,1.21,1.98,표준,1,3,0.772,2.57,186,0
27,2,암,이원교잡(LY),75.4,24.7,22.8,76.8,23.9,821.0,1.32,2.38,표준,1,4,0.771,3.09,193,1
31,7,암,삼원교잡(LYD),67.0,26.3,21.9,60.8,13.4,1286.0,1.33,2.41,저가,1,5,0.759,3.18,184,0
1,4,거세,삼원교잡(LYD),69.0,30.0,18.7,65.2,15.6,771.0,1.32,2.44,표준,1,2,0.822,2.97,172,0
35,2,암,이원교잡(LY),69.0,24.3,20.8,59.4,24.4,1352.0,1.33,2.85,저가,1,3,0.924,3.09,167,0
30,6,암,이원교잡(LY),72.7,22.7,22.4,75.2,6.9,1840.0,1.35,2.01,표준,1,3,0.79,2.54,190,0
30,6,거세,이원교잡(LY),74.0,26.4,21.2,65.8,8.7,1727.0,1.32,2.31,표준,0,0,0.867,2.67,176,0
16,7,암,삼원교잡(LYD),70.6,27.2,19.0,57.4,13.0,2295.0,1.08,2.52,고급,1,2,0.979,2.57,160,0
33,7,거세,삼원교잡(LYD),74.4,25.3,23.9,65.1,14.2,1647.0,0.91,2.51,고급,0,5,0.944,2.66,169,0
16,8,거세,삼원교잡(LYD),67.2,28.0,22.8,62.6,30.9,500.0,1.55,2.11,저가,1,2,0.687,3.06,194,0
2,5,거세,삼원교잡(LYD),74.4,24.4,23.6,78.9,9.7,2475.0,1.56,2.12,표준,1,4,0.887,2.39,177,0
37,3,암,이원교잡(LY),75.1,25.4,24.8,64.6,7.2,1080.0,1.38,2.16,저가,0,3,0.746,2.9,195,0
10,7,암,삼원교잡(LYD),73.4,26.1,21.3,51.2,9.4,1581.0,1.38,2.81,표준,1,0,0.974,2.89,165,1
5,3,거세,삼원교잡(LYD),70.7,25.9,21.3,70.0,16.4,1551.0,1.07,2.01,표준,1,1,0.815,2.46,180,0
25,3,암,삼원교잡(LYD),73.6,29.8,27.9,82.9,18.0,1620.0,0.7,2.2,저가,1,3,0.689,3.2,197,0
10,7,거세,삼원교잡(LYD),65.5,26.1,18.2,77.0,10.8,1524.0,1.24,2.53,표준,1,1,0.972,2.61,157,0
35,8,거세,이원교잡(LY),71.0,24.1,14.5,54.0,15.1,1533.0,0.83,1.97,표준,1,1,0.817,2.42,182,0
18,3,암,삼원교잡(LYD),71.5,26.6,24.2,62.3,26.7,839.0,1.35,2.38,저가,1,4,0.767,3.1,187,0
1,6,암,삼원교잡(LYD),63.4,28.0,19.5,64.7,15.2,2793.0,1.63,1.73,고급,1,5,0.702,2.46,187,0
39,8,암,삼원교잡(LYD),72.4,27.3,17.7,64.8,16.9,1826.0,1.15,2.36,표준,1,3,0.817,2.89,180,0
21,7,암,삼원교잡(LYD),63.8,27.2,25.5,68.8,26.3,1526.0,1.16,2.32,고급,1,2,0.824,2.81,170,0
11,1,암,삼원교잡(LYD),67.9,20.5,21.4,61.6,10.8,2421.0,1.05,2.35,저가,1,1,0.804,2.92,185,0
28,6,거세,이원교잡(LY),70.2,18.0,16.9,55.8,10.4,964.0,1.31,2.04,저가,1,3,0.818,2.49,189,0
22,2,거세,삼원교잡(LYD),66.3,28.8,29.7,74.5,12.2,1934.0,1.29,2.37,저가,1,0,0.791,2.99,175,0
2,7,거세,삼원교잡(LYD),70.4,26.3,15.6,53.8,11.8,1222.0,1.05,2.29,표준,1,3,0.887,2.58,170,0
31,1,암,삼원교잡(LYD),70.3,24.9,21.7,57.0,4.1,1701.0,1.53,2.69,표준,1,1,0.971,2.77,163,0
17,8,암,삼원교잡(LYD),65.9,27.1,14.4,53.7,15.8,1712.0,1.98,2.49,고급,1,7,0.851,2.93,169,1
28,2,암,삼원교잡(LYD),72.8,30.8,23.1,71.1,16.3,500.0,1.6,1.87,표준,1,4,0.693,2.69,194,0
36,4,거세,삼원교잡(LYD),66.2,29.2,19.4,66.1,13.9,784.0,1.27,2.05,저가,0,2,0.817,2.51,171,0
25,2,거세,삼원교잡(LYD),81.4,27.9,25.3,73.8,16.5,2293.0,1.27,2.12,고급,1,1,0.822,2.57,187,0
27,7,암,삼원교잡(LYD),69.5,22.3,21.9,57.1,16.5,1374.0,1.17,2.35,고급,0,4,0.925,2.55,170,0
11,4,암,이원교잡(LY),64.1,22.7,27.4,52.5,7.1,2501.0,1.17,2.25,표준,0,3,0.73,3.08,191,0
10,6,거세,이원교잡(LY),65.1,18.0,20.3,60.6,16.7,2155.0,1.54,2.25,표준,1,4,0.826,2.72,183,0
17,1,거세,삼원교잡(LYD),75.7,26.9,15.6,63.2,18.4,1390.0,1.55,3.15,표준,1,5,1.062,2.96,159,0
35,4,거세,삼원교잡(LYD),68.0,28.3,23.0,67.1,5.4,1346.0,1.01,2.15,표준,1,3,0.93,2.31,161,0
21,8,거세,삼원교잡(LYD),63.2,28.6,21.0,48.2,23.8,2324.0,1.39,2.72,저가,1,3,0.87,3.12,163,0
14,8,거세,삼원교잡(LYD),74.3,27.0,14.7,69.8,7.6,2552.0,1.58,2.26,고급,1,3,0.916,2.46,170,0
32,2,거세,삼원교잡(LYD),67.9,24.5,17.8,56.1,8.2,1357.0,1.21,1.65,저가,1,2,0.708,2.33,196,0
35,4,암,삼원교잡(LYD),73.3,23.3,19.1,58.5,16.2,2269.0,1.25,2.36,표준,1,2,0.842,2.8,182,0
37,4,거세,삼원교잡(LYD),74.7,22.5,28.2,76.7,18.2,2015.0,1.47,2.64,표준,0,2,0.801,3.29,190,0
12,5,거세,이원교잡(LY),71.4,24.5,24.8,43.2,19.7,2101.0,1.48,2.49,고급,1,2,0.993,2.51,163,0
29,5,거세,이원교잡(LY),82.0,22.1,20.6,68.2,18.4,1551.0,1.41,2.38,표준,1,1,0.845,2.81,192,0
24,1,암,삼원교잡(LYD),61.4,30.3,23.9,68.2,11.9,1164.0,1.36,2.31,표준,0,1,0.736,3.13,176,0
18,7,거세,삼원교잡(LYD),65.9,21.1,13.8,56.8,15.7,973.0,1.4,2.15,표준,1,3,0.806,2.67,182,0
16,2,거세,삼원교잡(LYD),68.7,24.4,19.7,60.5,13.1,848.0,1.23,2.57,고급,1,2,0.937,2.74,165,0
5,3,거세,삼원교잡(LYD),81.3,19.2,23.6,77.2,16.0,2455.0,1.02,2.17,고급,1,3,0.881,2.46,190,0
11,7,암,삼원교잡(LYD),79.0,25.9,22.7,84.6,15.4,1505.0,0.91,2.11,저가,0,3,0.708,2.98,205,0
22,6,암,삼원교잡(LYD),76.4,25.0,19.8,75.6,12.0,928.0,1.45,2.42,표준,0,1,0.839,2.89,184,0
36,4,거세,삼원교잡(LYD),66.0,23.9,21.8,83.9,12.9,2001.0,1.33,2.21,고급,1,1,0.938,2.36,163,0
35,8,거세,삼원교잡(LYD),66.6,22.2,23.4,58.1,3.9,1261.0,1.41,2.68,저가,0,1,0.938,2.86,166,0
8,4,거세,삼원교잡(LYD),65.9,25.0,22.0,49.2,20.0,1175.0,1.09,2.44,고급,1,4,0.95,2.57,161,0
28,5,암,삼원교잡(LYD),66.1,23.4,25.4,64.5,16.8,2534.0,1.33,2.07,표준,1,0,0.703,2.94,196,0
4,2,암,삼원교잡(LYD),77.5,24.6,23.3,73.0,2.0,835.0,1.32,1.96,고급,1,3,0.876,2.23,181,0
28,2,거세,삼원교잡(LYD),68.8,30.9,24.0,46.5,19.8,1618.0,1.62,2.13,고급,1,3,0.76,2.8,180,0
14,4,거세,삼원교잡(LYD),69.4,25.5,28.9,55.7,14.7,1205.0,1.51,3.0,표준,1,3,0.938,3.2,165,0
18,5,암,삼원교잡(LYD),73.9,26.6,25.3,56.8,9.4,1125.0,1.12,2.23,저가,1,5,0.661,3.37,208,0
29,7,암,삼원교잡(LYD),61.7,23.6,29.0,68.6,8.8,768.0,1.43,2.53,표준,1,2,0.783,3.23,178,0
17,4,거세,삼원교잡(LYD),70.3,22.6,19.3,67.3,10.9,1530.0,1.11,1.91,표준,1,2,0.844,2.26,180,0
33,8,거세,삼원교잡(LYD),64.5,24.9,15.6,57.2,9.4,1063.0,0.7,1.98,표준,0,3,0.835,2.37,172,0
22,5,거세,삼원교잡(LYD),68.5,32.5,21.4,66.8,10.2,1796.0,1.73,2.24,저가,1,3,0.807,2.78,171,0
40,1,암,이원교잡(LY),67.1,24.1,21.1,53.6,25.2,1476.0,1.21,2.81,표준,1,2,0.921,3.05,166,0
26,6,암,삼원교잡(LYD),66.8,26.1,27.8,60.7,17.2,1344.0,1.56,1.91,표준,1,2,0.59,3.24,217,0
12,5,암,삼원교잡(LYD),71.1,22.5,17.5,52.4,27.2,1066.0,1.13,2.11,표준,1,2,0.786,2.69,189,0
32,4,암,삼원교잡(LYD),71.1,18.0,21.7,63.5,16.4,2215.0,1.1,2.57,고급,1,4,0.996,2.58,169,0
17,4,거세,삼원교잡(LYD),68.9,22.6,23.6,57.0,18.5,1868.0,1.16,2.78,저가,1,2,0.881,3.15,174,0
22,3,거세,삼원교잡(LYD),71.9,32.1,22.4,71.9,9.7,1159.0,1.36,2.43,표준,0,0,0.975,2.49,157,0
6,5,거세,삼원교잡(LYD),65.7,26.8,21.3,64.7,14.0,820.0,1.34,2.5,저가,1,3,0.9,2.78,164,0
5,5,암,이원교잡(LY),73.4,29.9,23.4,62.7,14.5,556.0,1.42,2.03,저가,1,3,0.656,3.1,203,0
23,4,암,삼원교잡(LYD),69.0,24.0,26.3,82.7,18.7,2069.0,1.18,1.9,표준,1,2,0.713,2.67,197,0
8,3,거세,삼원교잡(LYD),67.6,18.0,28.1,68.8,14.7,1955.0,1.31,1.96,표준,1,2,0.78,2.51,192,0
40,4,거세,삼원교잡(LYD),66.0,21.7,22.1,61.3,17.1,2023.0,1.09,2.04,저가,1,3,0.782,2.61,185,0
35,4,암,삼원교잡(LYD),68.8,26.2,18.7,59.2,16.9,1440.0,1.67,2.37,표준,1,2,0.824,2.87,177,0
29,4,암,이원교잡(LY),79.4,25.7,28.1,53.2,13.2,1903.0,0.97,1.93,저가,0,1,0.602,3.21,228,0
30,3,암,삼원교잡(LYD),69.7,25.0,17.7,64.3,12.6,2014.0,1.09,2.38,저가,1,2,0.824,2.88,179,0
24,5,거세,삼원교잡(LYD),64.3,23.4,29.2,68.1,11.0,1465.0,1.19,2.21,고급,1,4,0.863,2.55,170,0
3,2,암,삼원교잡(LYD),74.6,27.8,27.4,45.9,21.5,1321.0,1.9,2.13,표준,1,5,0.69,3.09,201,0
16,5,암,삼원교잡(LYD),67.6,23.5,28.0,51.4,13.2,1012.0,1.49,2.57,표준,1,3,0.715,3.59,196,0
20,1,암,삼원교잡(LYD),71.4,25.9,24.7,59.8,17.0,1713.0,1.09,2.01,고급,1,0,0.769,2.62,187,0
37,4,암,삼원교잡(LYD),67.0,25.6,13.6,54.0,14.1,1780.0,1.51,2.73,표준,1,7,0.916,2.98,165,1
9,7,암,삼원교잡(LYD),76.4,23.9,17.8,65.4,21.4,1297.0,1.43,2.55,고급,1,0,0.87,2.93,181,0
20,7,암,삼원교잡(LYD),67.0,22.4,23.2,66.8,3.1,1356.0,1.37,2.0,고급,1,2,0.871,2.3,173,0
14,6,암,이원교잡(LY),77.0,23.7,19.3,63.8,16.8,1391.0,1.47,2.66,표준,1,0,0.851,3.13,184,0
6,6,거세,삼원교잡(LYD),64.8,30.6,20.7,70.5,7.5,1896.0,1.31,1.97,표준,1,1,0.876,2.25,161,0
5,1,거세,삼원교잡(LYD),68.5,28.3,24.5,59.2,17.3,813.0,1.34,2.69,표준,1,4,0.931,2.89,162,1
15,3,암,삼원교잡(LYD),77.0,28.1,21.3,64.5,14.1,947.0,0.91,2.4,표준,1,5,0.905,2.65,173,0
4,6,암,삼원교잡(LYD),70.8,22.6,17.1,55.0,6.1,957.0,1.66,1.83,고급,1,4,0.8,2.28,186,0
3,7,거세,삼원교잡(LYD),81.4,20.7,25.5,67.8,17.0,1426.0,1.19,1.91,고급,1,1,0.752,2.54,207,0
15,5,거세,삼원교잡(LYD),68.7,28.3,24.1,65.8,16.3,1658.0,0.99,2.18,고급,1,1,0.99,2.2,156,0
9,7,암,삼원교잡(LYD),71.3,27.7,21.0,53.0,13.6,966.0,1.17,2.56,표준,1,2,0.851,3.01,174,0
23,3,암,삼원교잡(LYD),79.5,25.4,24.8,63.4,14.4,1955.0,1.18,2.25,표준,0,6,0.865,2.6,183,0
1,2,암,삼원교잡(LYD),62.4,23.9,22.4,64.6,16.0,2231.0,1.1,2.24,표준,1,3,0.74,3.03,186,0
13,1,거세,삼원교잡(LYD),61.8,20.6,27.3,67.8,22.1,1707.0,1.49,2.31,고급,1,2,0.832,2.78,175,0
19,5,암,이원교잡(LY),66.0,27.6,22.6,68.2,13.1,2061.0,1.54,1.7,표준,1,3,0.637,2.67,203,0
39,6,암,삼원교잡(LYD),74.1,28.6,27.3,57.8,21.1,1042.0,0.81,2.55,저가,1,2,0.814,3.13,180,0
26,3,거세,삼원교잡(LYD),62.0,23.0,14.5,72.6,14.8,1054.0,1.17,2.7,저가,1,1,0.86,3.14,169,0
36,7,거세,이원교잡(LY),73.0,22.7,23.8,70.2,22.8,1757.0,1.19,2.54,표준,1,3,0.85,2.99,182,0
14,6,암,삼원교잡(LYD),72.6,28.7,20.4,57.8,13.6,1481.0,1.26,2.17,고급,1,8,0.872,2.49,172,0
18,3,거세,삼원교잡(LYD),80.1,23.1,18.6,53.6,11.0,1053.0,1.73,2.03,고급,1,1,0.933,2.18,179,0
17,2,암,이원교잡(LY),75.2,30.3,26.6,58.5,8.4,2213.0,1.1,1.98,표준,1,3,0.771,2.56,185,0
36,6,암,삼원교잡(LYD),71.8,24.7,25.6,50.3,14.8,1649.0,1.69,1.96,표준,1,1,0.674,2.91,206,0
39,6,암,삼원교잡(LYD),76.8,23.8,14.0,67.1,10.2,1851.0,1.26,2.98,표준,1,0,0.949,3.14,173,0
39,2,거세,이원교잡(LY),72.7,25.1,24.9,76.8,23.4,1163.0,1.69,2.28,고급,1,3,0.871,2.61,176,0
31,3,암,삼원교잡(LYD),67.7,23.8,24.4,79.2,9.8,2340.0,1.22,2.57,저가,1,2,0.829,3.1,178,0
21,4,거세,삼원교잡(LYD),64.3,28.4,19.1,54.1,10.9,1422.0,1.19,2.55,표준,1,3,0.964,2.65,154,0
22,5,암,삼원교잡(LYD),67.2,27.7,18.7,72.9,18.5,2010.0,1.29,2.34,저가,1,2,0.76,3.08,182,0
40,2,거세,삼원교잡(LYD),69.8,28.3,15.6,65.8,22.1,1209.0,1.62,2.02,저가,1,5,0.73,2.77,189,0
12,8,암,삼원교잡(LYD),70.9,25.6,20.6,41.0,19.4,1584.0,1.34,2.46,표준,0,1,0.845,2.91,177,0
14,4,암,삼원교잡(LYD),60.0,23.6,21.3,61.7,21.4,1779.0,1.35,1.98,표준,1,2,0.797,2.48,175,0
36,4,거세,이원교잡(LY),68.9,25.0,25.2,60.6,14.5,2498.0,1.46,2.48,저가,1,3,0.801,3.1,181,0
16,1,거세,삼원교잡(LYD),70.1,23.7,23.1,77.1,14.6,1280.0,1.08,1.99,고급,1,2,0.859,2.32,176,0
10,8,암,삼원교잡(LYD),72.7,29.4,17.8,56.3,27.1,1601.0,1.38,2.17,고급,1,7,0.79,2.75,181,0
23,2,거세,이원교잡(LY),78.1,28.0,23.0,70.6,25.1,1796.0,1.14,2.17,표준,1,1,0.813,2.67,185,0
14,8,거세,이원교잡(LY),70.9,24.7,21.0,63.9,19.3,793.0,1.67,2.72,표준,1,4,0.985,2.76,163,0
36,4,거세,삼원교잡(LYD),65.5,22.2,18.3,50.5,21.6,500.0,1.4,1.57,표준,1,2,0.643,2.44,210,0
37,7,암,삼원교잡(LYD),60.9,29.6,15.6,59.5,20.2,1002.0,1.47,3.0,고급,1,1,1.037,2.89,143,0
13,2,암,삼원교잡(LYD),73.4,25.4,24.5,80.3,7.8,1984.0,0.79,2.06,표준,1,2,0.785,2.62,188,0
22,2,거세,이원교잡(LY),65.7,24.6,23.8,63.3,14.8,2358.0,1.48,2.26,표준,1,4,0.899,2.52,166,0
40,7,암,삼원교잡(LYD),74.3,29.6,24.2,74.1,24.0,1039.0,1.26,2.42,저가,0,1,0.825,2.94,178,0
30,7,거세,삼원교잡(LYD),77.0,23.5,19.1,73.5,19.3,892.0,0.94,2.4,고급,1,4,1.006,2.38,168,0
9,5,거세,삼원교잡(LYD),62.3,24.0,22.7,60.5,14.6,2267.0,1.32,2.55,표준,0,3,0.949,2.69,158,0
24,1,거세,삼원교잡(LYD),72.8,24.3,16.5,52.2,24.1,1217.0,0.92,2.48,저가,1,6,0.885,2.81,175,0
25,8,거세,삼원교잡(LYD),76.5,21.1,18.1,53.5,17.2,1314.0,1.45,2.91,표준,1,1,0.982,2.96,172,0
27,4,거세,이원교잡(LY),75.1,25.9,22.1,79.5,19.5,2230.0,1.66,2.52,표준,1,2,0.92,2.74,172,0
2,8,암,삼원교잡(LYD),60.0,22.7,23.0,66.5,17.2,2147.0,0.85,2.26,고급,0,1,0.84,2.7,170,0
12,7,거세,삼원교잡(LYD),65.7,23.3,15.5,47.7,18.2,1967.0,1.29,2.13,표준,1,2,0.787,2.71,182,0
35,7,암,삼원교잡(LYD),63.6,22.9,17.8,73.3,18.7,644.0,1.26,2.13,저가,1,1,0.726,2.93,190,0
10,6,거세,삼원교잡(LYD),72.6,23.2,20.5,47.1,22.8,871.0,0.8,2.69,고급,1,1,1.034,2.6,161,0
12,6,거세,삼원교잡(LYD),72.1,22.5,25.8,56.7,23.6,2060.0,1.53,2.83,저가,1,3,0.868,3.26,179,0
13,5,거세,삼원교잡(LYD),60.0,25.7,18.7,65.8,12.3,1659.0,1.46,2.6,고급,1,3,1.015,2.56,148,0
8,1,암,삼원교잡(LYD),68.5,24.5,22.6,90.2,17.1,1111.0,1.81,1.5,저가,1,5,0.559,2.68,230,0
7,4,암,삼원교잡(LYD),74.0,25.1,23.0,73.2,22.6,1328.0,1.42,1.63,표준,1,1,0.674,2.41,207,0
14,6,거세,삼원교잡(LYD),70.7,32.1,21.0,60.2,14.2,2055.0,1.08,2.3,표준,1,2,0.883,2.6,165,0
35,7,거세,삼원교잡(LYD),70.7,24.5,23.1,65.3,7.1,2264.0,1.43,2.25,저가,1,2,0.855,2.63,177,0
1,5,거세,삼원교잡(LYD),68.2,26.8,16.6,74.2,9.5,1497.0,1.62,2.31,표준,1,4,0.921,2.5,164,0
12,6,암,삼원교잡(LYD),64.7,27.2,19.4,79.2,10.0,1157.0,1.18,2.68,고급,1,4,1.021,2.62,151,0
3,1,거세,삼원교잡(LYD),69.9,24.8,27.7,62.5,12.3,1362.0,1.51,2.66,표준,1,3,0.875,3.04,173,0
23,4,암,삼원교잡(LYD),70.3,25.8,28.0,62.8,10.5,2172.0,0.71,2.35,고급,1,5,0.779,3.02,185,0
11,5,거세,삼원교잡(LYD),73.1,25.1,25.4,56.7,21.2,2162.0,1.67,1.84,저가,0,3,0.612,3.01,220,0
32,8,거세,이원교잡(LY),73.5,25.6,26.4,71.7,13.3,1597.0,1.5,1.93,고급,1,3,0.881,2.19,175,0
24,3,암,이원교잡(LY),70.4,23.2,14.7,75.3,22.6,1235.0,0.7,2.32,표준,0,3,0.77,3.01,190,0
32,2,거세,삼원교잡(LYD),75.5,23.5,18.2,45.6,8.2,2041.0,1.4,2.43,표준,0,2,0.907,2.67,176,0
26,3,거세,삼원교잡(LYD),68.1,25.1,20.8,61.0,12.9,2311.0,0.8,1.93,표준,1,4,0.852,2.27,174,0
18,2,암,삼원교잡(LYD),62.8,19.1,31.7,52.9,15.6,773.0,1.15,2.5,표준,1,3,0.732,3.41,194,0
35,5,거세,삼원교잡(LYD),72.4,29.5,20.7,66.5,19.9,1384.0,1.47,1.77,표준,1,3,0.723,2.46,191,0
20,6,거세,이원교잡(LY),70.6,31.5,25.0,52.6,21.9,2078.0,1.27,1.5,표준,0,1,0.655,2.29,198,1
38,7,거세,삼원교잡(LYD),72.5,25.5,23.5,51.8,11.8,1537.0,1.61,2.04,고급,1,1,0.889,2.29,173,0
40,8,거세,삼원교잡(LYD),63.7,27.0,23.4,76.2,21.0,1256.0,1.32,2.71,표준,0,4,0.851,3.19,167,0
24,1,암,삼원교잡(LYD),79.0,28.2,21.9,63.3,4.9,1593.0,1.29,2.76,고급,1,2,0.939,2.94,171,0
27,2,거세,삼원교잡(LYD),73.6,21.0,17.2,64.4,20.2,1685.0,1.57,1.82,저가,1,2,0.66,2.76,216,0
11,3,암,삼원교잡(LYD),68.6,27.8,11.2,69.3,7.0,937.0,1.22,1.84,표준,0,2,0.643,2.87,204,0
33,2,암,삼원교잡(LYD),65.3,23.7,27.1,74.7,17.7,1545.0,1.29,2.53,표준,1,0,0.8,3.16,179,0
27,7,암,삼원교잡(LYD),75.4,31.9,19.5,60.8,21.8,1684.0,1.33,2.17,고급,1,4,0.813,2.67,178,0
37,2,암,삼원교잡(LYD),64.5,24.4,14.5,61.0,20.3,1255.0,1.28,2.71,저가,1,0,0.834,3.25,173,0
11,1,암,삼원교잡(LYD),81.3,27.7,23.8,61.1,5.2,1110.0,1.59,2.52,표준,1,2,0.902,2.8,178,0
32,7,암,이원교잡(LY),66.9,24.5,23.7,75.8,12.3,1231.0,1.13,2.57,저가,0,0,0.779,3.3,183,0
19,8,거세,삼원교잡(LYD),78.6,31.6,25.1,64.3,19.3,1015.0,1.09,2.05,고급,1,3,0.829,2.48,179,0
8,2,거세,삼원교잡(LYD),69.1,23.5,26.5,62.1,19.1,1925.0,1.03,2.43,표준,1,2,0.824,2.95,180,0
7,3,암,삼원교잡(LYD),77.9,28.5,18.3,68.9,16.7,1008.0,0.76,2.9,표준,0,2,0.988,2.94,165,0
23,5,거세,삼원교잡(LYD),66.3,26.9,18.5,83.3,2.0,1595.0,1.67,2.34,저가,1,0,0.865,2.71,168,0
13,5,암,삼원교잡(LYD),70.1,26.2,20.7,65.7,22.2,1313.0,1.07,2.29,표준,0,2,0.842,2.72,176,0
5,8,거세,삼원교잡(LYD),74.0,25.7,25.3,62.3,23.3,1147.0,1.24,2.17,고급,0,4,0.874,2.48,176,0
18,4,암,삼원교잡(LYD),73.3,23.0,13.6,84.4,16.0,2186.0,1.69,1.82,저가,1,3,0.605,3.01,225,0
27,1,거세,삼원교잡(LYD),75.5,18.0,22.5,78.3,16.4,1435.0,1.26,1.97,표준,1,1,0.791,2.49,198,0
13,4,암,삼원교잡(LYD),67.6,28.2,25.7,76.8,18.0,1165.0,1.43,2.03,표준,1,4,0.66,3.08,199,0
39,5,거세,삼원교잡(LYD),70.4,23.5,25.6,60.0,23.8,1117.0,0.94,1.81,표준,1,4,0.738,2.45,194,0
32,5,거세,삼원교잡(LYD),76.2,28.5,24.8,59.0,16.5,1670.0,1.65,1.84,저가,1,2,0.67,2.74,205,0
21,5,암,이원교잡(LY),66.5,26.1,26.3,46.7,13.9,1913.0,1.27,1.57,표준,1,4,0.579,2.7,220,0
38,8,암,삼원교잡(LYD),72.9,28.6,11.0,74.6,17.3,2135.0,1.05,2.07,표준,1,1,0.762,2.71,186,0
18,7,암,삼원교잡(LYD),68.9,27.4,28.5,65.8,14.9,1416.0,1.05,2.5,저가,1,5,0.768,3.26,183,0
6,3,암,삼원교잡(LYD),71.0,18.0,23.3,47.0,15.0,1386.0,1.72,2.21,고급,1,2,0.796,2.77,193,0
2,3,거세,삼원교잡(LYD),70.4,26.8,27.3,77.0,4.4,1565.0,1.15,2.21,고급,1,3,0.907,2.43,168,0
38,6,암,삼원교잡(LYD),66.1,24.0,17.3,61.6,18.1,1584.0,1.05,2.53,저가,1,3,0.836,3.03,175,0
39,4,거세,삼원교잡(LYD),68.7,28.5,15.0,62.9,22.0,1114.0,1.19,2.81,표준,1,1,1.015,2.77,154,0
30,4,암,삼원교잡(LYD),70.7,26.8,29.1,49.9,21.1,2231.0,1.31,2.98,고급,1,3,0.89,3.35,170,0
5,2,거세,삼원교잡(LYD),69.5,26.8,18.3,69.9,20.7,1511.0,1.34,2.34,표준,0,7,0.843,2.78,174,1
12,3,거세,이원교잡(LY),77.9,24.2,20.8,70.0,14.7,1767.0,1.41,2.22,고급,1,1,0.956,2.32,173,0
2,6,암,삼원교잡(LYD),75.0,22.3,24.1,64.5,15.9,1712.0,1.36,2.18,저가,0,1,0.749,2.9,199,0
3,7,암,이원교잡(LY),71.4,23.7,25.1,60.8,22.1,1702.0,1.46,2.48,저가,1,1,0.753,3.29,193,0
10,7,거세,삼원교잡(LYD),66.2,19.6,26.3,91.3,20.2,998.0,1.23,2.25,저가,0,1,0.734,3.07,196,0
23,3,암,삼원교잡(LYD),65.9,23.2,22.9,53.0,23.9,1497.0,1.82,2.25,저가,1,2,0.68,3.32,201,0
3,2,암,삼원교잡(LYD),79.9,20.6,17.8,57.8,11.0,2640.0,1.18,2.27,저가,1,4,0.768,2.96,203,0
40,2,거세,삼원교잡(LYD),65.0,20.7,24.8,72.1,10.9,2294.0,1.64,2.02,표준,1,0,0.78,2.59,186,0
19,4,암,삼원교잡(LYD),70.6,25.3,24.9,54.9,13.0,1579.0,1.15,1.6,표준,1,1,0.678,2.36,203,0
11,5,거세,삼원교잡(LYD),71.8,26.6,14.7,54.1,9.3,1317.0,0.94,2.1,저가,0,1,0.801,2.62,182,0
21,8,거세,이원교잡(LY),68.4,24.9,27.7,76.3,7.1,500.0,0.88,2.74,표준,1,1,0.919,2.98,166,0
32,8,암,이원교잡(LY),65.0,23.5,12.1,71.1,17.8,1251.0,1.38,2.72,저가,1,0,0.842,3.23,174,0
13,1,거세,삼원교잡(LYD),66.1,22.2,26.1,69.8,17.4,1461.0,1.59,2.58,저가,1,2,0.807,3.2,181,0
2,6,거세,삼원교잡(LYD),67.3,24.0,19.5,66.8,16.5,1341.0,1.01,2.15,고급,1,5,0.914,2.35,167,0
3,3,암,삼원교잡(LYD),66.5,22.5,24.8,58.1,17.1,1376.0,1.08,2.06,표준,0,5,0.75,2.75,190,0
35,2,거세,이원교잡(LY),76.6,24.8,24.0,62.5,6.2,1811.0,1.4,2.79,고급,1,2,1.097,2.54,159,0
5,5,암,삼원교잡(LYD),70.0,20.4,21.9,64.2,12.1,1000.0,1.3,1.98,저가,1,2,0.743,2.66,197,0
26,1,암,삼원교잡(LYD),67.4,27.1,23.8,73.5,13.2,1636.0,1.15,2.31,저가,1,5,0.849,2.72,171,0
16,3,거세,삼원교잡(LYD),70.5,23.3,21.7,69.3,15.3,1445.0,0.98,2.81,표준,0,4,0.929,3.02,169,0
32,5,암,삼원교잡(LYD),73.3,26.1,24.9,55.7,6.2,1059.0,1.38,2.34,고급,1,0,0.927,2.52,169,0
3,3,거세,삼원교잡(LYD),68.3,27.7,30.7,72.9,9.4,2337.0,1.46,2.21,표준,1,2,0.697,3.17,194,0
36,5,암,삼원교잡(LYD),74.5,26.0,16.6,48.2,12.4,1874.0,1.42,2.65,고급,1,2,0.948,2.79,168,0
28,4,거세,삼원교잡(LYD),63.6,27.4,10.0,61.8,21.3,1107.0,1.31,2.32,표준,1,3,0.808,2.87,172,0
18,7,암,삼원교잡(LYD),75.9,18.8,20.3,53.6,16.6,1759.0,1.04,2.36,저가,1,4,0.798,2.96,196,1
9,2,거세,삼원교잡(LYD),70.0,23.5,20.1,56.4,21.1,805.0,1.38,2.75,표준,1,1,0.924,2.98,169,0
40,1,암,삼원교잡(LYD),69.8,28.3,20.5,84.3,14.3,1168.0,1.36,1.54,표준,1,2,0.609,2.52,212,0
13,5,거세,이원교잡(LY),66.5,26.5,18.3,50.3,15.0,2164.0,0.97,2.41,저가,1,5,0.791,3.04,178,0
20,3,거세,삼원교잡(LYD),63.9,30.5,25.5,56.8,18.0,1676.0,1.22,2.07,저가,1,1,0.72,2.87,181,0
16,6,거세,삼원교잡(LYD),61.7,30.1,16.5,70.1,13.9,1636.0,1.39,2.24,고급,1,3,0.919,2.44,154,1
10,1,암,삼원교잡(LYD),66.2,25.9,23.8,60.3,11.3,1993.0,1.28,2.33,고급,1,3,0.915,2.55,164,0
17,5,암,삼원교잡(LYD),72.9,24.2,24.6,66.6,6.1,1806.0,0.81,2.1,고급,0,3,0.897,2.34,174,0
7,8,거세,이원교잡(LY),65.2,22.1,23.3,79.3,11.4,1367.0,1.14,2.37,고급,1,1,1.009,2.35,157,0
1,1,거세,삼원교잡(LYD),62.3,23.6,23.9,71.5,20.0,1968.0,1.12,2.42,고급,1,1,0.979,2.47,156,0
12,3,거세,이원교잡(LY),65.5,23.8,25.8,60.3,22.6,656.0,1.44,2.36,표준,1,4,0.768,3.07,184,0
5,7,거세,삼원교잡(LYD),68.1,23.2,22.2,63.7,10.4,1166.0,1.95,2.33,표준,0,2,0.914,2.55,168,0
17,5,암,삼원교잡(LYD),68.3,22.2,20.6,70.3,4.6,1452.0,1.33,2.26,고급,0,3,0.919,2.46,169,0
35,2,암,삼원교잡(LYD),69.4,26.2,23.9,71.3,20.6,1774.0,1.0,2.27,표준,1,2,0.74,3.07,189,0
7,2,암,삼원교잡(LYD),75.2,30.1,24.4,65.2,15.4,1338.0,1.26,2.32,표준,1,0,0.846,2.75,176,0
1,7,거세,삼원교잡(LYD),76.2,27.8,25.6,68.6,6.9,608.0,1.3,2.02,고급,1,1,0.831,2.43,181,0
5,7,거세,이원교잡(LY),80.0,24.0,15.2,68.6,2.0,538.0,1.49,2.68,고급,1,2,1.004,2.67,171,0
21,3,암,이원교잡(LY),61.9,28.0,21.3,64.1,9.2,1466.0,1.61,2.27,고급,1,0,0.959,2.37,153,0
11,4,거세,삼원교잡(LYD),65.7,26.0,17.7,58.9,12.2,1261.0,1.65,2.18,표준,1,1,0.851,2.56,170,0
20,7,암,이원교잡(LY),73.5,24.9,24.2,72.4,8.1,1045.0,1.43,2.42,표준,1,7,0.805,3.0,185,0
2,2,거세,이원교잡(LY),67.7,24.7,24.9,67.9,19.2,961.0,1.3,2.27,표준,1,1,0.802,2.82,180,0
14,2,거세,삼원교잡(LYD),74.3,24.4,20.9,44.2,10.1,1567.0,1.67,2.67,고급,1,4,1.079,2.48,158,0
17,7,암,삼원교잡(LYD),71.0,27.0,19.1,56.7,15.1,2151.0,1.21,2.57,고급,1,2,0.898,2.86,169,0
18,2,거세,삼원교잡(LYD),77.9,25.4,24.4,60.2,29.2,1567.0,1.31,2.33,고급,1,4,0.86,2.71,182,0
23,7,암,삼원교잡(LYD),75.2,22.8,21.5,63.0,15.7,2158.0,1.24,2.58,표준,0,2,0.874,2.96,181,0
32,4,거세,삼원교잡(LYD),75.3,22.7,27.7,77.0,14.3,1313.0,0.77,2.37,표준,1,0,0.951,2.49,172,0
19,8,거세,이원교잡(LY),67.9,25.9,29.1,95.0,14.4,1722.0,1.62,1.95,표준,1,4,0.625,3.13,211,0
34,1,거세,삼원교잡(LYD),69.5,26.3,26.0,40.4,19.0,2176.0,1.47,2.57,표준,0,1,0.786,3.27,182,1
22,8,거세,삼원교잡(LYD),68.5,24.1,22.9,68.0,18.3,1421.0,0.71,1.73,고급,1,3,0.812,2.13,180,0
11,2,암,삼원교잡(LYD),62.5,21.6,29.3,65.7,9.0,1513.0,1.55,1.5,고급,1,3,0.579,2.59,224,0
10,1,거세,삼원교잡(LYD),77.4,28.8,23.0,63.2,12.5,1313.0,1.22,2.51,표준,1,0,0.944,2.66,169,0
13,6,암,삼원교잡(LYD),73.7,28.1,20.1,70.4,11.0,1796.0,1.55,2.43,표준,1,1,0.843,2.89,177,0
24,5,암,삼원교잡(LYD),68.3,19.0,19.3,66.5,13.3,1951.0,1.32,2.41,저가,1,5,0.839,2.88,183,0
10,7,거세,삼원교잡(LYD),76.5,29.0,19.2,61.4,26.0,1676.0,0.96,2.72,표준,1,2,0.952,2.85,167,0
37,1,거세,삼원교잡(LYD),66.8,24.4,22.0,65.3,18.7,1385.0,1.31,2.29,표준,1,2,0.845,2.71,174,0
20,1,거세,삼원교잡(LYD),60.8,25.6,23.9,70.6,14.5,750.0,1.08,2.19,저가,1,1,0.796,2.75,173,0
35,5,암,삼원교잡(LYD),75.0,28.4,16.3,69.6,22.5,1476.0,0.99,2.54,표준,1,5,0.834,3.05,179,0
28,8,암,삼원교잡(LYD),63.6,30.0,20.2,66.9,16.1,1404.0,1.52,2.09,저가,1,3,0.763,2.73,175,0
14,4,거세,삼원교잡(LYD),69.0,28.0,22.9,59.2,5.2,1618.0,1.4,2.23,고급,1,4,0.998,2.23,156,0
10,7,암,삼원교잡(LYD),71.0,25.7,24.6,93.2,25.0,1558.0,1.67,2.38,고급,1,2,0.841,2.83,177,0
30,8,거세,삼원교잡(LYD),71.9,20.9,21.9,68.6,14.1,2286.0,1.2,2.4,표준,1,2,0.901,2.66,176,0
14,7,거세,이원교잡(LY),74.2,18.9,23.0,72.6,2.0,1152.0,1.06,2.2,표준,1,2,0.937,2.35,177,0
10,5,거세,삼원교잡(LYD),72.9,27.6,17.0,59.9,5.4,712.0,1.46,2.15,표준,1,3,0.823,2.62,179,0
38,6,암,이원교잡(LY),72.7,29.0,18.4,66.9,21.8,929.0,1.09,1.96,표준,0,0,0.734,2.68,190,0
20,5,거세,이원교잡(LY),66.0,22.6,21.8,66.8,5.5,1183.0,1.22,2.06,표준,1,1,0.938,2.2,165,0
2,6,거세,삼원교잡(LYD),71.5,24.2,24.0,45.9,23.1,2041.0,1.43,2.85,표준,0,4,0.841,3.38,179,0
20,5,거세,삼원교잡(LYD),62.5,23.3,22.9,57.8,15.5,851.0,1.27,2.22,고급,1,0,0.922,2.41,162,0
19,5,암,삼원교잡(LYD),77.8,23.2,18.6,57.6,19.3,918.0,1.18,2.36,표준,1,2,0.818,2.88,190,0
35,4,거세,이원교잡(LY),63.0,28.2,21.1,59.0,13.5,1707.0,0.95,1.85,표준,1,3,0.856,2.16,164,0
29,6,거세,삼원교잡(LYD),68.3,25.7,28.0,54.3,18.1,1925.0,1.53,3.07,고급,1,3,0.973,3.15,160,0
8,7,거세,삼원교잡(LYD),63.4,24.3,24.2,65.4,16.9,725.0,1.21,2.04,고급,1,6,0.837,2.44,172,0
7,8,암,삼원교잡(LYD),66.3,33.0,21.3,79.0,14.8,614.0,1.45,1.95,표준,1,4,0.759,2.57,174,0
25,5,거세,삼원교잡(LYD),70.1,20.7,17.9,66.3,8.6,1107.0,1.42,2.28,저가,1,0,0.866,2.63,179,0
2,1,암,삼원교잡(LYD),67.4,26.6,19.1,53.2,17.2,1829.0,1.57,2.03,고급,0,1,0.791,2.57,179,0
13,5,거세,삼원교잡(LYD),75.7,21.9,22.0,54.7,4.1,1572.0,1.24,2.41,표준,1,5,1.006,2.39,168,1
6,3,거세,삼원교잡(LYD),71.1,24.5,23.1,61.2,20.6,1125.0,1.21,1.85,고급,1,4,0.851,2.17,177,0
1,1,암,이원교잡(LY),67.7,25.4,24.3,50.8,16.2,1870.0,1.02,2.64,표준,1,1,0.864,3.06,171,0
37,1,암,삼원교잡(LYD),69.3,27.5,23.6,68.0,17.8,1562.0,1.16,2.58,표준,1,4,0.871,2.96,170,0
4,5,거세,삼원교잡(LYD),76.1,24.2,20.5,78.5,2.0,1446.0,1.39,2.26,표준,1,3,0.954,2.37,171,0
1,8,암,삼원교잡(LYD),74.5,23.9,20.0,59.2,8.2,693.0,1.1,1.8,표준,1,2,0.725,2.49,200,0
38,5,암,이원교잡(LY),64.3,24.2,30.2,65.8,12.0,1115.0,1.38,2.06,저가,1,2,0.571,3.6,223,0
8,4,거세,삼원교잡(LYD),66.6,21.8,19.8,60.7,19.0,2478.0,1.67,2.32,표준,1,1,0.799,2.9,183,0
33,1,암,이원교잡(LY),72.4,26.9,16.8,58.7,9.3,1332.0,1.19,1.94,표준,1,3,0.805,2.4,182,0
2,6,암,삼원교잡(LYD),71.8,25.8,15.4,66.9,30.3,1022.0,0.97,1.99,저가,1,1,0.724,2.74,195,0
7,1,거세,이원교잡(LY),64.7,26.3,20.6,58.4,13.4,1309.0,1.2,2.61,표준,1,4,0.946,2.76,158,0
5,7,암,삼원교잡(LYD),73.7,24.8,25.8,56.9,8.9,1560.0,0.94,2.35,고급,1,2,0.909,2.58,173,0
29,7,거세,삼원교잡(LYD),65.5,24.4,19.7,48.8,13.9,1942.0,1.63,2.34,고급,0,1,0.973,2.4,159,0
25,8,거세,삼원교잡(LYD),76.5,28.5,27.9,65.6,9.3,1811.0,1.32,2.46,저가,1,0,0.754,3.26,191,0
20,3,암,이원교잡(LY),72.6,28.1,22.0,75.7,7.9,1162.0,1.12,2.25,저가,1,3,0.831,2.71,177,0
10,2,암,이원교잡(LY),64.3,29.2,26.4,72.1,21.1,2136.0,1.16,2.28,고급,1,3,0.853,2.68,165,0
4,3,암,삼원교잡(LYD),67.4,26.1,19.0,79.9,18.1,1907.0,1.0,2.44,표준,0,0,0.825,2.95,175,0
23,7,암,삼원교잡(LYD),67.3,29.1,19.0,58.3,18.1,1277.0,1.55,2.54,고급,1,4,0.909,2.8,162,0
10,2,암,삼원교잡(LYD),70.8,23.8,22.4,73.5,22.7,1436.0,1.76,2.45,고급,1,1,0.929,2.64,169,0
24,8,거세,삼원교잡(LYD),69.0,24.4,23.9,54.0,17.9,1800.0,0.93,2.74,저가,1,1,0.903,3.03,169,0
28,2,암,삼원교잡(LYD),64.3,28.6,21.3,72.1,8.6,2037.0,1.56,2.31,표준,1,0,0.828,2.79,169,0
34,1,암,삼원교잡(LYD),63.0,27.5,23.2,81.4,19.3,741.0,1.24,1.9,고급,0,2,0.75,2.53,180,0
20,2,암,삼원교잡(LYD),72.7,24.1,24.4,70.0,8.2,1535.0,1.62,2.63,표준,0,2,0.935,2.81,170,0
1,7,거세,삼원교잡(LYD),71.4,21.9,16.3,81.6,12.1,1484.0,0.84,2.23,저가,1,1,0.868,2.57,179,0
12,5,거세,이원교잡(LY),70.5,24.4,20.6,59.0,14.7,1215.0,1.36,2.07,저가,1,6,0.812,2.55,182,0
35,3,거세,삼원교잡(LYD),71.4,22.9,19.9,63.7,14.1,1212.0,1.2,2.51,표준,1,3,0.966,2.6,167,0
22,6,거세,삼원교잡(LYD),66.9,30.2,20.1,55.8,4.3,2027.0,1.46,2.41,저가,1,3,0.855,2.82,166,0
25,6,거세,삼원교잡(LYD),70.9,27.3,23.6,65.3,9.2,1767.0,1.32,1.92,표준,0,1,0.813,2.36,179,0
19,5,암,삼원교잡(LYD),82.7,22.7,20.0,67.7,14.9,2553.0,1.31,2.5,저가,1,2,0.807,3.1,197,0
7,5,암,삼원교잡(LYD),75.9,21.9,14.0,65.3,11.3,1215.0,1.27,2.86,표준,1,5,0.926,3.09,176,0
36,1,거세,삼원교잡(LYD),68.6,22.7,21.1,60.3,21.8,1569.0,1.69,2.4,표준,0,3,0.841,2.85,178,0
31,3,거세,삼원교잡(LYD),67.4,23.3,17.7,60.1,22.8,1655.0,1.26,2.22,저가,1,2,0.819,2.72,179,0
40,5,암,삼원교잡(LYD),60.0,24.5,24.0,68.5,8.3,1948.0,1.52,1.8,표준,1,2,0.786,2.29,175,0
35,2,거세,삼원교잡(LYD),75.3,28.3,25.2,63.4,15.4,2179.0,1.46,2.92,표준,1,3,0.934,3.12,168,1
12,4,암,삼원교잡(LYD),73.9,22.1,13.3,53.5,24.5,1547.0,1.52,2.14,저가,1,3,0.7,3.06,207,0
11,1,거세,삼원교잡(LYD),67.3,31.9,18.9,46.0,14.2,953.0,1.05,1.88,저가,1,3,0.751,2.5,178,0
10,7,거세,삼원교잡(LYD),62.8,22.2,23.4,59.0,12.6,1145.0,1.48,2.33,표준,1,3,0.917,2.54,164,0
37,1,거세,삼원교잡(LYD),64.2,20.8,16.4,51.2,20.2,1571.0,1.38,2.6,표준,1,3,0.924,2.82,166,0
23,1,암,삼원교잡(LYD),72.2,30.1,25.1,56.6,13.4,2061.0,1.0,2.67,저가,1,7,0.816,3.27,176,0
19,6,거세,삼원교잡(LYD),69.6,29.0,26.2,60.8,22.6,777.0,1.25,2.1,표준,1,4,0.731,2.87,187,0
39,2,암,삼원교잡(LYD),73.5,24.5,21.4,63.5,11.4,915.0,1.87,2.27,표준,1,3,0.811,2.8,185,0
25,3,거세,이원교잡(LY),70.4,26.1,18.9,58.3,12.2,1879.0,1.2,2.3,고급,0,4,0.956,2.4,163,0
37,3,거세,삼원교잡(LYD),74.8,26.2,12.8,86.9,19.7,853.0,1.21,2.59,고급,1,3,0.979,2.65,166,0
40,2,암,삼원교잡(LYD),71.8,25.4,25.3,52.4,15.6,937.0,1.41,2.48,표준,1,2,0.936,2.65,168,0
4,7,거세,삼원교잡(LYD),74.1,21.1,30.0,77.1,15.7,2068.0,1.16,2.38,표준,1,3,0.804,2.96,191,0
15,6,거세,삼원교잡(LYD),60.0,18.0,29.2,63.4,3.5,1389.0,1.34,2.57,표준,0,3,0.808,3.19,180,0
30,2,암,삼원교잡(LYD),63.8,22.5,21.2,58.4,12.9,1351.0,1.19,1.89,고급,0,3,0.854,2.21,172,0
33,6,암,삼원교잡(LYD),68.2,30.4,17.6,70.9,20.2,2184.0,1.4,2.43,고급,0,2,0.884,2.74,164,0
6,6,거세,삼원교잡(LYD),75.4,30.6,25.4,60.5,10.3,969.0,1.28,2.37,표준,1,3,0.872,2.71,172,0
13,5,거세,삼원교잡(LYD),79.4,24.2,21.5,56.9,19.2,868.0,1.79,2.28,고급,1,6,0.873,2.62,183,0
22,5,암,삼원교잡(LYD),69.2,22.1,23.9,82.9,16.6,2315.0,1.31,2.23,저가,1,0,0.726,3.07,197,0
32,8,암,삼원교잡(LYD),66.9,25.8,23.2,43.1,13.8,1617.0,1.24,2.34,고급,1,2,0.946,2.47,161,0
5,4,암,삼원교잡(LYD),60.2,26.3,22.4,62.6,23.1,1840.0,1.56,2.13,저가,0,2,0.705,3.02,186,0
25,4,암,삼원교잡(LYD),74.3,26.8,26.1,66.9,13.0,1344.0,0.95,3.12,표준,1,1,1.03,3.03,160,0
12,5,암,삼원교잡(LYD),67.2,18.0,26.3,79.1,13.4,1447.0,1.72,2.71,저가,1,1,0.845,3.2,182,0
9,7,거세,삼원교잡(LYD),84.8,34.0,19.9,61.0,13.7,1148.0,1.05,2.63,표준,1,0,0.99,2.65,167,0
21,6,거세,삼원교잡(LYD),66.3,28.4,18.3,91.6,15.5,1659.0,1.6,2.14,저가,1,5,0.655,3.27,199,0
17,1,암,이원교잡(LY),80.5,24.4,12.0,72.6,19.6,1916.0,1.66,2.01,표준,1,1,0.649,3.1,220,0
26,4,암,이원교잡(LY),73.7,22.8,20.6,41.3,6.2,1598.0,1.17,2.24,표준,1,3,0.803,2.79,189,0
13,6,암,이원교잡(LY),64.9,28.0,17.6,50.5,20.2,2030.0,1.19,2.33,고급,0,3,0.907,2.57,161,0
33,2,암,삼원교잡(LYD),71.2,26.5,23.7,67.4,15.4,1831.0,1.27,1.87,표준,1,0,0.739,2.52,191,0
4,8,거세,삼원교잡(LYD),73.9,25.3,20.7,53.6,18.3,976.0,1.46,2.44,고급,1,4,0.959,2.55,167,0
35,7,거세,삼원교잡(LYD),68.9,26.4,21.1,70.5,29.4,1428.0,1.05,2.62,표준,1,0,0.905,2.9,167,0
2,7,암,삼원교잡(LYD),74.2,24.7,25.2,60.5,11.9,1276.0,1.27,1.63,표준,1,1,0.696,2.34,204,1
30,1,거세,삼원교잡(LYD),74.1,26.2,23.6,53.0,7.7,1877.0,1.22,2.03,표준,1,4,0.814,2.49,183,0
14,5,암,삼원교잡(LYD),73.0,27.2,21.5,55.4,16.2,1731.0,1.01,2.67,고급,1,1,0.941,2.84,166,0
16,5,암,이원교잡(LY),69.9,26.0,28.7,73.5,17.1,1564.0,1.04,2.41,고급,1,5,0.757,3.19,187,0
1,6,거세,삼원교잡(LYD),64.1,25.9,25.0,44.8,20.2,2007.0,1.33,2.04,표준,1,2,0.776,2.63,179,0
29,7,암,삼원교잡(LYD),69.6,29.2,20.3,75.5,11.8,567.0,1.33,2.52,표준,1,2,0.862,2.92,169,0
7,3,암,삼원교잡(LYD),70.9,20.2,20.5,75.7,10.0,1198.0,1.11,2.12,표준,1,1,0.866,2.45,180,0
27,5,암,삼원교잡(LYD),60.6,22.6,25.2,61.7,5.8,1241.0,1.32,2.23,저가,1,3,0.757,2.94,183,0
30,6,거세,삼원교잡(LYD),70.8,25.1,22.8,51.0,6.8,1626.0,1.14,1.96,고급,1,5,0.859,2.28,175,0
34,7,암,삼원교잡(LYD),69.5,22.8,17.5,70.6,12.5,1776.0,1.63,2.31,표준,0,5,0.782,2.95,187,0
29,7,거세,삼원교잡(LYD),63.5,23.8,25.6,60.1,14.3,1499.0,1.27,2.61,고급,1,2,0.931,2.8,161,0
13,3,암,삼원교잡(LYD),68.3,28.9,27.0,49.8,27.4,843.0,1.57,2.16,표준,1,6,0.653,3.3,200,0
30,8,거세,삼원교잡(LYD),68.4,24.6,26.7,84.1,4.8,1703.0,0.88,2.49,표준,0,2,0.946,2.64,164,0
34,1,암,삼원교잡(LYD),79.7,19.5,28.2,56.2,17.0,1564.0,1.38,2.29,표준,1,5,0.71,3.22,214,1
13,4,암,삼원교잡(LYD),71.1,23.7,30.3,50.3,10.6,766.0,1.45,2.62,표준,1,0,0.748,3.51,193,0
5,5,암,삼원교잡(LYD),75.2,25.2,28.9,67.9,16.3,1352.0,1.27,2.16,고급,1,2,0.762,2.84,193,0
36,1,암,이원교잡(LY),69.4,25.1,23.4,64.3,11.7,1687.0,1.17,2.77,고급,1,0,0.984,2.81,161,0
6,4,거세,삼원교잡(LYD),60.6,26.7,21.2,79.9,21.2,2327.0,1.26,2.5,고급,1,6,1.001,2.5,149,0
24,5,암,삼원교잡(LYD),73.4,26.4,14.7,61.2,21.2,955.0,1.49,2.37,표준,1,2,0.794,2.99,185,0
10,5,거세,이원교잡(LY),66.7,24.6,22.0,61.3,14.3,1895.0,1.0,2.38,고급,1,3,0.956,2.49,161,0
6,1,암,삼원교잡(LYD),68.3,21.4,24.1,68.4,23.6,962.0,1.48,2.16,표준,1,5,0.679,3.18,206,0
32,3,거세,이원교잡(LY),64.7,23.7,22.2,67.0,19.6,865.0,1.38,2.14,표준,1,4,0.828,2.59,175,0
6,2,암,삼원교잡(LYD),70.4,23.1,14.4,67.3,23.4,894.0,1.23,2.38,표준,1,2,0.801,2.97,185,0
27,6,거세,삼원교잡(LYD),75.3,24.1,20.9,67.7,14.7,1803.0,1.25,1.94,표준,1,2,0.89,2.18,177,0
28,3,암,삼원교잡(LYD),74.7,27.1,24.6,66.6,20.7,1565.0,1.32,2.12,저가,1,5,0.637,3.33,213,0
3,5,암,삼원교잡(LYD),77.9,26.2,17.9,60.8,10.4,1343.0,1.71,2.02,저가,1,3,0.663,3.04,212,0
7,6,거세,삼원교잡(LYD),78.6,27.5,22.7,73.3,9.8,1729.0,1.39,2.47,표준,0,3,0.964,2.57,169,0
32,7,거세,삼원교잡(LYD),60.0,23.8,23.7,61.4,28.1,1520.0,1.06,2.48,저가,0,4,0.807,3.07,173,0
21,2,암,삼원교잡(LYD),64.0,29.5,26.5,73.0,8.5,1555.0,1.19,2.68,표준,1,4,0.869,3.08,162,0
5,8,암,삼원교잡(LYD),61.0,27.0,28.9,78.9,12.4,1348.0,1.01,2.2,고급,1,1,0.808,2.72,170,0
40,2,거세,삼원교잡(LYD),73.2,25.3,20.5,58.2,3.6,986.0,0.83,2.06,표준,1,1,0.958,2.15,167,0
11,1,거세,삼원교잡(LYD),66.5,26.8,22.7,89.0,9.9,2346.0,1.01,1.86,표준,1,3,0.868,2.14,168,0
1,1,거세,삼원교잡(LYD),67.6,23.0,22.9,57.9,9.0,2200.0,1.33,2.38,저가,1,3,0.848,2.81,176,0
37,2,암,이원교잡(LY),68.9,18.7,24.6,57.9,11.0,2295.0,1.62,2.72,저가,0,0,0.835,3.26,184,0
1,7,암,삼원교잡(LYD),71.9,23.2,24.1,70.4,16.8,1230.0,1.55,2.28,표준,0,1,0.804,2.83,186,1
23,2,거세,삼원교잡(LYD),62.6,27.2,27.7,69.4,18.2,1159.0,1.01,2.31,표준,1,5,0.791,2.92,174,0
40,6,암,삼원교잡(LYD),63.7,25.2,12.7,65.7,9.0,1293.0,1.1,2.3,표준,1,3,0.835,2.75,171,0
24,4,암,삼원교잡(LYD),70.0,24.6,23.7,73.2,10.3,2037.0,1.07,2.38,표준,1,5,0.836,2.84,178,0
24,1,암,삼원교잡(LYD),76.0,22.5,23.9,67.5,21.5,1500.0,0.7,2.6,표준,1,2,0.838,3.1,186,0
16,4,거세,이원교잡(LY),69.9,19.1,21.1,85.7,25.2,1228.0,1.26,2.88,표준,1,4,1.001,2.87,166,0
6,1,거세,삼원교잡(LYD),66.0,29.3,12.9,64.5,22.5,1682.0,1.5,2.45,저가,1,3,0.827,2.96,170,0
23,4,거세,삼원교잡(LYD),60.0,24.4,21.8,56.5,5.1,1132.0,1.24,2.47,표준,1,6,1.011,2.44,150,0
36,5,거세,이원교잡(LY),74.8,23.7,19.2,59.5,22.1,822.0,0.98,2.23,고급,1,3,0.863,2.58,181,0
4,5,거세,삼원교잡(LYD),66.3,23.0,28.7,69.7,26.1,1565.0,1.09,2.27,고급,1,1,0.853,2.66,174,0
36,3,거세,삼원교잡(LYD),64.3,28.8,23.5,69.9,4.8,1242.0,1.22,2.26,표준,1,2,0.935,2.42,156,0
17,7,거세,삼원교잡(LYD),61.4,27.6,18.8,67.1,21.5,1493.0,1.49,2.19,표준,1,2,0.868,2.52,162,0
22,5,암,삼원교잡(LYD),62.8,22.1,13.8,56.5,16.4,500.0,1.25,2.34,표준,1,2,0.761,3.07,185,0
7,3,거세,삼원교잡(LYD),65.2,28.5,24.4,76.1,13.0,1054.0,1.46,2.49,표준,1,1,0.935,2.66,158,0
25,4,암,이원교잡(LY),68.8,24.6,24.8,84.4,15.6,1477.0,1.28,2.32,저가,1,3,0.77,3.01,186,0
8,1,거세,삼원교잡(LYD),64.0,23.2,21.1,65.3,17.7,742.0,1.36,2.22,저가,1,3,0.765,2.9,184,0
11,8,암,삼원교잡(LYD),70.9,24.1,24.4,83.1,21.9,759.0,1.06,2.34,표준,1,2,0.809,2.89,183,0
29,7,거세,삼원교잡(LYD),68.8,22.7,20.6,73.7,21.6,1519.0,1.13,2.01,표준,1,7,0.772,2.61,188,0
3,3,암,삼원교잡(LYD),81.1,21.0,26.3,87.2,6.0,1851.0,0.99,2.54,표준,0,1,0.851,2.99,191,0
18,6,암,이원교잡(LY),61.5,27.3,26.0,69.7,11.1,1054.0,1.45,2.18,표준,1,5,0.845,2.58,165,0
24,6,거세,삼원교잡(LYD),70.8,24.3,15.4,66.4,15.6,1369.0,1.23,1.95,고급,0,0,0.84,2.33,179,0
6,5,암,이원교잡(LY),70.9,26.9,16.4,73.4,24.4,1380.0,0.7,2.44,표준,0,2,0.807,3.02,180,0
12,1,거세,삼원교잡(LYD),64.8,25.9,30.1,60.7,2.0,719.0,1.42,2.45,표준,1,3,0.777,3.16,180,0
14,8,암,삼원교잡(LYD),70.5,26.6,25.7,69.1,11.3,2092.0,1.54,2.04,표준,0,3,0.713,2.86,194,0
27,8,거세,삼원교잡(LYD),73.8,18.9,17.0,78.3,5.8,1409.0,1.1,2.49,표준,1,0,0.954,2.61,175,0
40,8,거세,삼원교잡(LYD),70.5,22.4,15.7,73.2,6.8,1414.0,1.42,2.49,고급,1,1,0.913,2.73,172,0
34,8,거세,삼원교잡(LYD),76.9,26.7,22.8,64.7,20.9,1686.0,1.25,2.89,고급,1,2,1.013,2.85,164,0
8,8,암,이원교잡(LY),60.0,21.2,17.4,67.0,11.8,720.0,0.77,2.23,저가,1,4,0.825,2.7,174,0
1,6,거세,이원교잡(LY),65.8,26.1,20.7,72.6,2.0,1960.0,1.79,2.28,표준,1,1,0.971,2.35,157,0
3,1,암,삼원교잡(LYD),77.4,20.8,21.8,72.2,14.0,2025.0,1.25,2.12,고급,1,2,0.871,2.43,186,0
24,4,거세,삼원교잡(LYD),74.6,25.0,21.6,72.5,27.2,1570.0,1.35,2.45,표준,1,1,0.922,2.65,172,0
7,2,거세,이원교잡(LY),72.7,29.8,26.5,68.4,4.2,1731.0,1.14,2.3,고급,1,2,0.934,2.46,164,0
10,2,거세,이원교잡(LY),76.2,27.3,29.3,56.8,18.2,1337.0,1.23,2.6,표준,1,0,0.796,3.26,186,0
34,7,암,삼원교잡(LYD),60.4,19.4,20.1,58.3,24.4,1932.0,1.34,2.17,표준,1,3,0.851,2.55,173,0
35,7,암,삼원교잡(LYD),74.0,27.5,17.5,69.6,14.7,1089.0,1.04,2.44,저가,1,3,0.754,3.24,190,0
34,5,거세,이원교잡(LY),75.3,30.5,23.6,73.3,26.6,1484.0,1.72,2.23,고급,1,1,0.868,2.57,173,0
11,6,암,삼원교잡(LYD),66.7,33.4,28.5,72.0,11.0,1514.0,1.51,1.75,표준,1,1,0.583,3.0,207,0
25,2,거세,삼원교잡(LYD),83.1,26.4,20.4,58.2,23.7,1481.0,1.43,2.49,표준,0,3,0.865,2.88,186,0
25,2,거세,삼원교잡(LYD),71.0,20.9,25.4,63.5,22.3,2035.0,1.26,1.78,고급,1,1,0.822,2.16,185,0
8,7,암,삼원교잡(LYD),60.0,26.3,18.7,53.3,14.8,2594.0,1.11,2.25,고급,1,0,0.884,2.55,160,1
23,4,거세,이원교잡(LY),71.9,29.8,22.1,51.1,6.1,1445.0,1.56,2.26,고급,1,4,0.962,2.35,161,0
22,5,거세,삼원교잡(LYD),66.4,24.4,17.4,65.8,9.0,1735.0,1.45,2.3,고급,1,4,0.929,2.47,164,0
16,4,암,삼원교잡(LYD),75.8,28.1,22.0,78.6,2.0,1099.0,1.2,2.31,표준,1,3,0.925,2.5,170,0
31,2,거세,이원교잡(LY),72.7,22.5,21.5,66.0,18.6,2016.0,1.03,2.31,저가,1,1,0.814,2.84,186,0
28,7,암,이원교잡(LY),67.0,26.1,24.4,84.1,17.8,1241.0,0.91,2.41,표준,1,3,0.835,2.89,173,0
22,7,암,이원교잡(LY),77.5,18.0,29.1,63.4,15.5,3073.0,1.31,2.27,표준,1,0,0.7,3.24,216,0
30,6,암,이원교잡(LY),74.7,22.1,20.4,65.3,14.3,665.0,1.24,3.08,표준,1,3,0.981,3.15,169,0
31,3,암,삼원교잡(LYD),65.9,25.0,14.0,55.1,23.1,2574.0,1.6,2.2,고급,1,3,0.727,3.02,190,0
23,6,암,이원교잡(LY),69.2,23.9,21.2,61.5,16.8,1996.0,1.55,1.93,표준,1,2,0.739,2.62,193,0
11,8,거세,이원교잡(LY),72.6,21.1,23.2,53.1,11.7,939.0,1.31,1.88,저가,1,1,0.736,2.55,200,0
31,6,암,삼원교잡(LYD),68.2,23.5,22.8,49.5,15.9,2660.0,1.28,2.5,고급,1,3,0.938,2.66,166,0
29,4,암,삼원교잡(LYD),68.3,26.0,21.4,53.3,27.3,1036.0,1.01,1.82,고급,1,1,0.672,2.71,201,0
40,3,암,삼원교잡(LYD),70.2,24.7,28.0,65.9,18.7,1343.0,1.57,1.94,고급,1,4,0.669,2.89,205,0
6,5,거세,삼원교잡(LYD),64.7,25.2,22.5,57.6,12.7,852.0,1.29,1.89,표준,1,3,0.848,2.23,171,0
17,3,암,삼원교잡(LYD),60.0,27.2,21.6,60.0,14.7,1427.0,1.45,2.44,저가,1,7,0.748,3.26,177,0
37,5,암,삼원교잡(LYD),71.2,24.0,18.9,69.1,17.8,1474.0,1.59,2.7,표준,1,2,0.961,2.81,166,0
21,1,거세,삼원교잡(LYD),60.1,29.1,15.0,49.5,12.5,1915.0,1.16,2.02,표준,0,1,0.81,2.49,166,0
38,2,암,삼원교잡(LYD),65.0,22.0,23.3,65.8,11.9,2719.0,1.09,2.43,표준,1,1,0.864,2.81,173,0
1,7,거세,삼원교잡(LYD),61.1,30.8,23.0,73.5,14.9,1244.0,1.92,1.51,저가,1,3,0.635,2.38,194,0
2,4,거세,이원교잡(LY),61.8,28.3,17.8,74.3,24.1,500.0,1.45,2.08,표준,1,2,0.75,2.77,177,1
32,4,암,삼원교잡(LYD),72.1,23.9,21.8,70.2,19.7,1824.0,1.23,2.48,표준,1,2,0.923,2.69,171,0
15,5,거세,삼원교잡(LYD),68.9,24.1,21.4,64.5,12.5,1225.0,1.61,2.21,고급,1,1,0.94,2.35,166,0
21,4,거세,삼원교잡(LYD),68.7,25.6,19.5,58.8,20.2,2409.0,1.22,2.6,고급,1,2,0.999,2.6,158,0
18,7,거세,이원교잡(LY),63.4,26.8,18.8,64.2,15.1,1483.0,1.38,1.63,저가,1,0,0.722,2.26,186,0
17,2,거세,이원교잡(LY),66.7,28.3,23.6,81.5,17.1,1120.0,1.16,2.08,표준,1,0,0.839,2.48,170,0
38,7,암,삼원교잡(LYD),71.9,21.0,21.1,67.7,16.5,994.0,1.3,2.44,고급,1,5,0.894,2.72,177,0
4,2,암,삼원교잡(LYD),69.7,26.3,19.6,63.9,2.3,1811.0,1.23,2.43,저가,0,5,0.84,2.89,175,1
31,3,암,삼원교잡(LYD),74.1,18.7,18.6,70.6,2.0,1362.0,1.11,2.46,저가,0,2,0.87,2.82,185,0
36,5,거세,삼원교잡(LYD),74.8,24.5,21.5,65.5,16.4,2234.0,1.36,2.36,고급,0,3,0.947,2.49,170,0
27,8,암,삼원교잡(LYD),68.7,29.4,25.7,67.3,9.9,1395.0,1.14,1.96,표준,1,3,0.675,2.9,196,0
16,2,암,삼원교잡(LYD),60.7,20.7,22.8,62.5,5.2,2207.0,1.44,2.07,저가,1,2,0.814,2.54,176,0
7,5,암,삼원교잡(LYD),66.2,20.2,21.1,60.9,10.1,810.0,1.22,2.99,고급,1,3,1.08,2.77,154,0
28,1,거세,삼원교잡(LYD),69.5,25.7,23.2,75.0,20.5,631.0,0.87,1.92,표준,1,3,0.781,2.46,184,0
19,1,거세,삼원교잡(LYD),66.1,29.2,27.5,45.5,17.1,1915.0,1.46,1.88,표준,1,3,0.721,2.6,185,0
6,7,암,삼원교잡(LYD),64.7,26.0,24.0,69.8,19.6,1268.0,1.46,2.5,표준,1,4,0.806,3.11,175,0
15,6,암,삼원교잡(LYD),70.3,19.3,23.0,60.2,17.7,1368.0,1.86,1.98,표준,0,3,0.634,3.13,221,0
39,4,거세,삼원교잡(LYD),82.2,20.0,24.6,45.9,9.5,994.0,1.3,2.84,표준,1,0,0.996,2.85,178,0
11,5,암,삼원교잡(LYD),67.6,25.3,21.4,55.3,19.7,957.0,1.35,3.12,표준,1,6,1.025,3.04,155,0
8,4,거세,삼원교잡(LYD),70.0,21.5,22.7,64.6,18.5,1818.0,1.42,2.23,저가,1,2,0.792,2.81,188,0
28,3,거세,이원교잡(LY),63.4,25.4,20.0,66.0,14.3,1491.0,1.55,2.39,고급,1,2,0.952,2.51,158,0
8,4,암,삼원교잡(LYD),76.2,25.6,15.8,72.4,15.4,970.0,1.54,1.75,고급,1,5,0.724,2.42,200,0
37,3,암,삼원교잡(LYD),74.4,23.5,23.4,73.1,19.8,1895.0,1.38,2.61,표준,1,2,0.859,3.04,181,0
35,7,거세,삼원교잡(LYD),74.0,30.4,23.4,49.5,10.5,2087.0,1.29,1.63,표준,1,4,0.754,2.16,186,0
40,4,암,삼원교잡(LYD),76.8,26.8,20.8,68.8,21.5,1446.0,1.51,1.9,표준,0,2,0.722,2.63,199,0
37,3,암,이원교잡(LY),67.9,28.6,26.1,72.3,18.4,2002.0,1.28,2.34,고급,1,1,0.852,2.74,169,1
10,5,거세,삼원교잡(LYD),68.5,27.8,19.1,67.2,15.0,999.0,0.98,2.46,저가,1,6,0.969,2.54,159,0
9,7,암,삼원교잡(LYD),78.5,24.5,14.9,70.0,24.2,1789.0,0.92,1.85,표준,1,5,0.754,2.46,199,0
14,3,암,이원교잡(LY),73.2,24.4,19.2,45.7,7.2,1581.0,1.23,2.14,표준,0,2,0.77,2.78,191,0
19,8,암,삼원교잡(LYD),60.0,24.1,15.8,55.1,12.2,1104.0,1.33,1.8,고급,1,0,0.756,2.38,180,0
36,4,암,이원교잡(LY),72.3,27.0,23.4,78.7,10.9,2527.0,1.92,2.2,고급,1,4,0.871,2.53,173,1
30,6,암,삼원교잡(LYD),67.1,23.0,19.0,62.2,17.1,1616.0,1.27,2.06,표준,1,1,0.693,2.97,200,0
26,8,거세,삼원교잡(LYD),74.5,30.2,25.9,87.2,22.1,1205.0,1.31,2.11,표준,0,0,0.753,2.8,187,0
36,4,거세,삼원교잡(LYD),72.0,22.8,25.9,52.2,9.1,1510.0,1.2,2.5,저가,1,4,0.82,3.04,184,0
26,2,암,삼원교잡(LYD),61.3,25.6,18.3,80.6,34.8,1065.0,1.45,2.38,표준,0,2,0.729,3.27,184,1
16,6,암,삼원교잡(LYD),71.3,24.3,18.8,58.9,11.0,922.0,1.37,2.47,표준,1,0,0.873,2.83,175,0
17,1,거세,이원교잡(LY),71.1,23.6,24.1,73.6,17.2,1275.0,1.14,2.26,저가,1,5,0.734,3.08,196,0
21,4,거세,삼원교잡(LYD),71.8,31.5,25.9,62.0,15.0,1309.0,1.05,2.52,고급,1,2,1.048,2.4,151,1
4,8,암,삼원교잡(LYD),72.9,23.7,13.9,66.2,15.3,1098.0,1.2,2.29,표준,1,2,0.774,2.96,191,0
30,4,거세,이원교잡(LY),77.5,24.1,23.1,71.0,10.2,2126.0,1.09,2.15,표준,1,1,0.937,2.3,175,0
27,6,거세,삼원교잡(LYD),72.1,23.0,13.2,58.9,21.4,1117.0,1.24,2.47,고급,1,1,0.859,2.88,179,0
30,5,암,삼원교잡(LYD),70.1,25.1,19.8,73.0,9.9,1034.0,1.34,2.17,표준,1,4,0.794,2.74,183,0
22,2,암,삼원교잡(LYD),75.7,24.7,26.4,62.3,4.4,907.0,1.17,2.2,저가,1,5,0.772,2.85,193,0
32,3,암,이원교잡(LY),81.2,21.6,33.0,66.8,8.3,859.0,1.66,2.62,표준,1,0,0.713,3.67,212,0
38,5,암,삼원교잡(LYD),74.6,23.7,21.0,38.5,23.7,2014.0,1.59,2.59,표준,1,3,0.883,2.94,178,0
23,1,거세,삼원교잡(LYD),71.0,26.8,17.0,61.6,22.5,1629.0,1.24,2.21,표준,1,2,0.85,2.6,175,0
18,4,암,삼원교잡(LYD),72.2,28.1,19.9,77.6,3.0,1845.0,1.06,2.56,표준,1,0,0.914,2.8,167,0
5,4,거세,이원교잡(LY),71.3,25.1,22.3,71.9,19.9,2009.0,1.29,1.92,표준,1,3,0.842,2.28,178,1
32,7,거세,삼원교잡(LYD),70.1,25.2,19.3,73.9,3.1,1333.0,1.27,2.21,고급,1,0,0.998,2.22,160,0
37,1,암,삼원교잡(LYD),80.8,23.9,18.3,65.5,14.8,2236.0,1.28,2.07,고급,1,1,0.773,2.68,199,0
28,7,암,이원교잡(LY),66.3,23.5,20.3,81.8,7.8,1187.0,1.2,2.3,표준,1,2,0.869,2.65,172,0
35,4,암,삼원교잡(LYD),75.8,22.2,23.6,67.9,20.3,952.0,1.04,2.52,표준,1,6,0.879,2.87,181,0
35,6,거세,삼원교잡(LYD),69.4,20.3,21.3,58.4,18.3,1687.0,1.31,2.47,표준,1,2,0.916,2.69,173,0
32,5,암,삼원교잡(LYD),62.6,22.9,18.5,73.6,20.9,1572.0,1.21,2.43,고급,1,4,0.891,2.72,166,0
21,3,암,삼원교잡(LYD),69.1,27.7,19.3,74.2,13.2,1571.0,1.23,2.34,고급,1,3,0.924,2.53,164,0
4,8,암,삼원교잡(LYD),67.3,23.7,20.3,71.3,13.9,2008.0,1.32,2.25,표준,1,1,0.759,2.97,188,0
1,2,암,삼원교잡(LYD),72.9,24.0,18.0,61.0,6.0,1553.0,1.28,2.66,표준,1,6,0.925,2.87,171,0
9,1,거세,삼원교잡(LYD),70.5,23.9,19.2,67.8,8.8,1657.0,1.32,1.84,표준,1,1,0.791,2.32,186,0
18,7,암,삼원교잡(LYD),64.9,28.7,24.6,78.9,20.7,2180.0,1.2,2.1,표준,0,2,0.743,2.82,181,0
30,5,암,삼원교잡(LYD),77.4,22.2,21.1,69.8,17.2,1633.0,1.39,2.42,표준,1,1,0.827,2.93,190,0
19,8,암,삼원교잡(LYD),75.5,25.8,15.0,50.2,15.6,1747.0,1.12,2.76,고급,1,0,1.044,2.64,161,0
1,4,암,삼원교잡(LYD),77.9,24.8,26.1,58.7,22.6,791.0,1.03,2.2,고급,1,1,0.765,2.87,196,0
9,1,암,이원교잡(LY),71.2,25.2,23.7,58.2,7.2,3360.0,1.08,2.22,고급,1,2,0.851,2.61,177,0
40,1,거세,삼원교잡(LYD),69.8,25.7,16.5,57.5,19.3,705.0,1.13,1.91,표준,1,2,0.823,2.32,178,0
40,4,거세,삼원교잡(LYD),73.5,25.2,20.5,43.9,7.9,1230.0,0.98,2.14,고급,1,1,0.985,2.17,165,0
16,2,암,이원교잡(LY),67.1,27.4,18.8,83.9,23.9,1215.0,0.88,2.51,표준,1,6,0.87,2.89,168,0
33,8,암,이원교잡(LY),70.7,24.9,24.7,56.2,18.3,2554.0,1.43,2.77,고급,1,3,0.927,2.99,168,0
29,1,암,삼원교잡(LYD),69.1,30.2,20.5,57.0,20.8,1200.0,1.62,2.21,표준,1,3,0.76,2.91,181,0
38,8,거세,이원교잡(LY),62.7,25.1,21.7,45.6,10.8,1721.0,1.44,2.06,표준,1,3,0.875,2.36,165,0
36,2,거세,이원교잡(LY),70.6,19.9,21.2,73.7,28.1,1219.0,1.18,2.32,저가,1,2,0.782,2.97,192,0
26,1,암,삼원교잡(LYD),67.8,26.9,16.1,64.1,27.0,980.0,0.87,1.82,저가,1,2,0.694,2.62,195,0
16,3,암,삼원교잡(LYD),68.8,26.2,27.6,61.5,17.6,1785.0,1.35,2.67,저가,1,3,0.768,3.48,184,0
26,2,거세,삼원교잡(LYD),71.8,25.1,24.6,62.0,22.1,1141.0,0.9,1.93,표준,1,5,0.753,2.56,191,0
13,4,암,삼원교잡(LYD),76.4,24.2,19.0,70.9,13.2,1604.0,1.28,2.39,저가,1,0,0.785,3.05,192,0
14,3,거세,삼원교잡(LYD),65.8,18.7,22.8,60.2,7.4,1813.0,1.1,2.39,고급,1,4,0.959,2.49,166,0
25,5,거세,삼원교잡(LYD),68.3,19.2,25.9,45.1,19.8,2453.0,0.73,2.49,표준,1,2,0.91,2.73,174,0
23,5,거세,삼원교잡(LYD),66.2,29.9,22.2,52.1,9.5,869.0,1.67,2.38,표준,0,3,0.866,2.75,164,0
24,1,거세,삼원교잡(LYD),65.8,23.2,28.2,51.6,22.9,1424.0,0.99,2.3,표준,1,2,0.767,3.0,185,0
16,1,거세,이원교잡(LY),67.0,27.9,33.0,67.8,21.3,1444.0,1.21,2.43,고급,1,1,0.871,2.79,167,0
17,2,암,삼원교잡(LYD),69.0,20.2,21.5,74.3,16.4,1500.0,1.27,2.55,표준,1,4,0.816,3.13,185,0
1,2,암,삼원교잡(LYD),72.9,21.9,19.7,79.7,16.1,2784.0,1.18,2.84,저가,1,3,0.892,3.18,177,0
25,1,암,삼원교잡(LYD),71.6,27.0,18.0,48.7,20.9,1413.0,1.42,1.97,표준,1,0,0.659,2.99,205,0
24,3,거세,삼원교잡(LYD),64.7,24.7,13.1,71.2,16.6,500.0,1.11,1.75,고급,0,2,0.747,2.34,186,0
38,5,거세,삼원교잡(LYD),76.5,26.6,27.0,58.8,12.6,1401.0,1.4,1.84,고급,0,3,0.747,2.46,195,0
21,3,거세,삼원교잡(LYD),74.7,25.0,20.6,94.2,5.9,1441.0,1.38,1.76,고급,1,1,0.812,2.16,186,0
19,3,암,삼원교잡(LYD),65.5,24.4,25.5,78.8,20.8,1379.0,0.96,1.94,표준,1,1,0.708,2.74,193,0
3,4,거세,삼원교잡(LYD),76.1,23.0,26.3,82.0,17.2,1141.0,1.36,1.9,표준,1,1,0.782,2.43,194,0
8,5,암,삼원교잡(LYD),71.6,21.4,17.7,73.0,31.5,839.0,1.04,2.18,고급,1,2,0.807,2.7,188,1
14,3,암,삼원교잡(LYD),69.2,29.2,18.3,68.8,14.4,2580.0,1.01,2.56,저가,0,2,0.855,2.99,170,0
16,2,암,삼원교잡(LYD),71.8,29.7,29.0,61.0,16.8,1659.0,1.37,2.49,표준,1,1,0.81,3.07,177,0
15,4,거세,삼원교잡(LYD),69.9,21.9,21.7,59.0,17.0,1404.0,1.2,2.11,표준,0,5,0.859,2.46,178,0
16,1,암,삼원교잡(LYD),72.7,21.7,19.4,57.0,18.9,2564.0,1.39,2.14,저가,1,4,0.624,3.43,222,0
31,4,거세,삼원교잡(LYD),70.9,24.0,17.8,71.2,9.2,1066.0,1.4,2.9,표준,1,3,1.033,2.81,159,0
6,8,거세,삼원교잡(LYD),68.3,26.0,21.4,80.6,14.5,1801.0,0.94,2.48,저가,1,3,0.805,3.08,179,0
14,4,암,삼원교잡(LYD),60.0,24.5,28.0,61.4,20.0,875.0,1.49,2.35,저가,1,2,0.635,3.7,203,0
7,1,암,삼원교잡(LYD),72.6,26.5,24.7,57.8,13.0,1875.0,1.37,2.34,고급,1,3,0.803,2.91,183,0
13,6,암,삼원교잡(LYD),68.1,24.9,22.7,50.2,19.7,933.0,1.15,2.21,표준,1,0,0.807,2.74,180,0
28,2,거세,이원교잡(LY),73.9,24.7,28.4,67.4,15.6,1735.0,1.27,2.9,저가,1,3,0.831,3.49,183,0
2,2,암,삼원교잡(LYD),72.4,32.2,27.6,77.3,17.4,2477.0,1.49,2.24,표준,1,5,0.72,3.12,187,0
14,2,암,삼원교잡(LYD),68.3,23.4,23.3,77.8,21.9,1547.0,1.22,2.34,표준,1,3,0.833,2.81,178,0
1,8,거세,삼원교잡(LYD),75.1,29.9,33.0,78.8,13.6,500.0,1.83,1.81,저가,1,3,0.55,3.28,230,0
39,8,암,삼원교잡(LYD),71.0,29.3,21.0,69.2,6.3,1518.0,1.67,2.11,표준,1,2,0.818,2.58,176,0
30,5,거세,삼원교잡(LYD),70.8,26.5,26.4,65.9,13.4,1740.0,1.33,2.13,표준,0,6,0.665,3.21,204,0
10,5,암,삼원교잡(LYD),69.3,19.2,20.4,77.8,10.0,1950.0,1.24,2.45,고급,1,3,0.886,2.76,177,0
8,6,암,삼원교잡(LYD),78.4,25.1,25.6,53.9,2.2,2237.0,1.25,2.07,저가,1,3,0.778,2.66,194,0
4,5,암,삼원교잡(LYD),66.4,23.5,21.0,60.6,14.4,2262.0,1.15,2.31,저가,1,2,0.762,3.04,187,0
19,5,암,삼원교잡(LYD),68.4,25.1,23.8,82.1,16.2,1435.0,1.33,2.12,저가,1,4,0.689,3.07,199,0
31,8,거세,이원교잡(LY),63.8,21.8,31.6,54.3,21.1,1170.0,1.47,1.97,표준,1,6,0.589,3.34,222,0
24,6,암,삼원교잡(LYD),73.6,27.3,25.8,64.7,8.2,941.0,0.96,1.96,고급,1,2,0.731,2.68,194,0
36,1,암,삼원교잡(LYD),67.1,28.0,23.9,71.3,15.5,1230.0,1.46,2.25,표준,1,7,0.743,3.03,184,0
14,4,거세,삼원교잡(LYD),67.6,28.5,18.9,65.8,21.8,1738.0,1.53,2.33,표준,1,1,0.849,2.74,169,0
12,8,거세,삼원교잡(LYD),67.4,23.9,22.8,76.5,11.6,826.0,1.44,2.24,고급,1,4,0.925,2.42,166,0
20,4,암,삼원교잡(LYD),70.3,21.8,18.0,80.3,18.2,1037.0,1.27,2.05,표준,1,3,0.793,2.59,188,0
9,2,암,삼원교잡(LYD),63.7,26.1,25.5,69.8,24.6,1781.0,1.43,2.26,고급,0,2,0.737,3.06,184,0
40,7,암,삼원교잡(LYD),60.0,30.3,25.4,78.9,3.8,1177.0,1.62,2.2,표준,0,1,0.765,2.88,171,0
8,5,암,삼원교잡(LYD),72.3,25.2,21.3,55.7,16.6,1685.0,1.29,1.99,저가,1,2,0.689,2.88,203,1
20,5,암,삼원교잡(LYD),60.0,26.4,28.7,63.4,22.0,1093.0,1.31,2.32,표준,1,1,0.735,3.16,181,0
21,4,거세,삼원교잡(LYD),74.3,24.3,28.1,89.1,12.9,1644.0,1.83,2.84,고급,1,3,0.894,3.18,176,0
3,1,거세,삼원교잡(LYD),77.8,23.5,22.6,84.4,23.3,1114.0,1.38,2.26,고급,1,0,0.921,2.45,177,0
19,4,암,삼원교잡(LYD),69.2,27.0,24.3,52.2,18.8,549.0,1.05,1.86,표준,1,1,0.716,2.6,192,0
19,4,암,삼원교잡(LYD),76.5,24.7,19.6,64.9,25.6,1978.0,1.52,2.74,표준,1,2,0.837,3.28,184,0
11,8,암,삼원교잡(LYD),69.9,26.2,20.9,66.4,18.5,1152.0,1.4,2.68,저가,1,7,0.843,3.17,175,0
6,3,암,삼원교잡(LYD),78.0,26.5,17.7,69.2,26.1,1376.0,1.14,2.73,표준,0,4,0.868,3.15,180,0
2,2,암,이원교잡(LY),67.7,26.0,20.1,77.7,16.8,1154.0,1.02,2.29,고급,1,3,0.865,2.65,171,0
1,4,암,삼원교잡(LYD),60.0,26.7,21.6,83.4,6.8,1772.0,1.36,2.06,표준,1,0,0.787,2.62,172,0
20,8,암,삼원교잡(LYD),69.6,22.4,15.4,65.4,11.2,1667.0,1.28,2.03,표준,1,3,0.708,2.87,200,0
4,4,거세,삼원교잡(LYD),78.5,22.3,24.3,76.2,21.1,1771.0,0.99,2.64,저가,1,0,0.956,2.76,176,0
39,4,암,삼원교잡(LYD),72.7,24.9,26.1,71.5,21.0,1225.0,1.28,2.78,고급,0,3,0.871,3.19,176,0
10,6,암,삼원교잡(LYD),67.4,24.9,22.0,64.8,13.1,1475.0,1.26,2.02,표준,1,5,0.739,2.74,189,0
27,6,거세,삼원교잡(LYD),71.6,23.4,11.2,48.0,25.8,1709.0,1.28,1.54,표준,1,5,0.556,2.78,236,0
27,3,암,삼원교잡(LYD),74.9,25.7,21.0,75.2,12.9,2273.0,1.42,2.29,표준,1,2,0.803,2.86,186,0
20,8,암,삼원교잡(LYD),69.6,27.7,16.4,71.1,17.8,1653.0,0.86,2.03,표준,1,3,0.768,2.64,183,0
36,5,암,이원교잡(LY),83.1,28.6,19.6,68.9,17.6,998.0,1.02,2.09,표준,1,1,0.772,2.7,195,0
5,1,암,삼원교잡(LYD),67.4,29.2,27.8,55.2,7.0,1634.0,1.18,2.23,표준,1,4,0.772,2.89,179,0
10,4,거세,삼원교잡(LYD),75.0,21.1,12.3,84.6,14.3,1418.0,1.63,2.42,고급,1,1,0.943,2.57,175,0
11,8,거세,삼원교잡(LYD),73.8,21.5,18.7,66.5,29.3,501.0,1.89,2.07,고급,0,3,0.776,2.66,194,1
6,4,거세,삼원교잡(LYD),66.5,24.1,25.3,53.6,9.5,577.0,1.3,2.34,고급,0,1,0.906,2.58,167,0
12,5,거세,이원교잡(LY),67.9,25.2,19.2,52.0,18.8,1467.0,1.31,2.26,고급,1,1,0.982,2.3,159,0
13,5,암,이원교잡(LY),75.1,24.3,18.9,71.8,8.1,1509.0,0.7,1.61,표준,1,1,0.756,2.13,195,0
31,6,암,이원교잡(LY),70.7,23.3,30.1,72.1,9.4,1353.0,1.53,2.46,고급,1,2,0.816,3.02,183,0
13,7,암,삼원교잡(LYD),71.7,24.1,23.5,60.4,6.5,1942.0,1.41,2.16,고급,1,2,0.858,2.52,178,0
36,2,거세,삼원교잡(LYD),61.8,26.4,25.7,69.6,20.6,1032.0,1.37,1.92,저가,1,3,0.7,2.74,188,0
31,5,거세,삼원교잡(LYD),73.3,21.0,24.0,71.7,9.8,807.0,0.99,2.08,표준,1,2,0.867,2.4,182,0
37,5,거세,삼원교잡(LYD),71.4,32.0,22.6,66.4,22.6,1087.0,1.79,2.36,저가,1,0,0.809,2.92,174,0
5,2,암,이원교잡(LY),69.7,25.1,27.1,58.0,11.8,1195.0,1.68,2.31,표준,1,2,0.774,2.99,186,0
40,6,거세,삼원교잡(LYD),71.8,28.2,29.6,74.6,15.8,1471.0,1.37,2.49,고급,1,1,0.872,2.86,171,0
25,1,암,삼원교잡(LYD),68.0,23.3,15.3,73.4,17.5,1101.0,1.55,2.43,표준,1,2,0.745,3.26,191,0
40,4,암,삼원교잡(LYD),67.0,26.7,21.9,70.7,5.3,500.0,1.31,1.95,표준,1,4,0.802,2.43,177,0
15,3,암,삼원교잡(LYD),68.8,25.3,21.8,56.7,16.2,500.0,1.51,1.5,고급,1,6,0.663,2.26,204,0
39,2,거세,삼원교잡(LYD),67.7,27.6,20.3,51.7,17.1,1562.0,0.97,2.34,고급,1,3,0.991,2.36,156,0
24,7,거세,삼원교잡(LYD),80.9,24.4,25.9,65.8,21.8,935.0,0.73,2.49,고급,0,1,0.849,2.93,188,0
3,2,암,삼원교잡(LYD),74.6,29.7,23.0,74.3,9.2,500.0,0.98,2.24,고급,1,4,0.906,2.47,169,0
17,3,암,이원교잡(LY),65.2,20.5,29.7,75.4,10.1,1812.0,1.1,2.5,고급,0,2,0.817,3.06,181,0
6,7,거세,삼원교잡(LYD),80.2,27.8,26.4,70.8,19.0,2273.0,1.14,2.0,고급,1,5,0.761,2.63,195,0
38,8,암,삼원교잡(LYD),67.8,25.4,27.5,60.5,23.5,1453.0,1.41,2.2,표준,1,1,0.676,3.25,200,0
13,1,암,삼원교잡(LYD),70.1,21.9,17.2,57.0,11.4,1634.0,1.24,2.02,고급,1,4,0.859,2.36,179,0
9,3,거세,이원교잡(LY),74.5,30.9,18.8,64.8,7.6,1638.0,1.29,2.51,표준,1,4,0.934,2.69,165,0
23,6,거세,이원교잡(LY),60.2,30.5,19.1,64.9,13.1,500.0,1.0,2.03,고급,1,3,0.917,2.21,152,0
18,7,거세,삼원교잡(LYD),68.8,18.8,27.3,76.1,8.9,1944.0,0.98,2.92,표준,1,1,1.001,2.91,165,0
4,8,거세,삼원교잡(LYD),67.1,25.5,18.1,60.2,17.4,2120.0,1.31,2.15,표준,0,2,0.771,2.79,183,0
33,5,거세,삼원교잡(LYD),71.0,27.1,18.2,61.0,8.5,2418.0,1.16,2.54,표준,1,7,0.965,2.63,162,0
34,1,암,삼원교잡(LYD),71.9,26.3,17.5,85.5,20.8,1281.0,1.3,2.15,표준,1,3,0.749,2.87,190,0
30,7,거세,삼원교잡(LYD),69.6,29.5,33.0,80.5,16.3,932.0,1.44,2.7,표준,0,3,0.758,3.56,182,0
25,2,암,삼원교잡(LYD),69.4,28.9,21.4,56.2,21.0,2179.0,1.71,2.69,표준,1,4,0.814,3.31,175,0
17,1,암,이원교잡(LY),75.3,25.8,24.1,79.7,2.0,1749.0,1.29,2.2,고급,1,1,0.836,2.63,182,0
22,6,거세,삼원교잡(LYD),71.5,31.8,17.4,53.8,4.5,1937.0,1.75,2.38,표준,1,1,0.959,2.48,158,0
21,5,거세,삼원교잡(LYD),70.2,27.8,25.8,60.7,22.8,1176.0,1.4,2.68,표준,1,2,0.909,2.95,166,0
7,1,암,삼원교잡(LYD),70.7,23.9,14.9,61.8,10.7,1636.0,1.47,2.39,표준,1,6,0.835,2.86,180,0
4,2,암,삼원교잡(LYD),79.2,23.3,18.1,64.2,6.2,973.0,1.56,2.02,저가,1,5,0.764,2.65,199,0
11,5,암,삼원교잡(LYD),70.9,28.7,19.1,71.2,13.8,1497.0,1.48,2.32,저가,1,4,0.72,3.22,191,0
19,3,거세,삼원교잡(LYD),67.4,22.6,22.9,66.1,16.5,1326.0,1.1,2.08,고급,0,3,0.87,2.39,174,0
7,6,거세,삼원교잡(LYD),60.5,23.8,18.8,71.1,14.1,2672.0,1.57,2.35,표준,1,4,0.868,2.7,166,0
5,4,거세,삼원교잡(LYD),62.8,24.3,28.1,61.0,17.8,1774.0,1.21,2.06,고급,1,3,0.761,2.71,182,0
35,5,암,삼원교잡(LYD),67.7,26.1,24.0,68.7,17.0,500.0,1.38,2.41,표준,1,4,0.771,3.13,183,0
15,4,암,삼원교잡(LYD),69.5,24.4,19.2,65.8,16.7,1499.0,1.33,1.76,표준,1,4,0.75,2.35,190,1
24,3,암,삼원교잡(LYD),67.2,21.0,26.0,51.1,23.1,1684.0,1.59,1.96,표준,1,3,0.622,3.16,218,0
21,3,암,삼원교잡(LYD),71.8,28.5,20.4,69.8,14.9,1263.0,1.4,2.06,표준,1,3,0.792,2.6,181,0
30,6,거세,삼원교잡(LYD),67.2,23.8,19.6,66.0,14.7,949.0,0.95,2.25,표준,1,7,0.907,2.48,168,0
30,5,암,삼원교잡(LYD),65.4,31.1,25.6,57.9,19.8,1830.0,1.82,1.85,고급,1,3,0.732,2.52,180,0
12,5,거세,삼원교잡(LYD),73.1,25.9,12.2,60.8,18.3,1019.0,1.51,2.03,표준,1,4,0.788,2.58,186,0
34,5,암,삼원교잡(LYD),76.8,28.8,24.9,61.0,9.6,1788.0,1.16,2.53,저가,1,2,0.805,3.15,184,0
15,2,암,이원교잡(LY),64.5,26.9,19.1,62.6,14.4,977.0,1.02,2.57,표준,1,1,0.848,3.03,168,0
34,8,암,삼원교잡(LYD),71.2,28.9,19.1,82.6,17.6,1233.0,1.54,1.54,고급,1,3,0.729,2.11,189,0
17,5,거세,삼원교잡(LYD),60.5,26.7,29.8,85.9,11.5,1978.0,1.05,2.12,표준,1,4,0.796,2.67,171,0
5,6,암,삼원교잡(LYD),62.6,25.7,19.9,37.7,11.8,1745.0,1.5,2.68,표준,1,3,1.013,2.65,151,0
31,8,암,삼원교잡(LYD),67.1,28.3,25.8,69.9,6.7,1516.0,1.57,2.42,표준,1,1,0.856,2.82,168,0
2,8,거세,삼원교잡(LYD),75.7,32.5,23.1,74.5,2.0,1485.0,1.14,2.42,고급,1,4,1.001,2.42,158,0
31,6,거세,이원교잡(LY),66.1,24.2,23.5,62.8,12.8,1545.0,1.12,2.47,표준,1,0,0.908,2.72,166,0
2,7,암,삼원교잡(LYD),65.9,27.4,21.0,74.3,15.8,1104.0,1.18,2.01,고급,1,7,0.75,2.68,183,0
9,4,거세,이원교잡(LY),70.2,25.0,20.8,81.5,8.4,742.0,1.05,2.36,표준,1,4,0.913,2.59,169,0
25,6,거세,삼원교잡(LYD),70.2,26.5,28.1,51.3,23.3,1785.0,1.36,2.44,표준,1,0,0.734,3.32,191,0
38,3,거세,삼원교잡(LYD),66.1,25.1,25.7,66.3,8.7,2265.0,1.39,2.33,저가,1,4,0.834,2.8,174,0
17,6,거세,삼원교잡(LYD),79.9,18.5,20.0,84.6,20.5,1802.0,1.48,2.18,저가,1,4,0.819,2.66,198,0
5,1,거세,삼원교잡(LYD),68.7,24.4,17.8,52.6,17.5,1627.0,1.09,2.29,표준,1,5,0.962,2.37,163,0
10,8,암,이원교잡(LY),70.6,28.0,19.7,63.8,28.1,896.0,1.51,1.96,저가,1,1,0.761,2.57,185,0
36,2,거세,이원교잡(LY),68.0,22.7,25.9,60.5,18.2,1939.0,1.05,2.48,고급,1,2,0.939,2.65,166,1
30,6,암,삼원교잡(LYD),72.2,27.8,26.7,75.5,6.3,1741.0,1.51,1.87,표준,1,2,0.661,2.83,204,0
5,1,거세,삼원교잡(LYD),76.2,25.6,24.2,76.9,21.3,1880.0,0.93,2.06,표준,1,0,0.784,2.62,190,0
16,2,거세,삼원교잡(LYD),78.3,24.4,15.5,66.6,25.2,2017.0,1.69,2.5,표준,1,3,0.818,3.06,189,0
11,8,거세,삼원교잡(LYD),66.2,27.7,25.0,65.3,4.4,2293.0,1.17,2.39,표준,1,5,1.008,2.37,153,0
8,7,암,삼원교잡(LYD),75.5,27.0,27.2,47.8,18.8,943.0,1.45,2.15,고급,1,2,0.641,3.36,213,0
34,2,암,삼원교잡(LYD),72.7,26.3,22.7,79.2,20.2,856.0,1.47,1.79,고급,1,5,0.81,2.2,182,0
25,2,거세,삼원교잡(LYD),74.9,28.0,29.9,61.5,13.7,1574.0,0.98,2.29,표준,1,3,0.738,3.1,193,0
8,7,거세,이원교잡(LY),69.5,25.6,16.7,63.6,2.0,1039.0,1.51,2.11,고급,1,2,0.913,2.31,167,0
27,8,거세,삼원교잡(LYD),69.1,20.1,24.7,74.7,13.2,952.0,1.16,2.44,고급,1,1,0.853,2.86,180,0
17,2,거세,삼원교잡(LYD),74.7,23.9,17.9,67.0,11.5,2110.0,1.22,2.15,저가,1,3,0.851,2.52,182,0
3,6,암,삼원교잡(LYD),74.8,19.6,26.2,75.0,24.2,995.0,1.13,1.77,저가,1,1,0.602,2.95,233,0
18,3,거세,이원교잡(LY),77.8,27.0,24.5,71.0,14.5,1494.0,1.7,1.88,표준,0,1,0.683,2.76,207,0
8,6,암,삼원교잡(LYD),71.0,27.7,29.2,67.0,12.5,684.0,1.01,2.17,고급,1,1,0.811,2.68,179,0
10,4,암,삼원교잡(LYD),69.5,27.8,24.0,68.1,11.5,1532.0,1.41,2.33,표준,1,3,0.856,2.72,171,0
36,2,암,삼원교잡(LYD),60.0,26.5,20.4,53.8,17.0,2091.0,1.14,1.95,고급,1,2,0.792,2.46,172,0
29,3,암,이원교잡(LY),61.9,27.9,20.0,63.5,15.3,2107.0,1.57,2.07,고급,1,3,0.741,2.8,179,1
6,5,거세,삼원교잡(LYD),68.0,20.3,21.0,75.8,10.3,2022.0,1.88,2.54,고급,1,1,0.987,2.57,164,0
35,7,암,이원교잡(LY),64.5,24.7,20.0,56.0,16.6,1461.0,1.14,2.63,저가,1,5,0.894,2.94,166,0
23,1,거세,삼원교잡(LYD),74.1,20.8,27.4,57.8,11.7,2056.0,1.34,2.38,표준,1,2,0.796,2.99,192,0
35,8,암,삼원교잡(LYD),63.4,23.9,27.1,56.2,2.0,1715.0,1.2,2.21,고급,1,1,0.889,2.49,166,0
30,6,암,삼원교잡(LYD),67.5,29.8,16.0,66.5,19.0,1281.0,1.56,2.11,표준,1,2,0.7,3.02,189,0
14,8,거세,이원교잡(LY),67.7,28.3,22.2,79.0,18.4,1691.0,1.24,2.46,고급,1,3,0.979,2.52,156,0
22,8,암,삼원교잡(LYD),76.0,27.0,22.2,70.5,16.2,1943.0,1.53,2.21,저가,1,5,0.719,3.07,198,0
22,2,거세,삼원교잡(LYD),67.0,24.5,18.9,43.2,12.3,836.0,1.2,2.58,고급,1,1,1.024,2.52,155,0
29,1,거세,삼원교잡(LYD),72.3,22.0,23.8,71.5,14.6,970.0,1.86,2.59,고급,1,3,0.999,2.59,165,0
10,7,암,삼원교잡(LYD),71.0,25.6,27.8,60.6,19.9,1428.0,0.75,2.42,표준,1,7,0.835,2.9,178,0
14,2,거세,삼원교잡(LYD),74.5,28.3,25.6,70.1,11.2,889.0,1.39,2.15,고급,1,1,0.882,2.44,173,0
10,2,암,삼원교잡(LYD),74.3,26.2,27.4,63.5,20.2,882.0,1.3,2.17,고급,1,1,0.692,3.14,202,0
12,4,암,삼원교잡(LYD),69.8,20.2,19.1,56.4,6.2,1290.0,1.29,1.81,저가,1,4,0.726,2.49,200,0
7,8,암,삼원교잡(LYD),61.5,25.3,22.1,64.3,16.0,1996.0,1.37,2.28,저가,1,0,0.764,2.99,179,0
2,7,거세,삼원교잡(LYD),68.8,19.3,18.9,60.6,15.2,1987.0,1.31,2.27,저가,1,0,0.812,2.8,187,0
38,5,거세,이원교잡(LY),69.9,27.4,23.0,68.1,21.0,1661.0,1.35,1.89,표준,1,1,0.769,2.45,184,0
3,2,암,삼원교잡(LYD),71.4,22.9,23.3,56.1,9.5,1590.0,1.4,3.01,고급,1,1,1.072,2.81,157,0
36,3,거세,삼원교잡(LYD),66.3,21.3,25.8,53.8,10.1,2544.0,1.74,2.47,저가,1,3,0.799,3.09,184,0
1,6,암,이원교잡(LY),75.7,27.5,27.3,72.3,6.6,1230.0,0.7,2.05,표준,1,2,0.777,2.64,188,0
32,2,거세,삼원교잡(LYD),70.1,26.7,24.8,76.1,11.6,1621.0,1.76,2.92,표준,1,1,0.993,2.94,159,0
14,5,거세,삼원교잡(LYD),65.4,25.7,18.6,70.8,16.5,1206.0,1.94,2.15,표준,1,1,0.832,2.59,173,0
21,1,암,삼원교잡(LYD),67.7,31.6,16.6,58.5,4.2,856.0,0.86,2.55,표준,1,5,0.963,2.65,154,0
12,3,암,삼원교잡(LYD),79.6,26.9,24.1,57.6,12.3,2092.0,1.31,2.33,표준,1,1,0.73,3.19,200,0
20,2,암,삼원교잡(LYD),73.3,23.1,28.0,58.2,18.7,1347.0,1.64,2.16,저가,1,5,0.604,3.58,226,0
19,6,암,삼원교잡(LYD),75.2,26.6,21.9,73.9,14.4,1847.0,1.53,2.2,저가,1,1,0.752,2.92,193,0
22,8,거세,이원교잡(LY),64.8,24.1,15.9,56.7,15.5,1377.0,1.72,2.73,표준,1,3,0.925,2.95,163,0
16,2,거세,삼원교잡(LYD),66.6,28.8,30.3,73.8,6.0,2123.0,1.39,2.56,저가,1,2,0.755,3.4,181,0
22,7,거세,삼원교잡(LYD),66.6,25.8,24.0,71.4,14.4,1001.0,0.79,2.26,표준,1,4,0.858,2.64,170,0
34,6,암,삼원교잡(LYD),70.9,26.1,22.7,77.4,15.2,2082.0,1.63,1.68,표준,1,1,0.696,2.42,199,0
18,8,거세,삼원교잡(LYD),69.1,20.7,17.3,75.6,14.0,1947.0,1.46,2.39,표준,1,1,0.906,2.64,173,1
15,8,암,삼원교잡(LYD),67.6,25.2,22.1,70.4,15.9,603.0,1.67,1.93,표준,1,4,0.736,2.62,190,0
6,1,거세,이원교잡(LY),68.2,24.8,24.7,50.3,13.1,1242.0,0.92,2.46,고급,1,2,0.933,2.64,165,0
15,6,암,삼원교잡(LYD),66.0,21.9,24.0,71.1,12.3,2010.0,1.0,2.09,표준,0,4,0.797,2.62,183,0
6,5,암,삼원교잡(LYD),69.1,24.3,19.3,66.2,8.8,2319.0,1.3,2.12,표준,1,2,0.84,2.52,177,0
8,1,암,삼원교잡(LYD),75.6,26.3,21.8,61.3,20.8,1858.0,1.63,2.11,표준,0,2,0.781,2.7,189,0
39,3,거세,삼원교잡(LYD),62.4,25.0,19.5,78.6,7.6,1302.0,1.7,2.61,표준,1,3,0.931,2.8,159,0
4,8,암,삼원교잡(LYD),71.7,20.8,28.7,63.5,15.9,1016.0,1.12,1.77,저가,0,2,0.684,2.59,210,0
20,5,거세,삼원교잡(LYD),76.9,24.2,25.6,59.7,25.9,1783.0,1.2,2.52,고급,1,2,0.915,2.76,176,0
34,3,거세,삼원교잡(LYD),69.1,23.6,19.9,76.2,21.6,1287.0,2.02,2.4,표준,1,4,0.817,2.94,181,0
39,3,거세,삼원교잡(LYD),67.4,25.6,17.3,60.9,18.1,1308.0,1.16,2.28,고급,1,2,1.017,2.24,155,0
6,7,거세,이원교잡(LY),74.6,25.3,23.1,59.2,16.5,1388.0,1.47,2.17,표준,1,1,0.866,2.5,178,0
7,3,암,삼원교잡(LYD),65.1,23.8,20.0,53.7,14.2,1941.0,1.19,2.45,저가,1,1,0.827,2.96,175,0
15,2,거세,삼원교잡(LYD),69.9,23.6,20.3,56.8,9.6,2403.0,1.42,2.17,저가,1,2,0.84,2.58,179,0
23,5,거세,삼원교잡(LYD),64.8,25.2,17.5,57.7,13.5,2013.0,1.08,2.17,표준,1,1,0.911,2.38,163,0
39,8,암,삼원교잡(LYD),60.6,27.9,18.0,71.2,18.4,1505.0,1.09,2.32,저가,1,3,0.777,2.99,173,0
9,2,암,삼원교잡(LYD),69.2,25.8,22.7,54.8,17.3,1050.0,1.21,2.82,저가,1,5,0.818,3.44,178,0
7,3,암,이원교잡(LY),63.7,29.3,20.9,46.4,19.7,1834.0,1.16,1.85,고급,1,4,0.781,2.36,173,0
11,4,암,삼원교잡(LYD),69.9,28.4,32.0,68.0,22.3,2333.0,1.22,2.45,표준,1,2,0.704,3.48,193,0
35,2,거세,삼원교잡(LYD),75.6,29.5,24.4,58.7,14.0,2002.0,1.43,2.26,표준,1,3,0.843,2.68,177,0
2,6,암,삼원교잡(LYD),79.3,29.1,17.4,64.8,16.2,1604.0,1.77,2.23,고급,1,5,0.79,2.83,188,0
16,3,거세,삼원교잡(LYD),70.5,29.7,15.9,77.8,3.6,1255.0,1.15,1.84,표준,1,3,0.814,2.26,175,0
5,2,거세,삼원교잡(LYD),75.1,21.5,23.6,65.7,28.5,1673.0,1.05,1.77,표준,1,4,0.748,2.37,200,0
7,3,거세,이원교잡(LY),72.0,26.9,20.4,80.1,12.5,2077.0,1.3,2.4,표준,1,3,0.974,2.47,162,0
37,8,암,삼원교잡(LYD),68.1,28.7,27.3,64.3,18.9,1616.0,1.09,1.92,표준,0,3,0.591,3.25,214,0
1,8,거세,삼원교잡(LYD),60.4,29.2,23.1,75.1,12.5,1448.0,0.89,2.6,고급,0,0,0.97,2.69,149,0
13,5,암,삼원교잡(LYD),78.1,22.7,14.1,59.5,12.4,1156.0,1.57,2.0,표준,0,1,0.7,2.85,210,0
37,4,거세,삼원교잡(LYD),64.8,27.0,17.9,66.1,13.6,2795.0,1.32,2.47,저가,1,2,0.839,2.94,170,0
25,7,거세,이원교잡(LY),76.9,25.2,19.3,55.7,7.5,1055.0,1.34,2.13,표준,1,2,0.85,2.5,182,0
3,2,거세,이원교잡(LY),72.7,30.5,23.8,56.9,2.0,1008.0,0.82,2.11,표준,1,7,0.892,2.37,167,0
19,6,거세,삼원교잡(LYD),65.1,20.8,17.8,62.8,22.0,1582.0,1.15,2.03,표준,1,1,0.825,2.46,179,0
39,6,거세,삼원교잡(LYD),71.6,22.7,22.6,51.7,18.3,1399.0,0.95,2.43,고급,1,3,0.949,2.56,169,0
17,6,암,삼원교잡(LYD),80.7,19.6,16.7,66.6,9.5,2012.0,1.29,2.51,고급,1,2,0.891,2.82,188,0
22,2,암,삼원교잡(LYD),77.7,25.4,22.0,62.0,17.7,2029.0,1.33,2.21,표준,0,2,0.757,2.91,196,1
22,6,거세,삼원교잡(LYD),67.4,31.8,23.5,67.3,19.9,893.0,1.33,2.48,고급,1,4,0.89,2.78,161,0
27,5,암,삼원교잡(LYD),66.4,24.9,27.8,51.9,10.8,1122.0,1.13,2.3,고급,0,8,0.803,2.87,179,0
8,8,거세,삼원교잡(LYD),70.5,25.3,23.0,72.0,17.5,1062.0,1.09,1.9,표준,1,5,0.799,2.38,183,0
34,2,거세,삼원교잡(LYD),69.2,26.7,18.7,82.0,21.0,1892.0,1.25,2.41,저가,1,1,0.874,2.76,170,0
40,5,거세,삼원교잡(LYD),76.0,24.7,28.0,79.9,6.4,1714.0,1.39,2.21,고급,1,4,0.82,2.69,186,0
6,7,거세,삼원교잡(LYD),73.7,26.1,21.3,84.0,18.2,1314.0,1.16,1.52,표준,1,1,0.722,2.1,197,1
33,3,거세,이원교잡(LY),61.5,26.2,25.1,65.4,17.2,1608.0,1.07,2.18,표준,1,3,0.835,2.61,168,0
33,6,암,삼원교잡(LYD),72.3,22.5,19.5,61.5,26.3,937.0,1.08,1.79,저가,1,3,0.568,3.16,235,0
30,1,거세,삼원교잡(LYD),69.1,24.7,22.4,69.9,18.3,1129.0,1.14,1.93,고급,1,4,0.876,2.2,172,0
15,6,암,삼원교잡(LYD),70.2,27.2,18.8,62.6,12.5,850.0,1.19,2.23,저가,1,2,0.78,2.85,183,0
19,5,거세,삼원교잡(LYD),71.2,27.8,23.3,47.6,13.2,1573.0,1.03,2.28,저가,1,0,0.838,2.72,175,0
34,2,암,삼원교잡(LYD),76.0,28.9,25.2,73.2,27.1,1571.0,1.19,2.05,고급,1,4,0.693,2.96,200,0
7,1,암,삼원교잡(LYD),74.9,26.0,20.0,62.7,12.9,1008.0,1.61,2.46,고급,1,1,0.913,2.69,172,0
34,6,거세,삼원교잡(LYD),66.3,26.1,19.8,50.3,18.5,1711.0,1.23,2.27,표준,0,1,0.771,2.94,182,0
37,2,거세,삼원교잡(LYD),69.7,27.3,23.4,59.9,13.6,2029.0,0.99,2.17,고급,0,2,0.921,2.36,165,0
28,4,암,이원교잡(LY),67.8,23.2,18.7,62.9,21.5,985.0,0.74,2.31,고급,0,2,0.895,2.58,170,0
14,1,암,삼원교잡(LYD),61.6,23.1,15.9,65.1,21.8,1337.0,1.76,2.66,저가,1,3,0.774,3.44,180,0
23,8,암,삼원교잡(LYD),69.5,24.6,23.4,65.2,14.9,1757.0,1.58,1.65,표준,1,2,0.71,2.33,197,0
3,5,거세,삼원교잡(LYD),79.2,21.2,21.6,78.7,12.6,1497.0,1.37,2.69,표준,1,1,0.962,2.8,177,0
38,8,암,삼원교잡(LYD),61.4,26.2,21.5,52.1,12.4,814.0,1.59,2.12,표준,0,2,0.743,2.85,181,0
14,2,거세,이원교잡(LY),69.9,28.1,24.1,63.5,4.6,1280.0,1.43,2.07,표준,1,1,0.835,2.48,174,0
3,2,거세,삼원교잡(LYD),69.7,22.9,24.6,56.2,15.6,1263.0,1.28,2.18,표준,0,3,0.895,2.44,173,0
32,5,암,삼원교잡(LYD),71.4,26.3,21.4,77.6,15.5,1415.0,0.99,2.03,저가,1,1,0.73,2.79,193,0
27,5,암,삼원교잡(LYD),65.2,23.1,17.5,59.4,10.1,1436.0,1.78,1.99,표준,1,1,0.826,2.41,176,0
25,7,암,삼원교잡(LYD),62.9,22.0,19.4,61.6,4.0,2283.0,1.19,2.55,표준,1,3,0.929,2.75,163,0
3,8,암,이원교잡(LY),63.1,31.2,24.3,75.5,16.2,1396.0,1.2,2.35,표준,1,6,0.776,3.03,171,0
31,7,거세,삼원교잡(LYD),76.7,22.0,22.5,78.2,17.0,641.0,1.31,1.72,표준,1,4,0.833,2.07,188,0
26,2,암,삼원교잡(LYD),65.1,21.2,19.8,79.7,17.4,1546.0,1.31,2.5,표준,1,2,0.869,2.88,173,0
32,3,거세,이원교잡(LY),67.5,25.6,18.9,48.6,9.1,2374.0,1.44,2.46,표준,1,2,0.921,2.67,165,0
34,8,거세,이원교잡(LY),80.5,25.8,24.5,69.8,17.4,1416.0,1.41,1.85,표준,1,2,0.777,2.39,195,0
9,5,거세,이원교잡(LY),66.3,27.0,21.1,67.7,13.9,1281.0,1.16,2.35,표준,1,4,0.968,2.43,157,0
9,7,암,삼원교잡(LYD),71.7,31.0,25.0,64.5,20.2,1347.0,1.31,2.49,고급,1,2,0.842,2.95,171,0
37,5,거세,삼원교잡(LYD),75.3,22.7,25.5,65.7,9.2,1792.0,1.44,1.82,고급,1,2,0.843,2.16,185,0
22,1,거세,삼원교잡(LYD),75.1,23.3,20.7,77.9,21.9,1345.0,1.13,2.39,고급,1,3,0.943,2.53,172,0
18,4,암,삼원교잡(LYD),63.3,29.8,25.8,75.4,24.1,742.0,1.66,2.1,고급,1,2,0.694,3.02,186,0
12,7,암,삼원교잡(LYD),66.4,27.8,22.6,74.0,15.7,1164.0,1.29,2.46,표준,1,1,0.835,2.95,171,0
26,6,암,삼원교잡(LYD),71.5,27.4,23.1,67.1,17.4,1468.0,1.7,2.02,표준,1,3,0.683,2.96,200,0
31,2,암,삼원교잡(LYD),79.6,23.2,13.2,87.7,19.7,1768.0,0.95,2.61,표준,0,5,0.838,3.12,189,0
1,2,거세,삼원교잡(LYD),66.2,28.4,18.1,61.0,8.8,1209.0,1.46,2.23,표준,0,0,0.861,2.59,167,0
23,7,암,삼원교잡(LYD),67.5,27.4,18.3,48.8,12.1,1352.0,1.08,2.12,표준,1,1,0.846,2.5,171,0
40,8,암,삼원교잡(LYD),72.1,25.6,20.7,62.3,16.1,1522.0,1.14,2.08,표준,1,2,0.823,2.53,181,0
12,7,암,삼원교잡(LYD),73.1,23.2,22.5,65.6,27.2,1111.0,1.53,2.56,표준,1,2,0.813,3.15,186,0
12,1,암,삼원교잡(LYD),73.4,25.3,22.6,78.0,7.8,1454.0,1.24,2.08,표준,1,4,0.805,2.59,185,0
36,5,거세,삼원교잡(LYD),65.8,29.9,23.1,59.9,24.8,1734.0,1.95,2.62,표준,1,2,0.852,3.07,166,0
3,7,거세,삼원교잡(LYD),67.3,21.7,19.3,69.9,13.8,907.0,1.43,2.36,고급,0,2,0.94,2.51,167,0
16,6,암,삼원교잡(LYD),71.1,22.6,24.8,50.2,14.8,1653.0,1.13,1.88,표준,0,0,0.679,2.77,207,0
19,5,거세,삼원교잡(LYD),76.3,23.1,29.2,75.8,22.3,955.0,1.43,2.31,표준,0,2,0.718,3.22,204,1
32,4,거세,삼원교잡(LYD),68.8,23.8,20.6,65.7,27.1,965.0,1.24,2.31,고급,1,4,0.968,2.39,163,0
6,2,거세,삼원교잡(LYD),69.9,25.0,19.3,62.2,17.5,1169.0,1.51,1.87,고급,1,2,0.89,2.11,171,0
18,3,암,삼원교잡(LYD),64.9,27.9,19.3,86.3,22.0,2183.0,1.23,2.3,표준,1,5,0.775,2.97,177,0
7,6,암,이원교잡(LY),79.3,26.4,22.3,75.7,9.5,642.0,1.4,2.46,표준,1,1,0.918,2.68,176,0
32,1,암,삼원교잡(LYD),70.8,25.2,19.9,54.6,11.8,1268.0,1.35,2.64,저가,1,4,0.888,2.97,172,0
26,1,암,삼원교잡(LYD),75.4,25.8,15.1,63.9,6.9,1487.0,1.32,2.63,표준,1,2,0.88,2.98,177,0
20,4,암,삼원교잡(LYD),70.1,26.9,16.2,92.4,11.9,2084.0,1.56,3.02,고급,0,1,1.059,2.85,153,0
16,7,암,삼원교잡(LYD),70.4,20.0,26.1,84.8,18.4,2474.0,0.85,2.3,표준,1,3,0.716,3.21,203,0
7,6,거세,삼원교잡(LYD),62.5,28.2,27.1,74.2,16.3,1289.0,1.32,2.47,표준,1,2,0.881,2.8,161,0
37,5,암,삼원교잡(LYD),60.0,22.5,28.4,46.5,25.4,1770.0,1.12,2.12,표준,0,1,0.627,3.38,207,0
26,5,거세,이원교잡(LY),76.3,23.7,22.9,78.3,27.3,1453.0,0.96,2.87,표준,1,3,0.933,3.07,174,0
13,1,거세,삼원교잡(LYD),70.4,26.0,18.0,58.6,14.2,1450.0,1.09,2.03,고급,1,1,0.884,2.3,171,0
17,3,거세,삼원교잡(LYD),71.0,24.8,20.2,78.2,10.9,1637.0,1.15,2.85,저가,0,4,1.04,2.74,158,0
30,1,암,삼원교잡(LYD),63.8,26.5,16.0,57.8,22.0,707.0,1.24,2.81,표준,1,1,0.993,2.83,153,0
29,7,암,삼원교잡(LYD),65.5,25.4,15.9,69.9,22.6,1476.0,1.38,2.06,고급,1,5,0.746,2.77,186,0
19,7,암,삼원교잡(LYD),75.3,24.1,23.0,58.6,17.6,1725.0,1.44,2.61,고급,1,5,0.931,2.8,173,0
13,3,암,삼원교잡(LYD),78.7,29.6,24.2,61.4,19.2,1070.0,1.2,2.44,표준,1,4,0.812,3.0,184,0
27,3,암,삼원교잡(LYD),66.9,27.1,29.8,71.2,18.3,1729.0,1.7,2.18,표준,1,2,0.638,3.41,205,0
27,3,거세,삼원교잡(LYD),73.4,25.9,21.7,51.8,9.1,636.0,1.21,2.26,고급,1,2,1.042,2.17,159,0
24,8,암,이원교잡(LY),71.0,27.1,16.6,88.7,7.7,1547.0,0.81,2.38,표준,0,0,0.843,2.82,175,0
3,4,암,삼원교잡(LYD),69.4,22.9,21.5,54.7,14.7,2171.0,1.21,2.41,저가,1,4,0.785,3.07,187,0
19,7,암,삼원교잡(LYD),79.3,31.5,20.9,54.2,13.8,1391.0,1.31,2.75,표준,1,3,0.918,2.99,170,1
25,4,거세,이원교잡(LY),67.7,21.7,20.0,71.3,16.7,1011.0,0.7,2.47,표준,1,0,0.942,2.62,167,0
39,6,거세,삼원교잡(LYD),76.2,25.3,23.4,77.9,14.2,787.0,1.6,2.07,표준,1,1,0.843,2.45,183,0
22,5,암,이원교잡(LY),71.9,24.1,17.1,61.8,4.8,1695.0,1.28,2.52,고급,1,2,0.967,2.61,166,0
14,3,거세,삼원교잡(LYD),69.9,24.0,22.5,54.3,2.3,1964.0,1.01,1.78,저가,1,1,0.817,2.17,181,0
23,8,거세,삼원교잡(LYD),76.9,23.6,24.6,55.8,19.4,1472.0,1.06,2.18,고급,1,4,0.924,2.36,176,0
8,6,거세,삼원교잡(LYD),71.5,22.7,27.7,54.7,11.0,1268.0,1.49,2.21,고급,1,3,0.834,2.65,182,0
4,7,거세,삼원교잡(LYD),69.5,28.6,23.2,68.1,13.6,535.0,1.52,2.5,고급,1,2,0.973,2.57,158,0
28,8,거세,삼원교잡(LYD),76.9,21.4,26.2,64.3,11.7,1562.0,1.14,2.83,고급,1,1,1.043,2.71,167,0
40,2,암,이원교잡(LY),76.2,28.0,20.2,69.3,9.5,1155.0,0.96,2.37,표준,1,3,0.858,2.76,178,0
34,1,암,이원교잡(LY),76.0,26.9,20.8,68.6,9.4,1184.0,1.33,2.19,저가,1,1,0.782,2.8,189,0
24,5,암,이원교잡(LY),60.0,23.9,27.4,73.2,21.1,2308.0,1.38,2.09,고급,1,5,0.771,2.71,178,0
2,3,거세,삼원교잡(LYD),72.2,26.6,16.5,60.9,13.6,599.0,1.44,2.55,고급,1,6,0.986,2.59,162,0
40,4,거세,삼원교잡(LYD),71.1,24.5,20.4,57.6,18.8,666.0,1.16,2.24,표준,1,3,0.92,2.44,169,0
18,2,거세,삼원교잡(LYD),69.8,21.7,26.5,66.6,19.6,1616.0,1.27,2.15,저가,1,3,0.682,3.15,207,0
12,4,거세,삼원교잡(LYD),73.0,21.7,21.2,64.5,16.9,1307.0,1.31,2.59,저가,0,1,0.893,2.89,177,0
36,4,거세,삼원교잡(LYD),71.3,27.0,20.9,67.5,19.8,1241.0,1.54,2.65,저가,1,3,0.912,2.91,168,0
30,3,암,삼원교잡(LYD),73.4,26.8,20.9,57.9,15.1,1636.0,1.63,2.01,고급,1,3,0.826,2.44,180,0
30,6,암,삼원교잡(LYD),68.7,25.7,22.5,71.4,23.2,1628.0,1.7,1.85,표준,1,6,0.669,2.77,202,0
12,5,암,삼원교잡(LYD),77.5,23.8,26.3,53.2,19.9,1013.0,1.63,2.27,표준,0,1,0.641,3.54,220,0
40,4,거세,삼원교잡(LYD),73.9,24.4,25.7,60.6,20.7,1204.0,1.75,1.96,고급,0,4,0.797,2.46,187,1
19,1,거세,삼원교잡(LYD),72.7,24.0,22.0,76.3,9.4,1525.0,1.55,1.92,표준,0,1,0.748,2.56,194,0
22,5,거세,삼원교잡(LYD),72.5,19.8,26.4,53.7,16.6,1584.0,1.15,1.99,표준,1,2,0.7,2.84,208,0
31,2,거세,이원교잡(LY),75.8,25.2,23.4,75.5,4.0,1742.0,1.68,2.61,표준,1,1,0.993,2.63,166,0
27,3,암,삼원교잡(LYD),75.1,26.6,25.4,50.9,23.4,1208.0,0.96,2.5,고급,1,0,0.85,2.94,179,0
7,4,거세,삼원교잡(LYD),69.4,25.2,17.9,49.1,11.3,1674.0,1.89,3.04,표준,1,1,1.029,2.95,157,0
13,2,암,삼원교잡(LYD),75.0,30.3,29.0,50.1,12.1,1975.0,1.06,2.11,표준,1,1,0.645,3.27,206,0
15,4,암,삼원교잡(LYD),70.9,22.0,22.9,66.2,6.8,1523.0,1.52,2.7,고급,1,1,1.005,2.68,163,0
38,3,거세,삼원교잡(LYD),79.6,23.0,11.0,72.3,14.8,1449.0,1.66,2.45,고급,0,6,0.923,2.65,179,0
29,7,거세,이원교잡(LY),75.5,25.4,28.6,77.9,13.4,1382.0,1.41,2.13,표준,1,0,0.682,3.13,207,0
15,7,거세,삼원교잡(LYD),66.9,25.7,22.0,77.1,25.9,1191.0,0.79,2.26,고급,1,4,0.942,2.4,162,0
30,1,거세,삼원교잡(LYD),81.7,19.3,20.4,73.6,20.2,1031.0,1.06,2.13,고급,1,4,0.941,2.27,183,0
30,5,암,삼원교잡(LYD),60.0,26.8,19.6,56.7,11.9,1351.0,1.39,2.38,고급,1,4,0.857,2.77,163,0
16,6,암,삼원교잡(LYD),73.2,25.7,23.8,56.6,5.0,1725.0,1.46,2.6,고급,1,4,0.971,2.67,165,0
17,4,암,이원교잡(LY),66.5,18.6,18.4,72.9,2.0,1055.0,1.26,2.19,고급,1,3,0.911,2.4,172,0
36,4,암,이원교잡(LY),79.4,24.6,19.7,79.2,8.8,1462.0,1.32,2.55,표준,1,6,0.92,2.78,178,0
23,7,거세,삼원교잡(LYD),71.3,22.6,19.8,54.7,7.0,1404.0,0.93,2.68,표준,1,1,1.01,2.65,163,0
6,4,거세,이원교잡(LY),66.0,23.6,20.8,77.9,17.1,2389.0,1.74,2.75,고급,1,3,0.963,2.85,161,0
29,1,거세,삼원교잡(LYD),68.7,21.0,19.9,45.8,14.1,1861.0,1.21,1.95,표준,1,3,0.803,2.43,186,0
24,3,거세,삼원교잡(LYD),66.4,26.2,25.4,68.9,15.1,1853.0,1.5,2.29,고급,1,0,0.863,2.65,169,0
21,3,암,이원교잡(LY),68.5,30.3,23.1,64.0,9.3,1960.0,1.65,2.51,고급,1,2,0.93,2.7,160,0
30,4,거세,삼원교잡(LYD),68.4,25.8,23.6,63.0,15.9,1227.0,1.01,1.97,표준,0,3,0.839,2.35,175,0
37,2,거세,이원교잡(LY),66.2,18.5,24.4,65.3,6.5,2188.0,1.33,1.91,저가,1,3,0.693,2.75,206,0
14,2,거세,삼원교잡(LYD),71.4,25.9,21.6,56.5,14.5,1580.0,1.37,2.29,고급,1,3,0.993,2.31,161,0
17,8,거세,삼원교잡(LYD),72.0,24.4,17.9,69.5,20.0,1478.0,1.24,2.18,표준,1,4,0.902,2.41,172,0
8,2,암,삼원교잡(LYD),65.0,21.7,29.2,65.6,12.8,893.0,1.53,2.25,표준,1,2,0.764,2.94,187,0
26,6,거세,이원교잡(LY),61.7,26.1,25.7,74.4,17.7,1299.0,1.13,2.16,표준,1,1,0.871,2.48,164,0
17,6,거세,삼원교잡(LYD),71.6,27.6,28.5,80.9,3.1,617.0,1.31,2.95,표준,1,2,0.981,3.01,161,0
14,5,거세,이원교잡(LY),72.7,23.0,26.1,66.3,2.7,1376.0,1.21,2.16,표준,0,6,0.832,2.6,183,0
28,8,암,삼원교잡(LYD),73.7,20.1,20.2,56.8,17.0,1212.0,1.88,2.48,저가,1,2,0.708,3.5,208,1
17,1,암,삼원교잡(LYD),72.8,19.0,12.6,53.6,21.3,1301.0,1.13,2.46,표준,1,1,0.792,3.1,194,0
19,3,암,삼원교잡(LYD),77.9,23.0,17.1,82.0,13.6,807.0,1.49,1.79,저가,1,2,0.691,2.6,211,0
18,2,거세,삼원교잡(LYD),75.0,24.5,24.5,80.7,27.9,1852.0,1.75,2.74,표준,1,4,0.82,3.34,185,1
11,5,거세,삼원교잡(LYD),83.4,23.5,21.6,73.9,6.3,1796.0,1.07,2.49,저가,1,1,0.901,2.76,185,0
6,6,암,삼원교잡(LYD),85.0,23.0,20.3,65.6,10.9,2345.0,1.32,2.35,저가,1,4,0.81,2.9,199,0
34,8,거세,삼원교잡(LYD),61.2,26.7,12.0,73.2,15.8,2331.0,1.05,2.62,표준,1,1,0.853,3.07,165,0
4,4,거세,삼원교잡(LYD),60.0,26.4,21.9,78.0,17.8,1578.0,0.8,2.29,표준,1,1,0.983,2.32,150,0
13,2,암,삼원교잡(LYD),70.0,25.6,17.7,58.8,11.5,2012.0,1.1,2.56,저가,1,4,0.869,2.95,173,0
27,8,거세,이원교잡(LY),72.5,27.4,19.1,65.3,8.6,1631.0,1.16,1.74,표준,1,4,0.805,2.16,181,0
6,6,거세,삼원교잡(LYD),69.6,23.0,25.4,53.9,18.7,1286.0,1.17,2.55,표준,1,2,0.917,2.78,170,0
27,7,암,이원교잡(LY),73.5,21.7,17.9,63.7,15.8,1361.0,1.23,2.36,고급,1,0,0.874,2.69,180,0
30,4,거세,삼원교잡(LYD),68.6,23.4,18.3,80.4,12.9,1819.0,1.3,2.36,고급,1,2,0.97,2.43,163,0
27,4,거세,이원교잡(LY),66.5,23.2,22.7,75.8,18.0,3544.0,1.0,2.05,고급,1,0,0.855,2.39,174,0
13,4,거세,삼원교잡(LYD),67.3,18.8,25.5,66.4,14.2,2083.0,1.39,2.23,고급,1,2,0.789,2.83,189,0
1,6,암,삼원교잡(LYD),69.0,23.4,20.4,38.1,14.2,1623.0,1.6,2.23,표준,1,1,0.801,2.78,183,0
36,2,거세,삼원교잡(LYD),74.2,28.3,27.9,58.4,13.9,1742.0,1.63,1.96,표준,1,1,0.77,2.54,187,0
14,8,거세,삼원교잡(LYD),67.6,27.4,16.9,66.0,10.1,1737.0,1.23,2.41,고급,0,1,1.023,2.35,153,0
33,2,암,삼원교잡(LYD),68.6,26.6,16.2,62.8,9.5,1455.0,1.52,2.77,표준,1,2,0.912,3.04,165,0
8,4,암,삼원교잡(LYD),72.9,25.4,15.8,65.3,11.8,1878.0,1.13,1.87,고급,1,3,0.779,2.4,188,0
7,3,암,이원교잡(LY),69.0,29.3,15.4,67.4,15.2,1422.0,1.21,2.45,표준,0,2,0.754,3.25,183,0
32,6,거세,삼원교잡(LYD),75.6,21.8,23.3,59.7,3.8,994.0,1.4,2.17,표준,1,2,0.93,2.34,176,0
38,6,거세,삼원교잡(LYD),65.4,22.1,18.1,64.9,20.7,1741.0,1.22,2.14,저가,1,1,0.79,2.71,183,0
35,8,암,이원교잡(LY),64.3,28.4,16.4,63.5,15.1,1808.0,0.98,2.32,표준,1,2,0.819,2.84,170,0
31,7,암,삼원교잡(LYD),71.5,25.1,23.5,58.0,8.6,1427.0,1.51,2.33,표준,1,3,0.755,3.08,191,0
10,2,거세,삼원교잡(LYD),72.0,23.0,25.3,83.5,24.7,1655.0,1.09,2.36,표준,1,3,0.752,3.13,194,0
37,2,암,이원교잡(LY),65.7,26.7,26.2,60.2,15.3,1980.0,1.17,1.96,표준,1,3,0.7,2.8,192,0
27,8,거세,삼원교잡(LYD),76.7,23.7,25.5,42.5,7.0,1474.0,1.56,2.63,표준,1,0,0.866,3.03,182,0
7,4,암,이원교잡(LY),79.6,22.5,18.3,82.8,24.4,1276.0,1.43,2.32,저가,1,1,0.75,3.1,203,0
6,1,암,이원교잡(LY),66.9,22.4,23.1,56.5,23.1,1145.0,1.34,2.48,표준,1,1,0.848,2.92,176,0
35,7,거세,삼원교잡(LYD),77.4,26.0,24.0,74.0,9.5,1373.0,0.93,2.66,저가,1,7,0.882,3.02,178,0
12,6,암,삼원교잡(LYD),60.0,25.6,20.1,58.2,13.1,2267.0,1.01,1.72,저가,1,3,0.676,2.55,192,0
31,1,암,삼원교잡(LYD),75.4,29.6,22.7,70.7,12.3,1401.0,1.4,2.49,저가,0,3,0.768,3.24,187,0
6,7,거세,이원교잡(LY),65.7,24.1,17.0,64.5,3.7,1680.0,1.46,2.25,표준,1,4,0.934,2.41,163,0
12,5,거세,이원교잡(LY),74.9,24.1,19.5,75.0,16.9,1338.0,1.36,2.61,고급,1,2,1.133,2.3,155,0
12,5,암,삼원교잡(LYD),65.2,29.3,23.5,62.9,20.1,1295.0,1.18,2.06,표준,1,2,0.741,2.78,181,0
12,7,거세,삼원교잡(LYD),69.7,28.0,28.0,58.4,18.9,1060.0,1.17,2.58,저가,1,2,0.853,3.03,172,0
27,4,거세,삼원교잡(LYD),65.9,25.4,26.6,67.6,15.2,1550.0,1.35,1.98,저가,1,2,0.735,2.7,188,0
37,4,거세,삼원교잡(LYD),68.9,20.3,24.6,61.2,20.7,1241.0,0.99,2.42,저가,1,2,0.819,2.96,185,0
37,5,암,이원교잡(LY),79.1,22.6,22.3,45.7,8.2,2137.0,1.32,2.39,표준,0,3,0.88,2.71,184,0
30,2,거세,삼원교잡(LYD),69.5,21.8,21.7,59.0,25.9,1446.0,0.95,2.25,저가,1,3,0.761,2.96,192,0
9,2,암,삼원교잡(LYD),80.6,25.1,16.2,93.7,10.4,1478.0,1.04,1.99,표준,1,0,0.774,2.57,197,0
39,7,거세,이원교잡(LY),68.1,23.5,18.7,46.8,11.0,1410.0,1.34,2.19,표준,1,2,0.857,2.55,175,0
22,2,거세,삼원교잡(LYD),77.5,29.8,18.8,67.4,11.5,1686.0,1.45,2.58,표준,1,7,1.003,2.57,162,0
22,5,암,삼원교잡(LYD),61.9,20.3,24.3,62.6,11.1,2245.0,1.39,2.75,표준,1,1,0.883,3.11,169,0
29,3,거세,삼원교잡(LYD),68.6,21.5,25.8,83.4,13.8,980.0,1.02,2.89,표준,0,2,0.917,3.15,170,0
31,2,거세,삼원교잡(LYD),67.3,25.7,24.9,53.9,13.6,1639.0,0.83,2.46,표준,1,1,0.87,2.83,170,0
39,5,거세,삼원교잡(LYD),77.7,26.6,26.7,66.0,15.8,716.0,1.3,2.38,표준,1,5,0.863,2.75,180,0
24,7,암,삼원교잡(LYD),70.9,18.0,22.3,71.9,10.1,2112.0,0.83,2.43,표준,1,3,0.9,2.7,179,0
25,4,거세,삼원교잡(LYD),60.0,19.8,18.1,63.2,16.0,1446.0,1.54,2.88,고급,1,3,0.981,2.94,157,0
30,2,거세,삼원교잡(LYD),63.4,24.2,21.8,57.3,8.5,753.0,1.03,2.46,표준,1,4,1.013,2.42,153,0
11,2,거세,삼원교잡(LYD),64.9,29.1,19.1,64.8,19.4,862.0,1.86,2.33,고급,1,3,0.842,2.76,167,0
13,2,거세,삼원교잡(LYD),74.7,30.7,24.6,61.9,19.3,1907.0,1.06,2.22,고급,1,5,0.867,2.56,172,0
26,8,거세,이원교잡(LY),74.0,23.8,20.6,61.9,15.0,668.0,1.42,2.25,고급,1,0,0.927,2.43,172,1
3,3,암,삼원교잡(LYD),68.5,24.5,21.6,74.3,11.1,1639.0,1.12,2.42,고급,0,4,0.884,2.73,171,0
13,3,거세,삼원교잡(LYD),67.3,22.5,24.8,69.0,16.9,1286.0,1.26,2.07,저가,1,4,0.677,3.06,204,0
29,1,거세,이원교잡(LY),73.6,26.9,19.0,70.5,9.7,1403.0,1.35,2.11,표준,1,1,0.892,2.37,172,0
40,4,암,삼원교잡(LYD),64.4,29.6,25.9,68.3,15.2,1163.0,1.52,2.28,표준,1,1,0.781,2.92,174,0
21,8,암,삼원교잡(LYD),72.3,28.8,16.6,74.6,14.1,1024.0,1.55,2.16,표준,1,3,0.771,2.81,184,0
16,4,거세,이원교잡(LY),71.9,24.9,23.2,78.0,30.8,1256.0,1.48,2.48,표준,1,3,0.86,2.88,177,0
18,6,거세,삼원교잡(LYD),68.6,22.5,21.6,62.1,7.6,1786.0,1.56,2.5,저가,1,1,0.841,2.98,179,0
28,2,거세,삼원교잡(LYD),72.0,25.0,25.3,73.2,2.0,1354.0,1.15,2.38,표준,1,1,0.938,2.54,168,0
22,2,암,삼원교잡(LYD),70.5,29.1,16.5,52.0,11.2,1711.0,1.46,2.45,고급,1,0,0.923,2.65,164,0
1,6,거세,삼원교잡(LYD),72.5,23.8,15.9,42.5,4.7,1379.0,1.21,2.34,저가,1,3,0.884,2.64,176,0
22,1,거세,삼원교잡(LYD),63.3,19.6,25.0,83.3,10.6,1806.0,1.55,1.5,표준,1,4,0.693,2.17,201,0
17,4,거세,삼원교잡(LYD),73.1,23.9,20.4,61.7,7.2,1707.0,1.33,2.04,저가,1,4,0.852,2.39,180,0
29,3,거세,삼원교잡(LYD),75.1,24.2,21.6,67.5,9.6,1230.0,1.46,2.51,저가,1,0,0.904,2.78,176,0
36,1,거세,이원교잡(LY),71.6,19.5,19.4,52.7,8.6,1023.0,1.37,2.05,표준,1,3,0.853,2.4,183,0
39,5,거세,삼원교잡(LYD),73.0,25.7,25.7,52.3,20.8,1978.0,1.49,2.56,저가,1,1,0.755,3.39,191,0
25,8,암,삼원교잡(LYD),69.5,26.5,23.2,57.9,14.7,1093.0,1.1,2.57,고급,1,2,0.977,2.63,160,0
15,1,암,삼원교잡(LYD),74.5,30.6,23.0,71.4,21.5,1750.0,0.91,2.22,표준,1,7,0.772,2.88,184,0
18,7,암,이원교잡(LY),70.3,21.0,17.3,59.8,15.2,1516.0,1.55,2.12,표준,1,2,0.736,2.89,198,0
8,5,암,삼원교잡(LYD),64.3,27.2,24.0,61.6,20.6,1268.0,1.64,2.3,저가,0,0,0.679,3.39,194,0
38,6,거세,삼원교잡(LYD),74.1,27.9,18.0,57.6,13.2,1715.0,1.27,2.29,표준,0,2,0.819,2.79,180,1
34,1,암,삼원교잡(LYD),61.8,26.6,19.4,76.7,24.6,2184.0,1.5,2.49,고급,1,3,0.873,2.85,163,0
35,7,암,삼원교잡(LYD),71.4,22.0,16.5,73.7,17.8,1813.0,0.89,1.6,고급,1,3,0.755,2.12,195,0
14,1,암,삼원교잡(LYD),68.1,21.8,21.4,60.2,10.3,1565.0,1.14,2.08,표준,1,5,0.77,2.7,189,0
13,8,암,이원교잡(LY),67.8,25.3,26.3,71.8,18.7,2311.0,1.32,2.0,표준,1,4,0.68,2.94,200,1
35,6,거세,삼원교잡(LYD),70.9,25.3,22.9,62.5,15.2,663.0,0.87,1.54,표준,1,2,0.765,2.02,188,0
22,3,거세,삼원교잡(LYD),66.5,23.3,20.2,61.6,13.8,944.0,0.92,2.15,표준,1,2,0.782,2.75,184,0
29,1,거세,삼원교잡(LYD),72.6,28.9,22.4,64.5,15.6,1268.0,1.34,1.85,표준,0,4,0.843,2.19,175,0
20,5,거세,삼원교잡(LYD),70.3,23.8,22.4,71.4,19.5,2210.0,1.15,2.18,고급,1,2,0.898,2.43,172,0
18,1,거세,삼원교잡(LYD),66.9,19.3,22.3,56.1,2.3,1971.0,1.21,2.15,고급,1,5,0.941,2.29,169,0
26,5,거세,삼원교잡(LYD),76.7,24.3,22.7,70.0,12.9,642.0,1.2,2.44,저가,1,4,0.884,2.76,179,0
33,7,거세,삼원교잡(LYD),71.0,26.4,17.8,90.0,19.1,1282.0,0.98,2.22,표준,1,3,0.831,2.68,178,0
14,3,암,삼원교잡(LYD),73.2,26.0,22.4,66.8,16.5,838.0,1.25,1.79,표준,1,6,0.715,2.51,198,0
33,2,암,삼원교잡(LYD),77.1,26.0,15.0,65.4,8.2,1480.0,1.3,2.4,표준,1,0,0.818,2.94,186,0
10,2,암,삼원교잡(LYD),77.0,29.5,24.3,64.2,2.0,1951.0,1.15,3.03,고급,1,2,1.123,2.7,153,0
17,2,거세,삼원교잡(LYD),72.9,21.7,17.6,69.8,25.2,1988.0,1.17,2.62,고급,0,3,1.057,2.48,161,0
37,1,암,삼원교잡(LYD),68.5,23.7,26.7,48.9,13.9,1634.0,1.25,2.5,저가,1,0,0.786,3.19,185,0
39,2,암,삼원교잡(LYD),62.9,29.6,12.2,82.0,24.1,1287.0,1.5,2.24,고급,1,3,0.79,2.84,171,0
37,6,암,이원교잡(LY),71.0,19.1,28.7,74.8,19.8,1452.0,1.28,2.15,고급,1,3,0.707,3.04,207,0
13,3,암,이원교잡(LY),75.5,24.8,15.4,58.6,10.2,1842.0,0.82,2.13,표준,1,2,0.849,2.51,182,0
34,7,거세,이원교잡(LY),71.8,28.7,17.2,65.3,2.0,2674.0,1.0,2.37,저가,1,3,0.873,2.72,171,0
38,7,거세,이원교잡(LY),60.0,28.6,23.2,59.4,12.2,907.0,1.53,1.96,표준,1,3,0.816,2.4,166,0
40,7,암,삼원교잡(LYD),74.4,27.0,24.5,68.0,14.8,2294.0,1.13,2.37,표준,1,4,0.799,2.96,185,0
1,5,암,삼원교잡(LYD),74.7,27.1,20.9,65.6,17.7,1622.0,1.28,2.1,저가,1,3,0.679,3.09,204,0
30,3,거세,삼원교잡(LYD),68.5,21.9,25.6,67.3,8.3,1910.0,1.78,1.79,저가,1,4,0.667,2.68,208,0
40,8,거세,이원교잡(LY),74.9,29.1,18.8,54.7,16.1,1593.0,1.46,2.1,표준,1,4,0.785,2.67,184,1
31,2,거세,삼원교잡(LYD),73.1,21.4,20.4,60.2,16.1,2202.0,0.76,2.68,고급,1,2,1.115,2.4,157,0
10,4,거세,삼원교잡(LYD),66.6,21.6,20.8,76.5,20.9,1665.0,1.66,2.34,표준,1,2,0.83,2.82,179,0
31,4,암,삼원교잡(LYD),76.4,26.2,19.8,59.7,13.2,1176.0,1.34,1.5,저가,1,4,0.601,2.49,224,0
5,6,암,삼원교잡(LYD),63.7,23.5,14.3,38.6,17.7,1725.0,1.39,2.1,표준,0,4,0.688,3.05,197,0
20,5,거세,삼원교잡(LYD),69.7,25.6,21.9,63.5,16.7,2063.0,1.38,2.57,저가,1,5,0.849,3.03,175,0
26,7,거세,삼원교잡(LYD),69.2,26.3,21.5,89.1,20.3,1500.0,1.53,2.21,표준,1,1,0.872,2.53,171,0
19,8,거세,삼원교잡(LYD),65.9,30.3,26.3,73.5,10.1,500.0,1.28,2.46,고급,1,1,0.934,2.63,157,0
28,4,거세,이원교잡(LY),71.5,26.3,16.9,59.2,2.0,1443.0,0.93,2.18,표준,1,3,1.007,2.17,160,0
10,7,암,삼원교잡(LYD),76.6,23.1,19.4,64.5,13.6,1549.0,1.38,2.36,저가,1,4,0.83,2.84,187,0
25,2,암,삼원교잡(LYD),76.2,27.0,26.8,71.8,13.6,1478.0,0.95,2.31,고급,1,3,0.841,2.75,181,0
26,8,암,삼원교잡(LYD),73.6,22.5,23.2,47.4,8.1,1252.0,1.75,2.11,표준,0,1,0.776,2.71,193,0
26,2,거세,삼원교잡(LYD),61.5,27.7,24.2,56.4,6.0,2162.0,1.21,2.47,표준,1,0,0.935,2.64,155,0
12,7,암,삼원교잡(LYD),63.3,25.2,23.8,69.0,11.6,500.0,1.29,2.76,표준,1,2,0.882,3.13,165,0
13,4,암,삼원교잡(LYD),70.8,26.2,23.8,80.9,14.3,1547.0,1.13,2.42,표준,1,3,0.786,3.07,184,0
11,8,거세,삼원교잡(LYD),69.8,19.7,29.3,60.6,15.6,1554.0,1.38,2.33,표준,1,3,0.727,3.21,201,0
19,2,암,삼원교잡(LYD),67.5,18.2,22.4,80.7,2.0,2547.0,1.41,2.05,저가,1,3,0.828,2.47,184,0
24,4,암,삼원교잡(LYD),79.5,20.5,18.0,57.5,4.5,1493.0,1.13,2.58,표준,1,1,0.939,2.75,180,0
15,8,암,이원교잡(LY),70.5,30.2,24.6,35.0,21.8,1723.0,1.41,2.15,표준,1,3,0.749,2.87,184,0
17,1,거세,삼원교잡(LYD),72.7,21.6,19.7,72.4,13.9,1563.0,1.32,2.47,고급,1,0,1.019,2.42,164,0
12,3,거세,삼원교잡(LYD),74.9,27.2,21.6,70.4,15.0,1547.0,1.28,2.53,표준,1,0,0.941,2.69,168,0
9,1,거세,삼원교잡(LYD),70.3,23.1,23.5,72.4,7.0,2381.0,1.11,2.6,고급,1,2,1.016,2.56,161,0
27,3,거세,삼원교잡(LYD),83.0,24.3,18.7,72.0,15.0,944.0,1.88,2.6,고급,1,7,1.059,2.46,169,0
33,4,거세,이원교잡(LY),65.3,24.9,20.0,66.9,12.7,1166.0,1.6,2.59,표준,1,1,0.967,2.68,158,0
12,5,암,삼원교잡(LYD),67.0,29.9,23.9,62.4,11.3,1877.0,1.48,1.92,표준,1,3,0.662,2.91,195,0
35,3,거세,삼원교잡(LYD),65.3,26.8,19.8,62.8,6.2,1628.0,1.58,2.04,고급,1,3,0.841,2.43,170,0
23,2,거세,삼원교잡(LYD),77.8,26.2,25.9,60.4,9.8,1358.0,1.37,1.89,저가,1,4,0.736,2.56,198,0
7,2,암,이원교잡(LY),74.0,28.9,18.1,61.0,26.8,1465.0,1.21,1.87,표준,1,3,0.643,2.91,208,0
15,8,암,삼원교잡(LYD),67.3,23.1,18.0,46.9,12.9,1957.0,0.7,2.76,저가,0,1,0.88,3.13,172,0
1,8,거세,삼원교잡(LYD),65.7,28.2,29.6,52.9,19.7,1743.0,1.0,2.0,저가,0,6,0.55,3.64,223,0
2,2,암,삼원교잡(LYD),76.9,27.7,15.9,63.4,13.8,1144.0,1.84,1.96,표준,1,1,0.688,2.85,204,0
14,2,거세,삼원교잡(LYD),71.8,27.7,21.9,42.6,13.1,1619.0,1.59,2.28,표준,1,2,0.925,2.47,166,0
19,1,거세,삼원교잡(LYD),77.1,24.5,29.4,44.9,11.2,1475.0,1.35,2.08,저가,1,4,0.659,3.15,214,0
32,8,암,삼원교잡(LYD),69.7,23.7,21.9,61.7,23.1,1735.0,0.91,2.98,표준,1,2,0.929,3.21,168,0
6,6,거세,삼원교잡(LYD),72.6,22.4,27.4,63.7,17.2,1339.0,1.46,2.22,표준,1,4,0.758,2.92,195,0
34,7,거세,삼원교잡(LYD),71.5,22.6,24.6,61.9,10.3,896.0,1.23,2.43,표준,1,4,0.906,2.69,173,0
10,3,거세,삼원교잡(LYD),66.9,22.2,22.0,41.2,12.6,1836.0,1.47,2.07,고급,0,4,0.875,2.36,173,0
6,6,암,삼원교잡(LYD),69.3,26.1,21.5,80.5,21.5,1774.0,1.02,1.8,저가,1,2,0.602,2.99,217,1
28,1,거세,삼원교잡(LYD),64.1,24.3,13.5,50.6,2.0,2208.0,1.18,2.08,고급,1,3,0.935,2.23,161,0
31,6,암,삼원교잡(LYD),72.5,26.3,20.7,56.8,16.9,842.0,1.52,2.08,고급,1,1,0.803,2.59,183,0
25,5,거세,삼원교잡(LYD),73.8,26.5,22.9,52.4,18.2,1465.0,1.78,2.08,표준,1,3,0.805,2.59,184,0
5,3,암,삼원교잡(LYD),75.0,21.8,22.9,78.0,10.5,1385.0,1.14,1.82,저가,1,4,0.655,2.78,217,0
5,6,거세,삼원교잡(LYD),73.3,21.7,31.9,69.2,15.9,1302.0,1.05,2.34,저가,1,2,0.74,3.16,199,0
16,6,거세,삼원교잡(LYD),69.4,24.3,23.1,60.3,18.0,729.0,1.56,2.2,표준,1,2,0.861,2.55,175,0
19,4,암,삼원교잡(LYD),77.8,22.7,24.5,59.6,7.6,967.0,0.99,1.84,표준,1,3,0.724,2.54,205,0
40,2,암,삼원교잡(LYD),74.5,22.4,26.7,66.8,20.1,1635.0,1.0,2.33,표준,0,3,0.75,3.11,198,1
12,1,거세,삼원교잡(LYD),76.9,30.1,24.2,52.5,16.8,1250.0,1.37,2.53,고급,1,3,1.026,2.46,160,0
8,8,거세,삼원교잡(LYD),77.3,20.4,21.7,68.8,14.1,1087.0,1.82,2.66,고급,1,4,1.062,2.51,166,0
38,3,거세,이원교잡(LY),69.4,31.1,21.7,59.5,15.6,2215.0,1.09,1.57,저가,1,3,0.757,2.08,180,0
7,3,거세,삼원교잡(LYD),71.9,25.9,20.6,70.2,19.2,2687.0,1.21,2.08,저가,1,2,0.805,2.58,183,0
2,6,암,삼원교잡(LYD),73.9,28.0,23.8,69.9,28.9,1472.0,1.33,1.89,고급,1,4,0.699,2.7,198,1
17,3,거세,삼원교잡(LYD),64.3,27.6,21.3,59.1,18.7,749.0,1.18,2.1,표준,0,1,0.848,2.48,167,1
17,4,암,삼원교잡(LYD),64.4,26.9,24.5,44.5,19.9,1698.0,0.86,2.72,저가,1,3,0.907,2.99,162,0
25,6,거세,삼원교잡(LYD),63.5,30.0,18.0,62.5,16.2,500.0,1.5,2.08,표준,1,3,0.837,2.49,165,0
36,5,거세,삼원교잡(LYD),69.5,21.8,22.6,50.5,26.4,825.0,1.35,2.16,표준,1,2,0.777,2.78,189,0
38,6,거세,삼원교잡(LYD),68.3,24.5,28.2,65.8,6.2,1707.0,1.39,2.05,고급,1,4,0.827,2.48,178,0
12,1,거세,삼원교잡(LYD),62.8,22.4,21.1,62.4,4.6,808.0,1.26,2.79,표준,0,1,1.056,2.64,150,0
40,4,거세,삼원교잡(LYD),70.7,19.9,29.4,59.1,15.9,1352.0,1.68,1.61,표준,1,2,0.6,2.68,229,0
26,4,암,삼원교잡(LYD),69.5,23.0,22.7,52.0,19.0,758.0,1.17,2.13,표준,1,0,0.812,2.63,183,1
3,6,거세,삼원교잡(LYD),75.9,30.6,21.8,76.9,2.0,1528.0,1.03,2.04,표준,1,1,0.882,2.31,172,0
38,2,암,삼원교잡(LYD),80.1,24.5,22.5,60.5,15.0,2062.0,1.72,1.78,표준,1,3,0.689,2.59,212,0
6,2,거세,삼원교잡(LYD),72.3,31.0,20.8,88.5,13.9,1194.0,0.75,2.63,표준,1,3,1.011,2.6,155,0
24,7,거세,삼원교잡(LYD),66.5,31.3,14.1,65.3,19.5,1490.0,1.26,1.76,표준,1,0,0.733,2.4,181,0
32,6,거세,삼원교잡(LYD),73.2,34.0,25.5,68.5,17.6,1092.0,1.28,2.16,고급,1,3,0.832,2.6,171,0
10,7,거세,이원교잡(LY),70.0,30.7,30.8,65.4,4.2,1127.0,1.27,2.28,표준,1,3,0.684,3.33,193,0
11,3,암,삼원교잡(LYD),68.8,32.1,23.9,68.4,8.5,1084.0,0.91,2.07,표준,1,2,0.686,3.02,190,0
20,8,암,삼원교잡(LYD),65.7,26.0,24.2,75.9,10.2,1893.0,1.0,1.78,고급,1,0,0.779,2.29,180,0
36,3,암,삼원교잡(LYD),67.7,25.7,21.3,76.0,19.4,793.0,1.54,2.25,저가,1,3,0.752,2.99,186,0
9,6,암,삼원교잡(LYD),69.1,25.9,26.6,47.3,17.2,1334.0,1.65,2.07,표준,0,2,0.652,3.18,206,0
27,2,거세,삼원교잡(LYD),74.0,25.0,21.8,73.6,11.3,1705.0,1.2,2.54,표준,1,2,0.974,2.61,166,0
19,8,거세,삼원교잡(LYD),72.6,25.4,23.1,70.0,15.9,1955.0,1.07,2.45,저가,1,3,0.937,2.62,168,0
5,3,암,삼원교잡(LYD),79.1,27.3,15.7,65.4,8.7,1720.0,0.85,2.88,고급,0,1,0.999,2.89,167,0
29,7,거세,삼원교잡(LYD),73.4,23.6,19.9,82.1,27.3,1464.0,1.54,2.33,고급,1,4,0.908,2.57,174,0
34,3,거세,삼원교잡(LYD),72.1,20.9,23.5,82.5,18.4,1216.0,1.55,2.48,고급,1,4,1.014,2.44,165,0
24,7,암,삼원교잡(LYD),68.5,26.1,25.6,74.0,19.7,1963.0,0.7,2.19,저가,1,4,0.671,3.27,201,0
8,4,암,삼원교잡(LYD),64.8,22.9,25.7,59.6,23.3,1066.0,0.7,2.81,표준,1,4,0.953,2.95,161,0
7,1,암,삼원교잡(LYD),67.2,23.2,15.7,53.1,21.1,1074.0,1.33,2.3,표준,1,2,0.816,2.82,180,0
17,2,거세,이원교잡(LY),66.5,24.6,16.1,72.5,15.2,2176.0,1.37,2.27,고급,1,1,0.901,2.52,167,0
21,6,암,삼원교잡(LYD),60.0,23.9,24.3,78.6,13.9,1680.0,1.18,2.46,고급,1,2,0.803,3.07,174,0
23,2,거세,이원교잡(LY),65.0,28.3,19.0,44.7,22.7,1698.0,1.29,2.11,표준,1,1,0.865,2.44,165,0
10,3,거세,이원교잡(LY),78.0,24.5,25.6,75.9,15.2,1799.0,1.24,2.15,표준,1,2,0.876,2.45,181,0
21,5,거세,삼원교잡(LYD),71.8,28.5,15.5,62.5,10.5,1453.0,1.31,2.46,표준,1,2,0.886,2.78,169,0
12,3,암,삼원교잡(LYD),68.1,25.6,21.6,46.9,26.8,781.0,1.07,2.52,고급,1,4,0.983,2.56,159,0
28,2,암,삼원교잡(LYD),72.0,24.7,21.9,69.7,9.4,1626.0,1.3,2.48,저가,1,2,0.784,3.16,187,0
32,5,암,이원교잡(LY),60.2,25.5,23.9,74.1,4.6,1491.0,1.13,2.28,저가,1,2,0.812,2.8,171,0
27,6,거세,삼원교잡(LYD),71.4,21.1,17.9,61.5,21.0,1070.0,1.11,2.38,표준,1,4,0.872,2.73,179,0
1,6,거세,삼원교잡(LYD),76.4,26.0,14.1,54.4,10.6,955.0,0.83,2.59,표준,1,3,0.904,2.86,175,0
40,8,거세,이원교잡(LY),69.4,27.5,22.7,82.1,17.6,1477.0,1.26,1.97,저가,1,0,0.747,2.64,186,0
1,1,암,이원교잡(LY),61.1,28.0,24.1,58.3,25.9,821.0,1.5,2.3,표준,1,3,0.747,3.08,178,0
40,4,거세,이원교잡(LY),67.9,20.9,26.0,76.6,6.8,1428.0,1.22,1.5,고급,1,1,0.701,2.14,202,0
2,2,거세,삼원교잡(LYD),76.4,20.4,20.6,49.9,14.8,1368.0,1.21,2.52,표준,1,4,0.973,2.59,174,0
21,8,암,삼원교잡(LYD),71.3,23.4,25.1,69.2,23.9,1440.0,1.61,2.07,고급,1,1,0.714,2.89,200,0
5,5,거세,삼원교잡(LYD),62.9,29.2,23.9,68.9,19.1,1701.0,1.56,2.07,고급,1,4,0.832,2.49,166,0
4,1,암,삼원교잡(LYD),81.8,25.7,27.3,73.7,13.9,1811.0,1.73,2.26,저가,1,2,0.727,3.11,205,0
28,6,거세,삼원교잡(LYD),63.7,22.7,21.8,79.9,29.3,1144.0,1.86,2.49,저가,0,4,0.758,3.28,186,1
30,1,암,삼원교잡(LYD),68.8,20.6,15.1,56.9,14.4,1935.0,1.31,3.02,표준,1,5,0.867,3.48,178,0
5,3,거세,삼원교잡(LYD),64.8,22.9,21.7,70.2,17.4,1390.0,1.01,1.83,저가,0,1,0.721,2.54,193,0
40,6,거세,삼원교잡(LYD),64.8,22.7,22.4,51.3,24.9,2377.0,1.17,2.05,저가,1,3,0.759,2.7,186,0
13,5,거세,삼원교잡(LYD),67.7,27.8,24.1,51.2,20.9,1207.0,1.44,2.37,표준,1,4,0.837,2.83,172,0
13,7,거세,이원교잡(LY),73.2,28.0,15.9,59.2,22.9,694.0,1.66,2.08,저가,1,7,0.75,2.78,189,1
12,5,암,삼원교잡(LYD),76.5,21.9,20.8,69.1,9.6,1917.0,1.04,2.55,저가,0,0,0.868,2.94,184,0
19,7,거세,삼원교잡(LYD),68.1,27.3,25.5,81.8,22.4,1713.0,1.36,2.25,고급,1,2,0.83,2.71,174,0
8,5,거세,삼원교잡(LYD),64.9,27.0,21.6,83.6,16.0,2101.0,1.1,2.57,저가,1,5,0.94,2.73,159,0
17,1,암,삼원교잡(LYD),72.4,21.5,20.8,61.5,10.5,1655.0,1.26,2.23,저가,1,4,0.805,2.77,189,0
9,1,거세,삼원교잡(LYD),72.5,24.7,29.6,68.1,16.3,2670.0,1.26,2.46,고급,1,6,0.873,2.82,176,0
3,7,암,삼원교잡(LYD),71.2,26.0,17.7,74.4,16.1,1406.0,1.4,2.01,표준,1,0,0.735,2.74,192,0
15,1,암,삼원교잡(LYD),71.4,25.5,26.9,72.7,26.2,2023.0,1.81,2.88,고급,1,3,0.88,3.27,173,0
27,4,거세,이원교잡(LY),69.4,19.9,26.1,63.3,17.3,1237.0,1.42,1.79,표준,1,3,0.704,2.54,205,0
31,1,암,삼원교잡(LYD),70.5,25.4,21.1,65.8,10.3,1746.0,1.19,2.09,표준,1,3,0.8,2.61,183,0
15,3,거세,이원교잡(LY),69.1,26.9,21.9,63.9,8.9,1839.0,1.15,1.87,고급,1,3,0.916,2.04,165,0
13,5,거세,삼원교잡(LYD),75.4,29.7,21.9,62.9,14.7,1916.0,1.25,2.54,표준,0,2,0.958,2.65,164,0
32,2,거세,이원교잡(LY),81.1,23.0,22.7,61.6,6.9,1888.0,1.08,2.46,표준,1,2,0.988,2.49,174,0
28,4,암,삼원교잡(LYD),70.9,23.4,19.6,63.8,10.7,500.0,1.33,1.93,고급,0,1,0.825,2.34,182,0
34,8,암,삼원교잡(LYD),70.0,24.4,20.3,60.9,13.5,1466.0,0.7,2.6,표준,1,5,0.841,3.09,178,0
37,1,암,이원교잡(LY),71.3,25.9,20.6,53.6,12.5,1212.0,1.25,2.09,저가,1,1,0.784,2.67,185,0
33,1,암,이원교잡(LY),66.7,25.3,20.7,73.6,19.4,1311.0,1.27,2.42,고급,1,4,0.863,2.8,171,0
38,3,거세,삼원교잡(LYD),73.8,26.8,20.8,70.2,10.6,1358.0,1.01,2.49,표준,1,2,1.011,2.46,161,0
17,7,암,삼원교잡(LYD),72.2,21.6,13.0,83.8,2.0,1989.0,1.2,2.23,고급,0,0,0.812,2.74,187,0
16,4,암,삼원교잡(LYD),67.9,26.2,22.4,68.7,4.9,1601.0,1.58,2.57,고급,1,3,1.043,2.47,153,0
13,6,암,삼원교잡(LYD),74.5,22.8,19.9,60.8,14.9,1246.0,1.6,2.26,표준,1,2,0.716,3.15,203,0
10,1,암,이원교잡(LY),70.1,24.6,14.5,58.7,11.5,766.0,1.17,2.4,고급,1,0,0.911,2.64,169,0
30,6,암,삼원교잡(LYD),65.1,30.1,20.6,65.5,7.6,2267.0,1.43,2.22,표준,0,6,0.802,2.77,171,0
29,1,거세,삼원교잡(LYD),71.8,20.8,20.5,70.5,26.8,1176.0,0.93,1.74,고급,0,6,0.798,2.18,190,0
33,6,암,삼원교잡(LYD),71.2,24.2,27.1,62.6,20.0,1435.0,1.23,2.26,표준,1,1,0.793,2.85,186,0
7,2,암,삼원교잡(LYD),74.8,21.2,19.8,50.3,14.6,2569.0,1.36,2.04,고급,1,2,0.837,2.43,187,0
20,7,암,삼원교잡(LYD),74.2,25.5,24.7,57.6,16.4,1190.0,1.68,2.72,저가,1,7,0.847,3.21,180,0
9,3,거세,삼원교잡(LYD),69.5,28.1,27.5,65.2,13.4,1362.0,1.6,1.89,표준,1,3,0.763,2.48,183,0
36,2,암,이원교잡(LY),67.6,25.5,19.5,72.4,7.5,1616.0,1.35,2.67,고급,0,1,0.948,2.81,162,0
11,3,거세,삼원교잡(LYD),70.0,24.6,21.8,50.1,21.2,697.0,1.07,2.25,고급,1,2,0.948,2.37,165,0
6,1,거세,삼원교잡(LYD),71.8,29.0,28.9,67.7,20.1,639.0,1.64,2.42,표준,0,3,0.8,3.03,179,0
23,2,암,삼원교잡(LYD),72.4,26.0,22.9,67.2,3.1,1259.0,1.21,1.89,저가,1,1,0.748,2.52,191,0
36,5,거세,삼원교잡(LYD),71.5,27.5,23.5,60.5,16.4,1276.0,1.41,2.21,표준,1,2,0.818,2.7,178,0
37,3,암,이원교잡(LY),69.5,27.1,20.4,59.1,17.0,1567.0,1.27,2.1,표준,1,1,0.8,2.62,179,0
4,3,거세,삼원교잡(LYD),75.0,18.0,24.7,57.6,13.1,1011.0,1.8,2.93,표준,1,0,0.977,3.0,174,0
14,7,암,삼원교잡(LYD),66.6,24.8,21.8,66.4,27.6,1717.0,1.15,2.09,고급,1,3,0.831,2.52,175,0
7,1,암,삼원교잡(LYD),82.4,21.8,14.7,76.3,26.9,500.0,1.53,2.65,표준,1,2,0.792,3.34,200,1
13,4,거세,삼원교잡(LYD),73.8,22.5,20.6,77.0,12.7,1465.0,1.28,2.65,고급,1,3,1.048,2.53,162,0
22,2,암,삼원교잡(LYD),64.4,29.4,17.3,53.8,13.7,1680.0,1.44,2.64,저가,1,3,0.829,3.18,168,0
12,4,거세,삼원교잡(LYD),70.9,23.9,22.4,63.1,13.0,1664.0,1.71,2.12,저가,1,4,0.771,2.75,189,0
3,3,암,삼원교잡(LYD),73.9,30.7,18.3,43.1,11.3,1419.0,0.8,2.84,고급,1,1,1.089,2.61,151,0
21,1,암,삼원교잡(LYD),68.3,20.8,23.9,66.1,9.5,1170.0,1.28,2.9,고급,1,7,1.001,2.9,162,0
3,1,거세,이원교잡(LY),62.5,21.7,22.2,71.0,18.0,1404.0,1.08,2.41,표준,1,4,0.89,2.71,167,0
10,7,암,삼원교잡(LYD),64.8,27.3,17.0,80.7,26.8,2117.0,1.41,2.16,표준,1,2,0.679,3.18,194,0
1,1,암,이원교잡(LY),72.7,24.0,20.0,47.1,24.3,1200.0,1.47,2.04,표준,1,3,0.723,2.82,199,0
4,7,암,삼원교잡(LYD),61.2,25.9,24.5,54.1,19.7,1989.0,1.18,2.44,표준,0,4,0.787,3.1,174,0
18,8,암,삼원교잡(LYD),62.8,24.7,26.6,66.4,2.0,2069.0,1.17,2.32,고급,1,1,0.909,2.55,162,0
35,4,거세,이원교잡(LY),72.7,24.6,18.4,48.8,3.8,632.0,1.35,2.35,표준,1,2,0.883,2.67,175,0
31,3,암,삼원교잡(LYD),68.9,24.1,17.6,66.7,21.4,1436.0,0.98,1.9,고급,1,6,0.708,2.68,197,0
4,7,거세,이원교잡(LY),66.5,25.5,29.8,71.2,24.7,1011.0,1.38,2.31,표준,1,4,0.644,3.58,205,0
2,8,거세,삼원교잡(LYD),67.5,26.9,22.0,52.2,18.3,749.0,1.1,2.64,표준,1,1,0.99,2.67,156,0
14,1,암,삼원교잡(LYD),62.6,29.8,22.4,66.3,13.2,1896.0,1.48,2.54,표준,1,2,0.927,2.75,155,0
27,8,거세,삼원교잡(LYD),72.4,24.4,19.0,52.9,23.1,1737.0,0.97,2.18,저가,1,4,0.827,2.63,182,0
30,8,암,삼원교잡(LYD),66.0,23.8,22.9,78.8,19.5,1632.0,1.16,2.27,표준,0,1,0.766,2.96,185,0
33,2,거세,삼원교잡(LYD),67.3,23.4,28.9,67.1,21.8,957.0,1.11,1.86,표준,1,4,0.667,2.79,205,0
14,1,암,삼원교잡(LYD),71.7,29.4,23.0,58.6,3.9,1605.0,1.23,2.1,저가,1,2,0.686,3.06,196,0
7,6,암,삼원교잡(LYD),68.7,27.1,26.3,52.6,17.1,845.0,1.64,2.2,표준,0,3,0.76,2.89,184,0
2,1,거세,삼원교잡(LYD),66.5,19.3,22.1,68.9,25.6,1539.0,1.51,2.49,저가,1,1,0.883,2.82,175,0
6,5,거세,이원교잡(LY),60.1,19.2,17.9,78.6,18.2,1169.0,1.18,2.09,저가,1,3,0.808,2.58,179,0
3,1,거세,삼원교잡(LYD),71.8,22.5,19.3,57.3,20.7,2025.0,1.18,1.99,표준,1,3,0.763,2.61,193,0
35,6,암,이원교잡(LY),70.4,25.7,17.5,60.6,15.2,1318.0,1.52,2.53,고급,1,3,0.897,2.82,170,0
11,2,암,삼원교잡(LYD),67.4,24.9,22.9,57.5,15.6,1616.0,1.01,2.17,고급,1,3,0.861,2.52,172,0
33,1,거세,삼원교잡(LYD),64.8,26.5,26.9,80.6,23.4,1617.0,1.31,2.05,표준,1,1,0.791,2.59,177,0
23,1,암,삼원교잡(LYD),70.1,24.5,22.6,45.9,11.0,1462.0,1.15,2.54,고급,1,3,1.006,2.53,160,0
22,2,거세,이원교잡(LY),72.4,29.2,20.8,77.9,10.4,1553.0,1.26,2.44,표준,1,3,0.936,2.6,164,0
19,5,거세,삼원교잡(LYD),70.5,27.3,18.8,61.2,12.1,1652.0,1.5,2.24,고급,1,3,0.952,2.35,163,0
33,1,거세,이원교잡(LY),78.2,25.2,23.4,64.3,15.1,1052.0,1.13,2.19,고급,1,2,0.883,2.49,180,0
2,7,거세,삼원교잡(LYD),73.5,28.4,17.0,61.6,5.3,1701.0,1.54,2.41,표준,1,4,0.866,2.79,173,0
4,5,암,삼원교잡(LYD),69.5,20.1,17.5,67.4,19.4,1932.0,1.85,2.46,고급,0,2,0.841,2.93,182,0
17,3,암,삼원교잡(LYD),73.7,24.7,25.6,57.7,14.0,1699.0,1.45,2.36,고급,1,0,0.8,2.95,187,0
16,8,암,이원교잡(LY),70.2,25.4,20.9,75.6,20.1,1323.0,1.28,2.34,표준,1,2,0.754,3.1,189,0
22,6,암,삼원교잡(LYD),70.2,26.8,20.8,76.0,2.3,1587.0,1.59,2.12,저가,1,1,0.781,2.71,183,0
30,6,거세,이원교잡(LY),76.5,19.9,21.3,55.2,20.1,1318.0,1.02,2.14,표준,1,2,0.843,2.54,189,0
24,2,거세,삼원교잡(LYD),65.5,24.2,24.9,71.7,23.0,1441.0,1.68,2.25,저가,1,3,0.695,3.24,196,0
11,6,암,이원교잡(LY),70.1,26.2,22.7,61.4,17.6,906.0,1.11,2.01,고급,1,3,0.808,2.49,180,0
14,5,암,삼원교잡(LYD),75.9,26.4,19.0,65.5,15.2,2190.0,1.84,1.98,표준,1,2,0.738,2.68,196,0
31,8,암,삼원교잡(LYD),71.5,28.6,19.2,80.3,20.2,2468.0,1.12,2.27,표준,1,3,0.796,2.85,180,0
9,4,거세,삼원교잡(LYD),68.2,27.3,21.2,58.3,22.6,1148.0,1.47,2.6,표준,0,1,0.907,2.86,165,0
21,6,암,이원교잡(LY),61.5,24.8,23.2,74.3,18.1,1893.0,0.91,1.68,표준,1,2,0.682,2.46,194,0
22,3,암,삼원교잡(LYD),60.0,27.0,21.9,69.6,18.6,2229.0,1.25,2.18,표준,1,5,0.871,2.51,161,0
31,1,암,삼원교잡(LYD),80.4,24.4,21.5,63.1,24.9,1021.0,1.03,2.38,고급,1,4,0.942,2.53,177,0
29,2,암,삼원교잡(LYD),71.5,25.4,22.2,68.7,19.6,500.0,0.94,2.62,표준,1,1,0.912,2.88,170,0
19,7,거세,삼원교잡(LYD),67.1,27.4,21.9,67.5,10.2,2258.0,1.6,2.84,표준,0,2,0.969,2.93,157,0
13,6,거세,삼원교잡(LYD),71.7,24.9,18.9,53.4,22.6,1495.0,0.99,2.22,표준,1,2,0.827,2.69,181,0
15,3,거세,삼원교잡(LYD),65.3,26.1,26.4,58.9,14.3,1240.0,1.12,2.89,표준,1,3,0.911,3.17,163,0
17,6,거세,삼원교잡(LYD),68.3,27.9,20.1,54.5,15.2,1524.0,1.09,2.44,고급,1,2,0.956,2.55,159,0
9,1,암,삼원교잡(LYD),65.3,27.1,22.5,62.2,15.6,1315.0,1.58,2.54,고급,0,3,0.934,2.72,159,0
26,1,암,삼원교잡(LYD),62.9,28.7,13.8,78.5,20.8,2980.0,1.55,1.98,표준,1,0,0.661,3.0,194,0
9,5,거세,삼원교잡(LYD),60.0,32.0,21.1,70.8,25.5,1235.0,1.62,2.44,표준,1,2,0.86,2.83,157,0
26,5,거세,이원교잡(LY),62.0,27.1,17.6,50.7,15.1,1664.0,1.1,2.57,고급,1,2,1.05,2.45,146,0
31,8,암,삼원교잡(LYD),75.1,23.6,18.1,62.3,25.4,2146.0,1.64,2.09,표준,1,2,0.735,2.85,199,0
39,7,암,삼원교잡(LYD),65.1,26.5,31.7,67.3,16.0,2144.0,1.1,1.52,표준,1,4,0.55,2.76,226,0
5,3,거세,삼원교잡(LYD),72.7,26.4,23.0,72.4,23.4,2048.0,1.11,2.34,고급,1,3,0.923,2.54,169,0
31,7,암,삼원교잡(LYD),74.8,26.8,26.9,58.5,16.2,1287.0,1.13,2.24,고급,1,3,0.794,2.82,186,0
4,4,거세,삼원교잡(LYD),70.1,29.5,25.4,52.6,12.0,1424.0,1.13,2.7,저가,1,3,0.934,2.89,162,0
14,7,거세,삼원교잡(LYD),68.5,19.9,25.9,64.4,26.5,500.0,1.28,2.14,저가,1,2,0.711,3.01,202,0
8,2,거세,삼원교잡(LYD),70.7,29.5,21.2,70.7,11.5,1463.0,1.09,2.09,저가,1,2,0.813,2.57,176,0
7,1,암,삼원교잡(LYD),67.9,30.6,28.4,67.3,11.1,1516.0,1.36,1.95,표준,1,2,0.609,3.2,207,0
8,1,암,이원교잡(LY),76.0,26.7,25.4,56.2,7.5,1871.0,0.7,2.11,저가,1,2,0.767,2.75,191,0
2,8,암,삼원교잡(LYD),79.4,26.8,22.2,82.5,22.6,2398.0,1.36,3.1,고급,1,1,1.053,2.94,163,0
33,1,거세,삼원교잡(LYD),77.2,24.3,23.1,64.0,24.0,1856.0,1.03,1.82,고급,1,6,0.751,2.43,198,0
3,8,암,삼원교잡(LYD),60.0,25.0,21.5,66.9,17.2,2035.0,1.13,1.9,고급,1,1,0.802,2.37,172,0
16,6,암,삼원교잡(LYD),67.8,27.1,22.2,58.4,9.1,1491.0,1.14,2.28,표준,0,2,0.858,2.66,170,0
28,2,거세,삼원교잡(LYD),70.0,26.9,21.8,76.1,15.0,2142.0,1.54,2.89,고급,1,2,1.067,2.71,153,0
40,7,거세,삼원교잡(LYD),72.3,27.2,23.5,70.7,13.2,1506.0,1.43,2.52,표준,1,3,0.995,2.54,161,0
35,2,거세,삼원교잡(LYD),61.4,26.9,29.0,68.1,8.8,2070.0,1.26,2.77,고급,1,3,1.025,2.7,147,0
6,2,암,삼원교잡(LYD),61.3,27.7,17.2,53.5,12.1,1902.0,1.12,2.18,표준,1,1,0.756,2.89,177,0
40,5,거세,삼원교잡(LYD),76.5,27.4,26.6,75.9,18.0,1696.0,1.5,1.88,저가,1,1,0.644,2.92,213,0
27,3,거세,삼원교잡(LYD),67.2,21.9,20.5,72.6,11.4,730.0,1.75,2.17,표준,1,1,0.892,2.43,172,0
8,3,암,삼원교잡(LYD),62.6,27.5,27.1,75.1,16.8,2047.0,1.29,2.26,표준,1,3,0.73,3.1,182,0
18,2,암,삼원교잡(LYD),64.5,30.6,20.7,65.4,4.3,1689.0,0.9,2.3,고급,0,4,0.965,2.39,152,0
37,5,암,삼원교잡(LYD),72.0,24.9,23.7,64.3,25.1,1851.0,1.12,2.24,고급,1,3,0.799,2.8,185,0
16,1,암,이원교잡(LY),65.9,29.5,21.4,63.2,12.7,1657.0,1.44,2.48,표준,1,2,0.815,3.04,171,0
8,2,거세,삼원교잡(LYD),71.2,22.2,15.1,87.8,20.2,1743.0,1.19,2.09,고급,1,2,0.884,2.36,176,0
36,5,암,삼원교잡(LYD),65.1,24.9,29.0,59.6,16.1,2150.0,1.09,2.02,표준,0,1,0.627,3.23,209,0
39,4,거세,삼원교잡(LYD),61.3,23.1,18.2,53.1,17.4,1263.0,1.07,1.94,저가,1,7,0.853,2.27,169,0
40,6,거세,삼원교잡(LYD),77.1,29.1,22.3,61.3,8.2,1734.0,1.32,2.36,고급,1,1,1.031,2.29,160,0
39,2,암,삼원교잡(LYD),72.0,29.9,17.8,59.7,10.4,1111.0,0.92,2.33,고급,1,2,0.877,2.66,169,0
35,6,거세,삼원교잡(LYD),68.3,24.7,16.7,77.6,10.6,1788.0,1.29,2.63,고급,1,2,1.045,2.51,155,0
19,7,거세,삼원교잡(LYD),67.4,28.5,21.2,51.4,15.2,1626.0,1.32,2.76,저가,0,5,0.923,3.0,161,0
8,4,암,이원교잡(LY),77.3,30.0,19.6,59.4,23.0,1185.0,1.19,1.94,고급,1,1,0.801,2.42,184,0
25,3,거세,삼원교잡(LYD),73.0,24.9,17.3,66.9,17.6,1547.0,1.04,2.31,표준,1,4,0.847,2.72,179,0
9,5,거세,삼원교잡(LYD),75.7,25.4,21.9,77.7,9.6,1216.0,1.55,2.24,표준,1,2,0.907,2.47,175,0
19,5,암,삼원교잡(LYD),67.1,27.2,16.1,72.1,15.5,1311.0,0.97,1.84,표준,1,0,0.76,2.42,183,0
27,1,암,삼원교잡(LYD),70.3,22.5,22.5,81.2,14.5,1677.0,1.34,2.14,표준,1,3,0.829,2.58,182,0
38,5,암,삼원교잡(LYD),72.0,25.3,21.5,68.5,12.9,1634.0,1.48,2.77,표준,1,3,0.983,2.82,163,0
12,2,거세,삼원교잡(LYD),67.2,31.4,12.1,63.0,14.9,540.0,1.34,2.11,저가,0,6,0.852,2.48,165,0
11,5,암,이원교잡(LY),69.5,23.5,19.9,73.6,19.6,1685.0,1.61,2.06,고급,1,3,0.782,2.63,186,0
30,8,암,이원교잡(LY),67.1,27.6,23.9,51.3,10.7,1348.0,1.02,2.28,표준,1,2,0.907,2.52,164,0
1,5,거세,이원교잡(LY),72.0,26.6,17.7,47.9,12.9,1293.0,1.1,2.57,저가,1,2,0.915,2.81,169,0
23,7,거세,삼원교잡(LYD),63.4,24.5,24.0,74.8,20.9,936.0,1.18,2.21,고급,1,2,0.87,2.54,167,0
30,3,거세,삼원교잡(LYD),72.9,25.7,23.7,67.1,17.8,1477.0,2.12,2.34,표준,1,4,0.825,2.84,181,0
23,8,암,삼원교잡(LYD),71.6,30.3,17.9,74.6,22.7,1238.0,1.43,1.61,표준,1,3,0.664,2.43,199,0
16,7,거세,삼원교잡(LYD),69.0,26.7,22.0,56.5,23.6,2137.0,1.47,2.47,고급,1,2,0.94,2.63,163,0
34,8,암,삼원교잡(LYD),72.2,27.1,25.3,77.8,6.8,625.0,1.46,2.37,표준,1,5,0.741,3.19,191,0
15,6,암,삼원교잡(LYD),68.2,29.8,18.5,71.7,16.7,1018.0,1.32,2.57,고급,1,2,0.963,2.66,157,0
29,6,거세,삼원교잡(LYD),66.6,24.1,21.2,64.7,12.0,984.0,1.56,1.74,표준,1,1,0.78,2.23,183,0
19,5,암,삼원교잡(LYD),72.7,21.9,26.6,67.1,7.8,1629.0,0.83,2.21,표준,1,2,0.769,2.87,194,0
2,8,거세,삼원교잡(LYD),72.9,30.3,18.6,68.5,10.3,2087.0,1.37,2.59,표준,1,1,0.908,2.85,166,0
22,7,거세,삼원교잡(LYD),67.5,25.4,23.8,56.4,13.2,1752.0,1.41,2.13,표준,1,2,0.848,2.51,173,0
2,4,암,삼원교잡(LYD),67.0,27.7,17.7,61.1,13.2,953.0,1.55,2.32,표준,1,2,0.863,2.68,168,0
38,1,거세,삼원교잡(LYD),69.1,22.7,21.4,68.3,11.4,1285.0,1.01,2.18,고급,1,2,0.922,2.36,169,0
25,1,암,삼원교잡(LYD),67.2,26.2,23.8,60.7,14.9,1095.0,1.03,2.18,고급,1,3,0.868,2.52,170,0
15,2,암,삼원교잡(LYD),77.6,21.7,12.4,50.3,29.7,1754.0,1.05,2.65,고급,1,0,0.962,2.76,175,0
20,1,거세,이원교잡(LY),71.6,25.2,19.9,67.9,4.6,1275.0,1.43,1.87,저가,1,4,0.816,2.3,182,0
25,2,거세,삼원교잡(LYD),70.1,23.1,23.7,73.4,21.8,794.0,1.43,2.28,표준,1,3,0.832,2.75,181,0
11,1,거세,삼원교잡(LYD),65.3,22.4,22.9,75.7,14.9,1792.0,1.06,2.38,고급,1,1,0.969,2.45,161,0
12,8,암,삼원교잡(LYD),73.7,24.1,19.9,70.3,12.4,2132.0,1.78,2.58,표준,1,2,0.857,3.01,180,0
17,1,암,삼원교잡(LYD),66.9,18.1,17.6,73.2,2.9,1411.0,1.37,2.26,표준,1,0,0.854,2.65,180,0
11,6,거세,삼원교잡(LYD),66.7,21.5,24.5,74.9,19.6,1560.0,1.33,2.59,표준,0,0,0.863,3.0,175,0
31,3,암,삼원교잡(LYD),73.9,27.3,20.7,65.8,6.4,747.0,1.25,2.28,표준,1,6,0.856,2.67,176,0
5,2,암,삼원교잡(LYD),71.9,26.0,24.2,43.8,20.0,500.0,1.53,2.34,고급,1,2,0.833,2.8,179,0
34,6,암,삼원교잡(LYD),60.0,21.8,23.5,76.6,25.4,575.0,1.4,2.32,고급,1,2,0.768,3.03,181,0
14,8,거세,삼원교잡(LYD),69.2,26.6,20.2,56.1,7.3,1478.0,1.77,2.5,표준,1,5,0.935,2.67,164,0
23,7,거세,삼원교잡(LYD),70.6,22.4,26.3,53.7,22.0,1346.0,1.0,2.46,표준,1,2,0.955,2.58,168,0
7,8,거세,삼원교잡(LYD),68.3,27.2,19.6,54.0,15.2,1773.0,0.91,1.97,표준,0,7,0.757,2.6,184,0
16,5,거세,삼원교잡(LYD),70.8,24.7,26.8,89.8,2.4,1401.0,1.11,2.37,고급,1,4,1.011,2.34,160,0
31,6,거세,삼원교잡(LYD),61.0,24.0,27.3,69.4,7.8,1994.0,1.44,2.46,저가,1,6,0.856,2.87,167,0
11,2,거세,삼원교잡(LYD),60.0,24.7,26.2,54.6,16.1,1936.0,1.19,2.74,고급,0,2,0.99,2.77,151,0
6,7,거세,삼원교잡(LYD),65.1,32.7,21.3,58.2,17.4,1339.0,1.62,2.0,표준,1,3,0.785,2.55,170,0
21,6,거세,삼원교잡(LYD),71.4,22.7,32.2,65.0,5.5,998.0,1.2,2.46,표준,1,3,0.834,2.95,182,0
7,3,거세,삼원교잡(LYD),60.0,25.7,22.6,70.4,15.2,542.0,1.57,2.2,고급,1,6,0.988,2.22,150,0
13,3,암,삼원교잡(LYD),65.8,27.3,23.0,67.8,19.9,2217.0,1.09,2.36,고급,1,0,0.932,2.53,160,0
19,5,암,삼원교잡(LYD),60.4,22.1,21.9,55.7,21.0,1029.0,1.6,1.98,표준,0,4,0.723,2.73,189,0
23,1,거세,이원교잡(LY),68.8,20.2,17.5,68.2,12.5,752.0,1.64,2.3,표준,1,2,0.869,2.64,178,0
26,7,암,삼원교잡(LYD),79.8,23.2,27.2,58.9,17.6,1565.0,1.16,2.4,저가,1,1,0.692,3.46,212,0
28,3,거세,이원교잡(LY),68.9,27.3,19.7,75.5,21.4,756.0,1.42,2.01,표준,1,1,0.798,2.52,179,0
34,1,암,이원교잡(LY),69.5,24.0,25.7,65.6,20.1,1564.0,1.37,2.73,저가,0,2,0.801,3.41,183,0
3,3,암,삼원교잡(LYD),74.2,24.3,26.6,57.4,20.3,1332.0,1.43,1.84,표준,1,3,0.632,2.9,218,0
15,7,거세,삼원교잡(LYD),70.1,27.7,24.4,71.9,15.7,1962.0,1.62,2.46,표준,1,5,0.874,2.82,170,0
1,3,암,삼원교잡(LYD),68.9,22.6,19.2,68.8,14.4,1918.0,1.54,1.57,저가,0,3,0.585,2.69,227,0
1,5,암,이원교잡(LY),74.6,24.7,20.6,60.3,16.6,2052.0,1.43,2.22,저가,1,1,0.829,2.68,183,0
9,7,암,삼원교잡(LYD),72.4,20.5,11.3,72.3,10.4,1603.0,1.47,2.44,고급,1,3,0.889,2.75,179,0
24,1,거세,삼원교잡(LYD),71.4,26.0,21.5,71.3,21.7,1071.0,0.98,2.51,표준,1,2,0.946,2.66,166,0
36,7,거세,삼원교잡(LYD),69.3,25.7,25.2,77.0,5.8,982.0,1.29,2.27,고급,1,0,0.841,2.7,176,0
31,3,암,이원교잡(LY),68.3,27.4,21.0,72.1,12.0,1235.0,1.02,2.23,저가,1,3,0.837,2.66,173,1
26,6,거세,삼원교잡(LYD),74.6,21.6,19.6,62.9,14.8,2497.0,1.3,2.47,표준,0,4,0.932,2.65,175,0
32,2,암,삼원교잡(LYD),68.3,24.4,20.8,48.1,17.8,1375.0,1.58,2.59,표준,1,5,0.896,2.88,169,0
7,2,암,삼원교잡(LYD),76.2,21.2,26.9,66.9,18.9,1581.0,1.3,2.71,저가,1,3,0.806,3.37,193,1
34,7,거세,삼원교잡(LYD),64.8,24.3,21.8,68.4,23.9,2259.0,0.7,1.91,표준,1,3,0.774,2.47,182,0
36,7,거세,이원교잡(LY),77.2,29.4,29.4,65.5,15.5,1627.0,1.04,2.24,표준,1,4,0.757,2.96,190,0
4,8,거세,삼원교잡(LYD),72.4,24.0,19.7,35.0,10.7,1126.0,1.45,1.64,표준,1,3,0.826,1.99,182,0
19,6,거세,삼원교잡(LYD),65.2,20.9,22.9,71.8,14.1,1865.0,1.17,1.89,고급,0,2,0.792,2.38,184,0
34,4,암,삼원교잡(LYD),72.5,23.0,20.3,55.9,13.1,1286.0,1.5,2.09,고급,0,2,0.772,2.71,192,0
20,2,암,삼원교잡(LYD),66.7,20.2,30.3,71.9,18.1,1645.0,1.0,2.56,표준,1,2,0.696,3.68,203,1
34,3,거세,삼원교잡(LYD),70.2,21.1,22.7,82.0,8.6,1756.0,1.4,2.16,고급,1,4,0.933,2.31,171,0
38,6,암,삼원교잡(LYD),67.6,27.0,30.5,62.5,13.9,1253.0,1.41,2.21,저가,1,3,0.684,3.23,196,0
19,3,암,삼원교잡(LYD),69.3,20.7,20.3,69.4,24.7,1593.0,1.5,2.39,표준,1,7,0.816,2.93,185,0
3,4,암,삼원교잡(LYD),74.7,25.9,28.1,65.3,16.1,2300.0,1.14,2.1,표준,1,6,0.737,2.85,196,0
14,2,거세,이원교잡(LY),72.6,25.1,22.5,70.3,8.7,1187.0,1.49,1.7,고급,1,4,0.76,2.24,191,0
9,4,암,삼원교잡(LYD),64.4,23.4,25.3,66.0,13.0,2158.0,1.68,2.08,표준,1,4,0.69,3.01,197,0
19,2,암,삼원교잡(LYD),64.7,25.7,17.1,59.8,2.0,1205.0,0.73,2.26,표준,1,3,0.86,2.63,169,0
24,1,거세,삼원교잡(LYD),71.4,22.2,23.4,56.0,14.6,2401.0,1.31,2.44,저가,1,4,0.925,2.64,172,0
19,2,암,삼원교잡(LYD),71.7,27.5,17.7,80.9,24.9,1072.0,0.85,2.24,고급,1,5,0.854,2.62,174,0
8,5,암,이원교잡(LY),66.6,22.9,23.0,69.4,7.9,1303.0,1.08,2.44,고급,1,4,0.953,2.56,163,0
13,3,거세,삼원교잡(LYD),78.0,23.8,15.9,73.3,6.3,2254.0,1.11,2.58,고급,0,4,1.021,2.52,167,0
28,1,암,삼원교잡(LYD),74.1,23.5,21.6,69.0,11.1,2276.0,1.28,2.64,표준,1,2,0.923,2.86,173,0
2,5,암,삼원교잡(LYD),66.9,27.1,26.4,74.8,20.5,1909.0,1.39,2.35,고급,0,0,0.869,2.71,168,0
9,2,암,삼원교잡(LYD),66.4,26.6,24.2,56.0,25.2,959.0,1.53,1.96,고급,1,4,0.815,2.4,175,1
36,1,거세,삼원교잡(LYD),68.9,18.0,17.1,65.8,17.7,1541.0,1.37,1.93,표준,1,1,0.823,2.34,187,0
4,2,암,삼원교잡(LYD),68.3,25.8,14.4,70.1,7.3,1501.0,1.47,1.95,표준,0,1,0.765,2.55,185,0
17,4,암,삼원교잡(LYD),76.3,19.8,24.0,77.9,14.9,1072.0,1.03,1.98,표준,1,1,0.731,2.71,207,0
9,8,암,이원교잡(LY),74.9,24.0,28.3,91.7,25.7,1848.0,1.56,2.33,표준,1,2,0.699,3.33,205,1
5,2,거세,삼원교잡(LYD),70.2,24.7,18.1,69.1,13.1,1112.0,0.7,2.87,표준,1,2,0.963,2.98,164,0
17,3,거세,삼원교잡(LYD),73.4,23.9,30.4,58.4,15.8,855.0,1.68,2.36,고급,0,4,0.767,3.08,192,0
21,2,암,삼원교잡(LYD),74.1,26.5,22.0,53.0,16.4,690.0,1.64,2.27,표준,1,2,0.754,3.02,192,0
8,3,거세,삼원교잡(LYD),70.3,27.2,14.2,56.0,5.7,2356.0,1.49,2.59,고급,1,0,1.028,2.52,156,0
4,6,거세,삼원교잡(LYD),72.0,22.7,15.8,57.3,21.0,1245.0,1.86,2.05,표준,1,0,0.756,2.71,194,0
6,3,거세,이원교잡(LY),73.0,22.6,25.1,36.0,20.1,1255.0,0.85,2.61,표준,1,2,0.95,2.75,170,0
27,6,암,이원교잡(LY),72.4,24.9,22.5,58.2,3.0,985.0,1.49,2.59,표준,1,4,0.963,2.69,166,0
35,8,거세,삼원교잡(LYD),66.1,20.4,27.9,72.2,7.0,2184.0,1.33,2.32,표준,1,4,0.877,2.64,174,0
8,8,암,삼원교잡(LYD),66.6,23.6,17.2,65.8,9.2,810.0,1.36,2.93,표준,1,3,0.943,3.1,164,0
13,5,암,삼원교잡(LYD),68.6,29.0,22.5,62.4,19.5,898.0,1.01,2.63,표준,1,3,0.834,3.16,172,0
14,6,암,삼원교잡(LYD),66.5,20.5,22.0,48.8,10.5,1339.0,1.4,2.31,표준,0,0,0.917,2.52,169,0
15,8,암,삼원교잡(LYD),62.6,24.0,21.4,75.5,17.4,1489.0,1.39,2.26,저가,1,3,0.746,3.03,185,0
10,7,거세,삼원교잡(LYD),73.4,23.2,20.5,70.1,13.9,1829.0,1.13,2.17,표준,1,0,0.878,2.47,178,0
3,3,암,삼원교잡(LYD),71.7,31.0,20.5,64.9,15.4,1162.0,1.28,2.26,표준,0,6,0.849,2.66,171,0
22,2,거세,이원교잡(LY),63.3,23.4,22.7,43.0,18.0,2272.0,0.97,2.27,표준,1,4,0.878,2.59,168,0
15,1,암,삼원교잡(LYD),68.8,23.6,23.2,60.1,16.6,1166.0,1.2,2.2,저가,0,0,0.684,3.22,202,0
14,8,거세,삼원교잡(LYD),69.1,21.9,23.0,69.3,14.9,996.0,1.54,2.24,표준,1,1,0.945,2.37,168,0
11,5,암,삼원교잡(LYD),70.9,25.0,26.8,64.7,17.0,948.0,1.55,1.94,표준,1,0,0.637,3.05,212,0
38,3,암,이원교잡(LY),64.6,25.8,17.2,66.9,16.3,1113.0,1.49,2.13,저가,1,1,0.787,2.71,178,0
25,3,거세,삼원교잡(LYD),63.2,22.3,14.8,71.9,13.7,916.0,1.54,1.82,저가,1,3,0.713,2.55,193,0
17,3,암,이원교잡(LY),72.6,28.0,26.1,66.5,12.4,1875.0,1.54,2.42,저가,1,3,0.787,3.08,183,0
9,7,거세,이원교잡(LY),62.3,25.8,18.2,71.5,26.3,1000.0,1.14,2.32,고급,1,3,0.949,2.45,156,0
33,5,거세,삼원교잡(LYD),68.8,27.6,20.5,56.6,12.3,1434.0,1.38,2.26,표준,1,1,0.877,2.58,169,0
36,8,거세,삼원교잡(LYD),68.4,24.0,19.6,52.8,23.2,985.0,1.57,2.57,표준,0,1,0.906,2.83,169,0
2,3,거세,삼원교잡(LYD),69.4,25.7,19.5,69.8,10.9,913.0,0.96,2.04,표준,0,3,0.925,2.21,166,0
38,4,암,삼원교잡(LYD),71.3,24.4,16.2,71.8,19.9,2053.0,0.95,2.09,표준,1,1,0.813,2.57,183,0
28,1,암,삼원교잡(LYD),78.0,29.4,19.7,70.2,25.7,2301.0,0.94,1.86,고급,1,3,0.815,2.28,183,0
4,8,거세,삼원교잡(LYD),62.0,25.3,24.6,66.3,13.0,2135.0,0.85,2.61,표준,1,3,0.983,2.65,153,0
31,5,암,삼원교잡(LYD),74.4,25.0,22.0,61.8,11.0,764.0,1.04,2.48,고급,1,2,0.97,2.56,167,0
5,5,암,삼원교잡(LYD),60.0,23.6,24.0,67.1,12.4,834.0,1.17,2.7,저가,1,3,0.829,3.26,170,0
3,4,암,삼원교잡(LYD),77.0,23.5,20.0,68.8,14.9,2489.0,1.68,2.77,표준,1,3,0.983,2.82,170,0
5,3,거세,삼원교잡(LYD),60.0,25.7,25.6,69.4,16.9,1373.0,1.19,2.17,고급,1,1,0.847,2.57,165,0
19,8,암,삼원교잡(LYD),82.2,27.5,20.0,91.1,14.8,813.0,0.92,2.09,표준,1,4,0.786,2.65,194,0
25,4,거세,삼원교잡(LYD),68.1,22.9,13.6,55.8,12.5,2041.0,1.34,1.76,표준,1,7,0.744,2.37,192,0
17,6,암,삼원교잡(LYD),76.5,25.4,23.3,95.0,26.7,1534.0,1.25,1.97,표준,0,1,0.626,3.15,220,0
5,1,암,삼원교잡(LYD),75.4,25.6,25.1,52.4,13.8,1785.0,1.1,2.2,표준,1,2,0.768,2.87,192,0
8,3,암,삼원교잡(LYD),67.8,26.1,19.8,68.9,11.3,500.0,1.15,1.68,저가,1,4,0.637,2.64,207,0
35,7,거세,삼원교잡(LYD),68.2,19.9,26.8,53.1,20.0,1337.0,1.57,1.98,고급,1,4,0.717,2.76,201,0
39,1,거세,삼원교잡(LYD),65.8,22.2,18.6,68.1,20.1,1974.0,0.95,2.28,고급,1,1,0.886,2.57,171,0
31,1,암,삼원교잡(LYD),73.9,20.9,24.7,74.8,23.5,1180.0,0.88,2.57,고급,1,1,0.901,2.85,178,0
5,7,거세,이원교잡(LY),67.9,25.1,29.0,65.3,26.6,2118.0,1.42,2.08,고급,1,3,0.78,2.67,183,0
33,3,거세,삼원교잡(LYD),65.9,22.3,22.1,74.7,17.1,842.0,1.15,2.34,표준,1,3,0.906,2.58,168,0
28,3,암,삼원교잡(LYD),72.7,23.5,21.1,60.8,13.3,1444.0,1.69,2.86,고급,1,4,0.966,2.96,167,0
22,5,암,삼원교잡(LYD),65.5,21.4,21.6,44.5,3.6,2322.0,1.26,1.76,표준,1,0,0.744,2.36,191,0
6,2,거세,삼원교잡(LYD),68.4,23.8,28.5,71.3,9.4,925.0,1.27,2.63,표준,0,3,0.876,3.0,172,0
40,1,거세,이원교잡(LY),70.5,21.6,23.6,65.3,16.3,1636.0,1.5,2.41,표준,1,8,0.932,2.59,171,0
18,1,암,이원교잡(LY),66.8,27.3,30.6,60.2,7.9,1793.0,0.88,2.68,저가,1,1,0.811,3.3,175,0
2,1,거세,삼원교잡(LYD),67.5,26.4,23.1,60.9,5.5,1546.0,1.38,2.59,표준,1,3,0.992,2.61,157,0
9,2,거세,삼원교잡(LYD),77.7,25.5,19.4,69.1,15.4,1375.0,1.21,2.1,고급,1,5,0.969,2.17,170,0
17,6,거세,삼원교잡(LYD),69.0,24.1,19.7,56.9,19.7,1062.0,1.56,2.3,표준,1,7,0.838,2.75,177,0
3,3,거세,이원교잡(LY),68.2,18.9,22.2,68.8,13.5,1598.0,1.14,1.86,고급,0,4,0.811,2.3,187,0
13,1,암,삼원교잡(LYD),69.1,23.6,13.8,76.9,20.4,1449.0,1.34,2.14,표준,1,4,0.726,2.95,195,0
19,1,거세,이원교잡(LY),72.3,22.7,20.1,85.6,18.7,782.0,1.21,2.31,표준,1,3,0.935,2.47,171,0
38,4,거세,삼원교잡(LYD),64.8,25.7,20.2,79.0,21.9,2050.0,1.4,2.39,저가,0,0,0.839,2.85,171,0
4,7,암,삼원교잡(LYD),72.1,26.9,23.0,66.6,28.0,1045.0,1.24,2.54,고급,1,4,0.934,2.72,167,0
24,3,거세,삼원교잡(LYD),71.3,26.0,29.8,67.6,30.7,795.0,1.37,2.77,고급,1,1,0.86,3.23,175,1
37,1,거세,삼원교잡(LYD),61.1,28.8,22.2,61.0,19.4,1202.0,1.74,2.17,고급,1,2,0.898,2.42,157,0
33,2,암,삼원교잡(LYD),79.0,23.3,14.3,60.3,12.2,1054.0,1.23,2.64,표준,1,3,0.88,3.0,183,0
37,4,암,삼원교잡(LYD),77.3,23.2,18.3,73.7,15.4,1371.0,1.4,2.38,저가,1,2,0.749,3.18,200,0
7,2,거세,삼원교잡(LYD),66.0,28.1,23.0,61.9,24.4,879.0,1.87,1.91,표준,0,1,0.715,2.67,188,0
33,8,거세,삼원교잡(LYD),64.4,25.5,22.4,68.7,9.6,1724.0,1.4,2.25,표준,1,2,0.896,2.52,164,0
40,7,거세,삼원교잡(LYD),71.1,24.3,28.5,55.4,23.7,2191.0,0.7,2.33,고급,1,5,0.831,2.81,180,0
14,3,거세,삼원교잡(LYD),62.9,30.5,25.8,78.7,14.0,1553.0,1.13,2.05,표준,1,2,0.817,2.51,166,0
20,8,암,삼원교잡(LYD),76.8,26.7,25.7,61.8,16.4,778.0,1.0,1.99,고급,1,3,0.784,2.54,189,0
22,3,암,삼원교잡(LYD),67.7,24.4,21.1,75.9,10.2,1043.0,1.53,1.98,고급,1,2,0.891,2.22,169,0
20,2,암,이원교잡(LY),78.1,22.9,26.4,58.0,7.1,1611.0,1.28,2.14,표준,1,4,0.728,2.94,205,0
12,8,암,이원교잡(LY),65.9,29.0,18.4,57.4,13.3,517.0,1.57,2.04,고급,0,2,0.783,2.61,176,0
39,8,거세,삼원교잡(LYD),69.4,25.6,25.9,78.3,22.8,884.0,1.45,2.67,고급,1,1,0.867,3.08,173,0
39,3,암,삼원교잡(LYD),76.3,25.1,20.9,58.7,10.8,676.0,1.45,1.56,고급,1,2,0.706,2.22,204,0
16,5,암,삼원교잡(LYD),68.4,27.0,16.2,49.3,24.7,1558.0,0.99,2.33,고급,1,2,0.879,2.65,168,0
33,2,거세,삼원교잡(LYD),71.4,27.6,24.4,54.6,11.6,2581.0,1.43,2.46,표준,1,3,0.937,2.62,165,0
16,6,암,이원교잡(LY),75.5,26.6,27.6,73.6,8.6,870.0,1.64,2.01,고급,1,0,0.777,2.59,189,0
32,6,거세,삼원교잡(LYD),67.2,27.7,20.4,72.6,16.5,1908.0,0.94,2.23,표준,1,3,0.944,2.36,160,0
24,6,암,삼원교잡(LYD),63.7,26.4,28.3,57.4,19.1,1218.0,1.22,2.2,표준,1,3,0.719,3.06,187,0
19,5,암,삼원교잡(LYD),62.7,26.7,15.4,58.7,16.1,840.0,1.39,2.28,표준,1,4,0.794,2.87,174,0
6,6,거세,삼원교잡(LYD),72.9,22.8,17.2,71.7,15.9,2282.0,1.32,2.5,고급,1,5,1.002,2.49,165,0
27,5,암,이원교잡(LY),71.9,30.4,21.4,78.2,24.6,2580.0,1.66,2.47,표준,1,3,0.793,3.12,179,0
13,7,거세,삼원교잡(LYD),75.3,21.3,20.5,64.3,15.6,1706.0,1.48,2.12,표준,1,2,0.779,2.72,196,0
9,2,암,이원교잡(LY),68.6,25.9,19.3,70.5,12.2,1681.0,1.4,1.85,표준,0,2,0.7,2.64,196,0
8,4,거세,삼원교잡(LYD),62.8,21.0,22.5,73.7,8.2,1531.0,1.5,2.35,표준,1,2,0.912,2.58,166,0
40,4,거세,삼원교잡(LYD),60.0,24.7,19.9,86.5,22.6,1426.0,1.49,2.1,저가,1,2,0.763,2.75,178,1
5,5,거세,이원교잡(LY),84.3,23.3,20.6,53.4,12.4,1670.0,1.31,2.14,표준,0,2,0.819,2.61,196,0
32,2,암,삼원교잡(LYD),72.6,25.4,23.1,58.3,13.0,1838.0,1.21,2.37,저가,1,4,0.778,3.04,188,0
35,3,거세,삼원교잡(LYD),70.7,26.0,19.3,59.9,21.3,2332.0,1.55,2.17,표준,1,2,0.854,2.54,175,1
2,8,암,이원교잡(LY),71.4,22.1,21.6,73.3,27.3,1239.0,1.11,2.39,저가,0,2,0.704,3.4,203,0
24,1,거세,이원교잡(LY),62.8,24.9,19.4,62.5,16.5,1564.0,1.28,3.05,저가,1,2,0.997,3.06,153,0
24,6,거세,삼원교잡(LYD),66.0,29.2,17.2,68.1,14.2,1456.0,1.01,2.51,고급,1,1,0.975,2.57,154,0
15,6,거세,삼원교잡(LYD),78.7,21.1,25.1,66.2,15.0,2012.0,1.48,2.7,표준,1,5,0.863,3.13,188,0
27,4,거세,이원교잡(LY),73.3,22.4,28.8,65.0,12.3,2700.0,1.61,2.45,고급,0,1,0.835,2.94,184,0
17,1,암,삼원교잡(LYD),66.2,27.6,26.3,66.1,12.9,2029.0,1.07,2.32,저가,0,4,0.688,3.38,193,0
18,1,거세,삼원교잡(LYD),63.9,25.2,23.3,75.3,12.9,1899.0,1.26,2.46,표준,0,3,0.89,2.76,165,0
18,3,암,삼원교잡(LYD),67.4,25.5,19.4,55.3,20.5,1954.0,1.18,2.44,표준,1,3,0.849,2.88,173,0
33,1,암,삼원교잡(LYD),68.4,28.1,20.9,63.5,14.5,2134.0,1.57,2.56,고급,1,3,0.857,2.99,170,0
26,1,암,이원교잡(LY),80.2,22.6,26.2,52.8,23.2,2707.0,1.65,2.32,저가,1,0,0.714,3.25,210,0
16,2,암,삼원교잡(LYD),69.1,23.4,12.9,67.3,14.3,657.0,1.18,1.91,저가,0,6,0.763,2.5,189,1
38,2,암,이원교잡(LY),64.1,23.1,20.5,63.0,12.8,1800.0,0.7,1.86,표준,0,1,0.721,2.58,192,0
33,7,암,삼원교잡(LYD),69.7,24.0,24.9,75.7,22.7,500.0,1.59,2.44,고급,1,0,0.814,2.99,182,0
38,6,암,삼원교잡(LYD),71.3,29.0,17.4,65.0,15.1,1976.0,1.31,1.96,표준,1,0,0.71,2.76,192,0
30,1,암,삼원교잡(LYD),63.6,19.9,23.7,60.6,14.2,1776.0,1.31,2.51,고급,0,2,0.859,2.92,174,0
16,6,암,삼원교잡(LYD),72.0,21.4,23.5,62.5,15.2,1227.0,1.54,2.7,저가,0,2,0.903,2.99,176,0
31,2,거세,이원교잡(LY),76.0,20.9,16.2,82.2,23.8,500.0,1.21,2.23,표준,0,3,0.793,2.82,195,1
14,4,암,삼원교잡(LYD),70.7,29.2,22.3,49.3,16.8,1493.0,1.14,2.66,표준,1,3,0.947,2.81,161,0
11,1,거세,삼원교잡(LYD),66.0,23.2,19.5,58.7,22.5,1611.0,1.21,2.38,고급,1,1,0.989,2.4,159,0
19,1,암,삼원교잡(LYD),67.4,24.0,23.7,65.4,13.6,1468.0,1.42,2.31,저가,1,2,0.809,2.85,180,0
39,2,암,삼원교잡(LYD),61.7,20.2,24.7,58.6,21.5,1189.0,1.52,2.32,표준,1,2,0.81,2.87,179,0
23,4,암,삼원교잡(LYD),69.3,24.2,23.6,69.9,16.4,1052.0,1.71,2.05,저가,0,1,0.613,3.34,217,1
16,4,암,삼원교잡(LYD),71.6,27.6,22.3,64.4,20.3,1474.0,1.4,2.01,표준,1,0,0.787,2.56,183,0
19,3,암,삼원교잡(LYD),65.5,25.8,23.2,67.6,20.8,1099.0,1.26,1.81,표준,1,3,0.679,2.66,197,0
12,5,암,삼원교잡(LYD),79.7,24.7,17.3,66.2,9.4,1905.0,1.52,2.08,고급,0,1,0.886,2.35,182,0
27,6,거세,삼원교잡(LYD),74.0,20.3,21.9,64.0,15.4,1461.0,1.06,2.94,표준,1,0,1.021,2.88,167,0
15,6,거세,삼원교잡(LYD),61.0,24.0,18.8,52.1,20.7,638.0,1.65,1.85,고급,1,3,0.759,2.44,181,0
23,5,거세,삼원교잡(LYD),61.1,25.4,26.1,66.8,21.7,1588.0,1.35,1.95,표준,1,1,0.722,2.7,185,0
15,5,거세,삼원교잡(LYD),65.1,22.0,24.7,47.4,22.5,1707.0,1.24,2.06,표준,1,2,0.799,2.57,181,0
13,4,암,이원교잡(LY),77.9,27.0,24.7,58.3,15.6,2309.0,1.06,2.07,고급,1,3,0.742,2.79,197,0
39,2,암,삼원교잡(LYD),74.5,27.7,28.9,69.9,24.2,1964.0,1.46,2.38,표준,1,5,0.676,3.52,204,0
14,4,암,삼원교잡(LYD),78.1,23.4,20.7,76.9,11.1,1051.0,1.23,2.12,저가,1,2,0.72,2.94,205,0
3,1,거세,삼원교잡(LYD),70.1,27.2,19.8,88.5,6.0,2213.0,1.28,2.24,표준,1,2,0.951,2.36,162,0
16,8,암,이원교잡(LY),69.0,24.7,20.6,60.7,13.3,807.0,0.88,2.05,표준,0,2,0.763,2.68,187,0
22,3,거세,삼원교잡(LYD),63.8,28.4,15.6,56.3,22.2,1514.0,1.19,2.16,고급,1,1,0.915,2.36,158,0
4,7,암,삼원교잡(LYD),71.7,31.1,15.9,70.2,8.5,1877.0,1.16,2.28,표준,1,3,0.807,2.83,176,0
13,8,암,이원교잡(LY),69.0,21.7,24.5,83.7,6.2,2229.0,1.4,2.26,저가,1,3,0.782,2.89,188,0
7,4,거세,삼원교잡(LYD),68.8,27.3,16.4,80.3,4.7,2444.0,1.23,2.89,고급,1,3,1.05,2.76,152,0
21,7,거세,삼원교잡(LYD),78.1,28.9,17.7,54.6,19.4,2137.0,0.7,2.29,저가,1,3,0.833,2.75,181,0
29,4,거세,삼원교잡(LYD),69.4,22.1,21.6,63.6,6.3,1432.0,1.2,2.24,표준,1,4,0.883,2.53,175,0
39,2,거세,삼원교잡(LYD),76.7,23.3,20.4,73.5,18.3,1790.0,0.94,1.55,고급,1,4,0.854,1.82,184,0
16,1,거세,이원교잡(LY),62.1,23.2,25.5,74.2,13.0,1612.0,1.04,2.37,표준,1,4,0.919,2.58,162,0
35,2,거세,삼원교잡(LYD),83.4,24.6,22.2,70.9,10.4,1145.0,1.55,1.71,표준,1,0,0.783,2.18,199,0
9,8,거세,삼원교잡(LYD),68.1,23.9,18.8,60.5,9.0,1442.0,0.88,2.47,저가,0,1,0.936,2.63,165,0
32,4,거세,이원교잡(LY),73.5,24.4,25.9,70.8,16.2,2399.0,1.37,2.34,표준,1,2,0.814,2.88,185,0
23,3,거세,삼원교잡(LYD),74.3,27.5,24.9,74.3,10.5,1823.0,1.17,2.54,표준,0,3,0.932,2.72,168,0
31,4,암,삼원교잡(LYD),67.5,19.3,16.4,55.7,15.0,2530.0,1.12,2.11,저가,1,4,0.723,2.92,200,0
31,3,거세,삼원교잡(LYD),74.1,22.1,23.0,78.3,17.4,959.0,1.06,2.31,고급,1,4,0.97,2.38,170,0
22,7,암,삼원교잡(LYD),74.4,27.0,19.1,74.9,18.7,1309.0,1.38,2.5,표준,1,1,0.857,2.92,177,0
11,8,거세,이원교잡(LY),66.4,26.7,19.0,57.6,20.6,1708.0,1.41,2.02,표준,1,2,0.794,2.55,178,0
22,1,거세,이원교잡(LY),66.5,21.8,29.5,74.2,16.0,1871.0,0.87,2.48,표준,1,2,0.754,3.29,190,0
34,6,거세,삼원교잡(LYD),70.2,26.7,22.5,73.1,8.7,1442.0,1.59,2.47,고급,1,0,0.976,2.53,161,0
39,3,암,삼원교잡(LYD),69.4,29.0,21.1,73.5,17.8,1900.0,1.0,2.26,표준,1,3,0.905,2.5,164,0
38,1,거세,삼원교잡(LYD),77.0,24.9,22.3,80.8,18.9,1896.0,1.4,2.77,고급,0,3,1.016,2.73,166,0
8,8,암,이원교잡(LY),73.5,22.0,25.5,64.9,13.9,806.0,1.0,2.45,표준,1,1,0.805,3.05,189,0
24,1,거세,삼원교잡(LYD),69.6,27.6,19.2,68.3,13.3,1877.0,1.19,1.8,저가,1,0,0.74,2.43,188,0
5,2,암,삼원교잡(LYD),73.0,30.2,19.9,38.6,29.9,2037.0,0.98,2.6,고급,1,2,0.851,3.05,173,0
27,1,거세,삼원교잡(LYD),60.0,22.3,24.6,76.2,7.2,1648.0,1.17,2.1,표준,1,1,0.831,2.53,171,0
40,4,거세,삼원교잡(LYD),66.9,25.1,15.9,75.2,18.0,580.0,1.25,2.54,저가,1,3,0.868,2.93,171,0
3,5,암,삼원교잡(LYD),71.4,28.3,26.0,78.6,21.3,1362.0,1.01,2.39,표준,1,1,0.8,2.98,180,0
27,3,거세,이원교잡(LY),75.6,25.3,15.6,55.6,13.0,1719.0,1.38,1.51,고급,1,3,0.768,1.96,192,0
38,1,거세,삼원교잡(LYD),71.0,19.8,21.0,74.6,14.0,1067.0,1.41,2.48,저가,1,2,0.946,2.62,172,0
34,1,암,삼원교잡(LYD),77.3,26.3,15.6,75.2,12.6,1959.0,1.98,2.23,표준,0,0,0.719,3.11,201,1
16,8,거세,삼원교잡(LYD),74.3,22.1,17.8,58.5,15.0,1865.0,1.53,2.16,표준,0,2,0.756,2.86,197,0
5,7,거세,이원교잡(LY),67.6,21.2,27.2,75.6,20.4,1567.0,1.59,2.17,고급,0,3,0.771,2.82,189,0
37,8,거세,삼원교잡(LYD),69.3,19.8,26.2,69.6,13.8,1509.0,0.86,2.54,고급,1,3,0.944,2.69,170,0
37,5,거세,삼원교잡(LYD),72.0,28.6,26.6,48.0,33.7,1596.0,0.81,2.02,표준,1,3,0.717,2.82,193,0
24,5,암,삼원교잡(LYD),67.8,22.5,16.2,70.8,12.3,1498.0,1.23,2.63,저가,1,0,0.835,3.16,179,0
40,7,암,삼원교잡(LYD),77.7,26.0,17.8,57.3,23.3,857.0,1.75,1.84,표준,1,1,0.668,2.76,211,0
1,5,암,삼원교잡(LYD),64.5,26.7,23.4,48.2,18.3,1285.0,1.92,2.39,고급,0,5,0.838,2.85,170,0
25,4,거세,이원교잡(LY),71.6,25.5,24.9,68.7,15.7,1536.0,1.13,2.53,저가,1,1,0.894,2.83,172,0
2,3,암,삼원교잡(LYD),73.7,25.9,18.8,64.3,23.8,2209.0,1.15,2.52,표준,1,2,0.845,2.99,179,0
38,4,암,삼원교잡(LYD),68.4,26.1,19.7,79.0,5.4,1846.0,1.44,2.36,고급,1,2,0.941,2.5,163,0
28,1,거세,삼원교잡(LYD),67.3,25.4,17.5,66.8,17.6,2236.0,1.25,2.24,저가,1,2,0.876,2.56,170,0
37,2,암,이원교잡(LY),69.6,22.7,28.6,72.8,10.7,798.0,1.26,2.14,표준,0,4,0.621,3.44,218,0
23,6,암,삼원교잡(LYD),74.1,22.5,20.1,70.1,12.4,1322.0,1.46,1.93,표준,1,0,0.761,2.54,196,0
4,7,암,삼원교잡(LYD),67.5,24.7,22.1,75.2,12.1,2537.0,1.98,2.09,저가,1,1,0.719,2.91,193,0
2,1,거세,삼원교잡(LYD),64.7,24.6,22.3,56.1,9.2,1129.0,1.63,2.01,고급,1,2,0.902,2.23,165,0
14,1,거세,이원교잡(LY),75.8,26.3,26.4,67.0,5.1,1119.0,1.77,1.96,표준,1,4,0.789,2.49,188,0
30,1,암,이원교잡(LY),72.0,28.3,18.2,63.6,17.3,1364.0,0.84,2.84,저가,1,5,0.87,3.27,172,0
7,7,암,삼원교잡(LYD),75.0,26.0,26.7,71.5,14.6,2509.0,1.57,1.78,고급,1,1,0.671,2.66,208,0
35,3,거세,삼원교잡(LYD),73.8,22.6,16.9,67.6,13.2,1164.0,1.06,2.64,저가,1,1,0.945,2.79,172,0
10,3,거세,삼원교잡(LYD),80.9,18.5,26.7,58.9,19.6,1779.0,1.72,1.93,고급,1,1,0.752,2.57,209,0
20,1,암,이원교잡(LY),75.6,22.7,15.1,61.6,17.7,1696.0,1.64,1.99,저가,1,3,0.618,3.22,225,0
9,8,거세,삼원교잡(LYD),66.4,21.0,21.6,81.5,13.4,536.0,1.45,1.99,표준,1,2,0.862,2.31,175,0
19,4,거세,이원교잡(LY),72.4,22.8,28.5,48.1,33.3,1492.0,1.11,1.97,표준,1,3,0.674,2.92,209,0
19,7,암,삼원교잡(LYD),67.2,25.7,24.8,72.1,21.1,1224.0,1.18,2.58,표준,1,4,0.842,3.06,173,0
1,6,거세,삼원교잡(LYD),67.7,25.3,23.7,77.4,29.7,1839.0,1.2,2.48,고급,0,0,0.914,2.71,166,0
23,2,거세,삼원교잡(LYD),62.9,30.6,17.8,70.8,12.5,2370.0,1.49,2.23,고급,1,1,0.945,2.36,152,0
32,7,거세,이원교잡(LY),68.6,26.4,19.1,84.7,16.5,1328.0,1.4,3.11,표준,0,3,1.029,3.02,155,0
38,5,암,삼원교잡(LYD),72.7,30.7,27.4,74.4,7.6,1328.0,1.66,2.29,저가,1,2,0.719,3.19,190,0
14,5,거세,삼원교잡(LYD),69.7,27.1,23.9,68.8,13.0,2759.0,1.7,2.32,고급,1,2,0.873,2.66,170,0
36,2,암,삼원교잡(LYD),64.5,28.3,25.6,60.3,11.5,1144.0,1.09,2.09,표준,1,3,0.75,2.79,180,0
36,7,암,삼원교잡(LYD),62.4,23.9,22.3,69.0,33.0,828.0,1.42,2.06,표준,1,2,0.745,2.76,185,0
40,8,암,이원교잡(LY),80.6,21.8,20.9,71.8,10.8,2189.0,1.42,2.14,표준,0,3,0.879,2.43,187,0
15,4,암,삼원교잡(LYD),71.6,23.7,25.1,65.0,13.6,1475.0,1.28,2.56,표준,1,2,0.855,2.99,178,0
35,1,암,삼원교잡(LYD),65.9,25.0,23.0,57.6,6.3,1642.0,1.54,2.47,표준,1,2,0.849,2.91,172,0
23,7,거세,삼원교잡(LYD),72.3,23.1,21.3,53.0,18.2,2616.0,1.42,2.69,표준,0,1,0.931,2.89,171,0
3,8,암,삼원교잡(LYD),80.9,22.0,16.3,66.9,9.6,799.0,1.16,2.08,고급,1,2,0.792,2.63,198,0
11,5,암,삼원교잡(LYD),73.1,26.3,25.8,50.2,20.5,1402.0,1.26,2.48,고급,1,2,0.879,2.82,174,0
27,5,암,삼원교잡(LYD),60.0,22.0,23.8,60.3,4.3,882.0,1.21,2.39,표준,0,1,0.86,2.78,168,0
7,2,거세,삼원교잡(LYD),83.3,20.4,19.6,40.7,14.3,1668.0,1.12,2.43,표준,1,2,0.891,2.73,189,0
18,1,거세,삼원교잡(LYD),60.8,21.6,26.7,73.3,3.9,1223.0,1.28,2.04,고급,1,2,0.858,2.38,170,0
31,8,암,삼원교잡(LYD),69.0,24.3,23.0,76.5,12.1,914.0,0.98,1.99,표준,1,3,0.813,2.45,181,0
6,4,거세,이원교잡(LY),64.3,22.0,23.1,65.8,13.3,1866.0,1.42,2.46,고급,0,4,0.962,2.56,161,0
20,3,암,삼원교잡(LYD),66.3,24.3,25.5,83.3,11.4,1505.0,1.65,2.56,표준,1,1,0.806,3.18,179,0
9,6,거세,삼원교잡(LYD),71.4,26.8,24.7,78.5,12.0,874.0,1.31,2.11,표준,1,5,0.866,2.44,173,0
22,1,암,삼원교잡(LYD),60.0,26.7,23.2,69.8,20.8,905.0,1.54,2.48,저가,0,3,0.77,3.22,175,1
10,1,암,삼원교잡(LYD),69.5,23.0,21.2,63.9,28.0,1604.0,1.34,2.66,고급,1,5,0.893,2.98,173,0
39,2,거세,삼원교잡(LYD),75.7,21.1,29.9,61.5,17.0,665.0,1.04,2.19,고급,1,0,0.802,2.73,193,0
4,4,거세,삼원교잡(LYD),65.8,23.3,19.1,70.6,9.8,1614.0,1.8,1.87,표준,1,1,0.701,2.66,197,0
39,3,암,삼원교잡(LYD),63.0,27.0,25.0,63.6,15.4,2170.0,0.7,1.91,표준,1,0,0.741,2.57,182,0
32,2,거세,삼원교잡(LYD),69.3,27.7,21.7,70.5,12.9,1834.0,1.3,2.1,표준,1,4,0.976,2.15,159,0
35,3,거세,삼원교잡(LYD),68.3,26.1,23.8,71.2,20.3,1188.0,1.11,2.17,표준,1,3,0.872,2.48,170,0
35,3,암,삼원교잡(LYD),67.0,28.6,26.9,62.7,16.7,1637.0,1.7,2.29,고급,1,5,0.778,2.94,178,0
8,5,거세,삼원교잡(LYD),64.1,30.2,20.8,76.0,5.5,874.0,1.35,2.3,저가,1,4,0.889,2.58,159,0
38,5,암,이원교잡(LY),72.6,23.6,24.4,62.7,21.6,1568.0,1.94,2.22,표준,1,3,0.745,2.98,195,0
24,8,거세,삼원교잡(LYD),73.0,29.5,23.1,65.2,20.8,1337.0,1.31,2.5,표준,1,5,0.929,2.7,165,0
39,7,거세,삼원교잡(LYD),64.7,24.2,19.4,55.2,24.0,980.0,1.11,2.07,표준,1,2,0.806,2.57,177,0
36,3,암,삼원교잡(LYD),65.4,28.1,27.0,62.3,11.9,1812.0,0.87,2.68,저가,1,3,0.732,3.66,184,0
24,8,거세,삼원교잡(LYD),70.7,27.1,24.8,86.6,16.8,511.0,1.58,2.58,표준,1,3,0.878,2.94,171,0
15,5,거세,삼원교잡(LYD),65.2,19.1,20.3,56.0,7.9,907.0,1.09,2.56,고급,1,4,1.024,2.5,159,0
5,2,암,삼원교잡(LYD),70.9,22.1,26.4,69.4,14.7,967.0,1.2,2.1,고급,1,7,0.782,2.69,190,0
5,3,암,이원교잡(LY),77.3,21.3,18.7,60.5,17.4,1248.0,1.61,2.27,고급,1,1,0.82,2.76,192,1
16,6,암,이원교잡(LY),69.7,19.7,21.9,42.9,11.2,2150.0,1.56,2.52,저가,1,4,0.866,2.91,180,0
33,7,암,이원교잡(LY),63.9,27.6,20.3,70.6,17.1,1877.0,1.15,2.24,고급,1,6,0.959,2.33,155,0
21,3,거세,삼원교잡(LYD),72.0,31.2,25.0,59.4,16.0,1553.0,1.19,2.09,표준,1,1,0.843,2.48,171,0
20,2,거세,삼원교잡(LYD),69.1,24.2,20.1,68.2,12.3,1529.0,0.86,2.08,표준,1,1,0.872,2.38,173,0
10,2,암,이원교잡(LY),69.2,27.6,25.0,74.9,23.4,1494.0,0.79,2.09,표준,1,5,0.795,2.63,179,0
23,1,암,이원교잡(LY),72.4,29.5,24.4,67.3,13.6,2186.0,1.49,1.95,표준,1,5,0.757,2.58,185,0
26,6,암,삼원교잡(LYD),73.5,25.6,20.5,68.3,15.8,592.0,1.52,3.16,표준,1,2,1.038,3.05,160,0
40,5,거세,이원교잡(LY),70.2,24.9,29.3,56.3,6.2,1886.0,1.39,1.71,표준,1,3,0.65,2.64,209,0
30,4,거세,이원교잡(LY),69.7,24.3,19.0,72.1,18.1,1246.0,1.35,2.01,고급,1,1,0.859,2.33,175,0
25,6,거세,삼원교잡(LYD),80.3,26.6,16.4,63.1,12.1,1751.0,1.12,2.48,고급,1,4,1.011,2.45,168,0
37,7,암,삼원교잡(LYD),76.0,27.6,25.4,45.0,20.7,1754.0,1.67,2.1,저가,1,2,0.731,2.87,196,1
17,7,암,삼원교잡(LYD),74.2,26.4,13.4,73.3,7.1,1867.0,0.85,2.19,저가,1,3,0.829,2.65,181,0
38,2,거세,삼원교잡(LYD),70.7,26.3,28.0,76.3,17.6,2292.0,1.18,2.42,저가,1,6,0.79,3.06,183,0
15,5,거세,삼원교잡(LYD),65.0,24.8,22.4,79.8,2.0,814.0,1.34,2.61,표준,1,1,1.02,2.56,153,0
6,8,거세,삼원교잡(LYD),75.6,20.2,16.3,86.7,18.7,2003.0,1.3,2.22,고급,1,5,0.926,2.4,178,0
17,7,거세,삼원교잡(LYD),70.7,27.7,18.2,72.7,14.0,1468.0,1.3,2.58,표준,0,1,0.946,2.72,163,0
6,3,암,이원교잡(LY),67.1,21.1,15.5,70.1,17.4,1270.0,1.17,1.79,고급,1,1,0.809,2.21,183,0
5,4,암,이원교잡(LY),68.8,26.9,23.5,75.9,11.4,2517.0,1.44,2.12,저가,1,1,0.689,3.08,197,0
36,8,거세,삼원교잡(LYD),65.2,27.3,16.7,56.1,9.3,1851.0,1.0,2.45,표준,1,5,0.942,2.6,158,0
32,1,암,삼원교잡(LYD),75.3,21.6,24.0,48.3,12.4,1291.0,1.26,2.89,저가,1,0,0.929,3.11,176,0
9,5,암,삼원교잡(LYD),73.4,23.2,20.8,60.2,16.2,1979.0,1.41,2.01,저가,1,1,0.768,2.62,193,0
34,1,거세,삼원교잡(LYD),70.9,31.4,20.1,77.8,18.5,1477.0,1.22,1.96,표준,1,2,0.884,2.21,166,0
3,8,거세,삼원교잡(LYD),69.8,24.8,24.0,58.4,16.8,1284.0,1.3,2.4,표준,1,1,0.823,2.92,179,0
12,1,거세,삼원교잡(LYD),66.6,21.3,24.5,69.7,9.4,1197.0,1.35,2.32,저가,1,0,0.802,2.89,183,0
29,1,거세,이원교잡(LY),60.0,27.4,26.6,70.7,26.0,1652.0,0.86,2.08,표준,0,0,0.728,2.86,180,0
13,3,암,삼원교잡(LYD),62.9,22.7,19.5,67.4,17.0,1193.0,0.88,1.93,저가,1,0,0.66,2.93,203,0
30,2,암,삼원교잡(LYD),66.3,19.2,21.9,52.2,11.3,1578.0,1.33,2.15,표준,1,3,0.888,2.42,174,0
35,4,거세,삼원교잡(LYD),65.5,26.6,19.5,68.4,17.5,1944.0,1.15,2.46,표준,1,3,0.924,2.66,161,0
3,3,거세,이원교잡(LY),71.4,22.3,22.7,60.8,16.5,1555.0,1.16,2.2,표준,1,4,0.916,2.4,173,0
1,3,암,삼원교잡(LYD),74.1,26.0,18.9,82.0,13.9,2488.0,1.44,2.65,고급,1,1,0.951,2.79,168,0
38,5,거세,삼원교잡(LYD),69.4,22.6,20.3,76.4,13.2,1507.0,1.05,2.26,표준,1,5,0.919,2.46,170,0
21,5,암,삼원교잡(LYD),77.0,27.1,20.3,61.1,20.9,2175.0,0.7,2.48,고급,1,2,0.884,2.81,176,0
21,8,암,삼원교잡(LYD),66.1,25.6,23.2,82.7,25.4,1988.0,1.71,2.38,표준,1,3,0.735,3.24,188,0
19,4,암,삼원교잡(LYD),69.3,18.0,22.0,68.4,2.8,2263.0,1.6,2.18,표준,1,0,0.808,2.7,189,0
18,5,암,삼원교잡(LYD),69.7,26.1,24.0,48.3,22.4,2486.0,1.6,2.55,고급,0,0,0.788,3.24,183,1
28,6,암,삼원교잡(LYD),75.5,24.1,21.6,64.2,15.1,619.0,1.02,1.93,표준,1,3,0.814,2.38,187,0
24,2,암,삼원교잡(LYD),70.5,29.3,19.7,81.4,16.4,1633.0,1.28,2.13,고급,1,2,0.847,2.52,172,0
7,6,거세,삼원교잡(LYD),70.7,26.2,22.8,56.8,23.1,1444.0,0.98,2.18,표준,1,4,0.887,2.45,171,0
26,7,거세,삼원교잡(LYD),61.7,27.3,18.3,64.3,2.0,1556.0,1.29,2.41,고급,1,2,1.014,2.38,148,0
27,3,거세,삼원교잡(LYD),65.5,22.9,24.3,51.4,19.9,1301.0,1.21,2.49,표준,0,2,0.913,2.73,166,0
5,2,거세,삼원교잡(LYD),75.5,22.6,20.9,53.0,22.7,1228.0,1.03,2.06,표준,1,1,0.863,2.38,183,0
16,3,거세,삼원교잡(LYD),60.0,24.9,22.8,56.7,10.9,950.0,1.43,2.01,표준,1,1,0.83,2.43,169,0
32,3,거세,이원교잡(LY),76.7,23.9,22.9,52.7,6.6,1549.0,1.24,2.32,표준,1,6,0.936,2.48,174,0
25,5,거세,이원교잡(LY),72.5,29.0,28.4,58.8,24.8,1967.0,1.73,1.84,표준,1,5,0.639,2.88,207,1
6,7,거세,삼원교잡(LYD),66.3,24.5,23.5,82.4,4.5,1253.0,1.32,2.6,표준,1,3,1.027,2.53,154,0
2,5,거세,삼원교잡(LYD),65.8,21.3,22.3,64.6,17.5,1336.0,0.7,2.23,표준,1,0,0.901,2.48,170,0
24,2,암,삼원교잡(LYD),79.5,22.5,19.2,72.9,21.1,1151.0,0.85,1.95,표준,0,7,0.741,2.63,204,0
19,3,암,이원교잡(LY),77.1,27.9,25.2,75.9,17.4,1003.0,1.82,1.94,표준,1,3,0.611,3.18,220,0
39,6,암,삼원교잡(LYD),69.4,24.5,20.9,53.9,18.4,1382.0,1.21,2.39,표준,1,1,0.812,2.95,181,0
21,3,암,삼원교잡(LYD),70.7,24.3,15.9,56.7,13.4,1672.0,1.36,2.39,표준,1,2,0.799,2.99,184,0
38,5,암,삼원교잡(LYD),66.8,28.2,21.2,72.7,17.8,2129.0,1.3,2.07,저가,1,2,0.746,2.77,183,0
9,6,암,이원교잡(LY),70.7,22.3,22.8,58.7,10.7,904.0,1.65,2.27,고급,0,1,0.832,2.72,182,0
18,3,거세,삼원교잡(LYD),66.6,18.3,18.7,72.0,11.5,1485.0,0.82,1.96,고급,1,6,0.911,2.15,173,0
6,6,암,삼원교잡(LYD),69.6,22.4,21.5,81.8,15.2,2089.0,1.63,2.22,표준,1,2,0.798,2.78,186,0
23,4,거세,삼원교잡(LYD),79.1,25.7,21.7,50.4,5.8,911.0,1.62,2.74,표준,1,2,1.019,2.69,167,0
8,2,암,삼원교잡(LYD),69.5,24.3,21.8,61.4,18.5,2134.0,1.3,2.94,고급,1,3,1.062,2.77,155,0
20,3,암,삼원교잡(LYD),64.8,20.3,26.9,63.0,2.0,1281.0,1.4,2.24,고급,1,3,0.853,2.62,176,0
14,4,거세,삼원교잡(LYD),63.2,28.0,16.8,59.7,17.2,1856.0,1.21,2.43,저가,1,3,0.835,2.91,167,0
8,1,암,이원교잡(LY),70.6,25.5,30.1,58.9,17.7,1391.0,0.88,2.42,표준,0,2,0.728,3.32,194,0
4,8,거세,삼원교잡(LYD),66.2,26.2,21.9,60.1,10.2,1729.0,1.45,1.78,표준,1,2,0.864,2.06,169,0
21,5,거세,삼원교잡(LYD),71.2,26.3,24.3,64.8,7.6,2305.0,1.36,1.96,고급,0,2,0.853,2.29,175,0
38,1,거세,이원교잡(LY),61.9,21.1,22.5,66.6,12.6,1439.0,1.37,1.61,고급,1,0,0.755,2.12,186,0
8,7,거세,삼원교잡(LYD),73.5,25.9,15.1,74.5,18.8,1998.0,1.42,2.43,고급,1,4,0.874,2.79,175,0
17,7,거세,삼원교잡(LYD),64.7,27.7,17.8,64.7,17.1,1637.0,1.15,2.88,고급,0,2,1.031,2.8,149,0
9,1,암,삼원교잡(LYD),70.2,28.4,19.9,76.2,8.3,1107.0,1.67,2.62,표준,1,1,0.86,3.05,171,0
33,2,암,이원교잡(LY),68.3,27.2,26.0,59.1,15.6,1427.0,1.3,2.31,고급,0,5,0.713,3.24,191,0
17,3,거세,삼원교잡(LYD),78.6,26.5,16.5,53.0,16.6,1396.0,1.44,2.27,표준,1,2,0.836,2.72,184,0
39,5,암,삼원교잡(LYD),70.9,19.8,18.6,62.0,16.3,794.0,1.23,2.19,고급,1,3,0.87,2.52,180,0
10,6,거세,삼원교잡(LYD),79.7,25.0,22.7,69.6,9.1,1730.0,1.56,2.62,저가,1,0,0.974,2.69,172,0
4,4,거세,삼원교잡(LYD),72.8,22.1,23.9,73.6,15.9,1829.0,1.33,2.36,고급,1,2,0.934,2.53,172,0
24,5,암,삼원교잡(LYD),77.1,28.8,23.8,79.6,20.5,1906.0,1.28,2.32,고급,1,2,0.864,2.68,177,0
27,1,암,삼원교잡(LYD),69.0,28.4,18.1,67.9,18.2,2215.0,1.6,1.97,표준,0,2,0.716,2.75,190,0
40,6,거세,삼원교잡(LYD),71.7,22.1,15.6,72.5,17.5,1977.0,0.87,2.48,저가,1,1,0.866,2.86,179,0
35,8,거세,삼원교잡(LYD),76.1,24.9,24.2,78.7,24.9,1198.0,1.23,2.26,표준,1,6,0.789,2.86,190,0
36,5,암,이원교잡(LY),74.5,25.7,27.7,57.2,16.0,1305.0,1.15,2.42,표준,0,1,0.833,2.9,182,0
26,4,암,삼원교잡(LYD),72.7,27.7,20.6,62.9,9.9,1919.0,1.39,2.6,저가,0,5,0.804,3.23,181,0
15,3,거세,이원교잡(LY),68.4,20.0,17.4,92.7,10.0,1695.0,1.38,1.81,표준,1,1,0.797,2.27,188,0
18,8,거세,이원교잡(LY),69.2,18.4,20.3,73.6,16.1,1491.0,1.3,2.21,표준,1,3,0.835,2.65,185,0
6,1,거세,삼원교잡(LYD),75.7,25.1,23.6,70.1,6.4,1063.0,1.12,2.17,표준,1,0,0.89,2.43,177,0
18,3,암,삼원교잡(LYD),76.7,18.0,21.1,73.9,13.1,1235.0,1.29,2.14,고급,0,4,0.864,2.48,189,0
15,2,암,삼원교잡(LYD),67.0,25.5,27.6,51.6,17.8,1791.0,1.38,1.96,고급,1,5,0.702,2.8,195,0
2,7,암,이원교잡(LY),66.3,26.8,25.7,58.5,22.0,525.0,1.26,2.08,고급,1,0,0.711,2.93,190,0
9,4,거세,삼원교잡(LYD),65.5,28.7,22.7,54.9,5.7,500.0,1.58,1.97,고급,1,5,0.884,2.23,163,0
22,8,암,삼원교잡(LYD),74.1,23.1,14.2,69.2,15.6,1847.0,1.45,2.55,저가,1,1,0.832,3.06,185,0
15,6,암,삼원교잡(LYD),65.4,25.5,19.2,61.3,14.6,1233.0,1.3,2.41,저가,1,3,0.74,3.26,186,0
40,5,거세,삼원교잡(LYD),74.1,27.0,19.8,66.0,15.2,1734.0,0.71,2.39,고급,0,2,1.041,2.3,159,0
20,5,암,이원교잡(LY),72.7,21.5,19.0,61.9,15.8,2288.0,1.25,1.72,고급,1,5,0.758,2.27,196,0
39,2,거세,삼원교잡(LYD),67.3,27.7,22.8,48.7,14.8,993.0,1.46,2.88,표준,0,1,1.016,2.84,153,0
27,5,거세,삼원교잡(LYD),77.8,25.8,22.8,73.8,23.4,665.0,1.23,2.18,표준,1,1,0.786,2.77,191,0
2,6,암,삼원교잡(LYD),62.7,23.2,15.3,47.4,22.5,1362.0,1.38,2.82,저가,1,0,0.825,3.42,174,0
9,8,거세,삼원교잡(LYD),78.3,25.4,25.2,57.7,27.9,1158.0,1.24,2.52,저가,1,2,0.766,3.29,195,0
29,5,암,삼원교잡(LYD),71.6,24.6,22.1,51.8,14.9,1487.0,1.36,2.23,표준,0,3,0.813,2.74,183,0
22,8,암,삼원교잡(LYD),60.0,27.3,23.4,56.2,12.5,1769.0,1.65,2.91,고급,1,2,0.958,3.04,152,0
13,8,거세,삼원교잡(LYD),78.0,23.9,25.0,67.0,9.2,1663.0,1.5,2.47,저가,1,2,0.822,3.0,189,0
21,5,거세,이원교잡(LY),74.9,25.7,18.9,77.4,11.9,1523.0,0.98,2.23,표준,1,2,0.978,2.28,166,0
37,4,암,삼원교잡(LYD),67.9,23.1,27.0,49.4,19.3,2029.0,0.89,2.18,표준,1,6,0.753,2.9,190,0
16,2,거세,삼원교잡(LYD),65.2,22.2,21.4,59.4,20.2,1835.0,1.41,2.61,표준,1,4,0.954,2.74,163,0
2,3,암,삼원교잡(LYD),62.2,25.5,28.1,47.5,19.1,1409.0,1.59,2.14,표준,1,2,0.679,3.15,194,0
13,8,거세,삼원교잡(LYD),82.1,22.3,18.4,58.9,11.0,1818.0,0.88,2.19,고급,1,1,1.009,2.17,174,0
38,2,거세,삼원교잡(LYD),65.4,27.4,27.8,65.7,11.0,727.0,1.25,2.12,표준,1,1,0.77,2.75,179,0
31,4,암,삼원교잡(LYD),63.7,26.8,18.4,72.7,26.7,2032.0,1.89,2.07,고급,1,2,0.789,2.63,175,1
34,6,거세,삼원교잡(LYD),71.3,22.7,32.2,43.8,10.0,1511.0,1.23,2.09,고급,1,3,0.66,3.17,211,0
37,2,암,이원교잡(LY),61.8,25.6,18.2,70.5,23.5,900.0,1.93,2.83,표준,1,1,0.864,3.28,165,0
5,8,암,이원교잡(LY),65.1,22.7,26.2,55.3,17.4,1292.0,1.09,2.6,고급,1,4,0.879,2.96,170,0
12,6,거세,삼원교잡(LYD),75.0,20.2,20.6,52.8,10.6,2019.0,1.14,2.37,표준,1,1,0.912,2.6,179,0
3,1,암,삼원교잡(LYD),72.3,23.2,24.9,65.7,7.9,1116.0,1.12,2.14,저가,1,1,0.769,2.78,192,0
1,2,암,삼원교잡(LYD),68.1,24.8,21.8,71.3,10.9,1705.0,0.98,2.13,저가,1,5,0.78,2.74,184,0
34,6,암,삼원교잡(LYD),70.1,26.6,17.6,64.0,17.5,1939.0,0.88,2.19,고급,1,0,0.854,2.56,174,0
38,7,거세,이원교잡(LY),67.8,25.4,10.8,54.1,9.5,1512.0,1.24,2.84,저가,1,3,0.894,3.17,168,0
7,8,거세,이원교잡(LY),69.7,27.7,32.0,64.0,24.3,1068.0,1.34,2.39,고급,1,3,0.744,3.21,187,1
29,7,암,삼원교잡(LYD),66.2,22.1,22.3,57.7,13.8,1468.0,1.12,2.52,표준,1,5,0.818,3.09,180,0
22,1,암,이원교잡(LY),67.1,23.9,10.2,71.0,19.2,795.0,1.18,2.36,고급,1,0,0.819,2.88,178,0
3,6,암,삼원교잡(LYD),66.9,29.9,23.2,75.8,18.7,1256.0,1.66,2.03,저가,1,6,0.62,3.28,204,0
37,1,암,삼원교잡(LYD),66.4,19.2,24.8,75.1,24.7,946.0,1.54,2.33,고급,1,0,0.868,2.69,177,0
35,1,암,삼원교잡(LYD),75.2,23.6,19.1,64.8,12.4,1477.0,1.24,1.98,표준,1,4,0.795,2.49,190,0
23,6,거세,삼원교잡(LYD),73.9,21.8,19.2,76.2,15.6,865.0,1.41,2.66,표준,1,3,0.99,2.68,168,0
29,4,암,이원교잡(LY),65.3,24.4,21.9,54.8,6.6,1542.0,0.89,2.08,표준,1,3,0.791,2.62,180,0
16,6,거세,이원교잡(LY),64.0,23.7,26.8,82.8,15.6,2066.0,1.37,2.13,표준,1,2,0.803,2.65,178,0
32,7,거세,삼원교잡(LYD),69.2,26.8,22.4,54.7,21.8,2098.0,1.28,2.54,표준,1,3,0.893,2.85,168,0
18,1,암,삼원교잡(LYD),80.8,25.8,27.9,44.7,16.3,877.0,1.21,2.09,고급,0,2,0.739,2.83,202,0
40,5,거세,삼원교잡(LYD),64.9,21.1,26.5,78.7,28.9,1167.0,1.31,2.23,표준,1,4,0.741,3.02,192,0
3,7,거세,삼원교잡(LYD),69.2,23.2,21.1,57.9,18.1,1926.0,1.27,1.51,표준,1,5,0.654,2.31,209,0
7,4,암,삼원교잡(LYD),70.4,25.0,15.7,66.2,11.8,1852.0,0.97,2.2,고급,1,3,0.829,2.66,179,0
39,5,암,삼원교잡(LYD),69.5,27.2,21.1,54.7,17.7,1192.0,1.72,2.48,저가,1,4,0.818,3.03,177,0
12,4,암,삼원교잡(LYD),67.7,32.3,24.1,88.6,6.2,1257.0,1.54,2.11,고급,1,5,0.869,2.43,163,0
13,8,암,삼원교잡(LYD),75.8,27.1,22.2,83.2,10.2,1541.0,1.2,2.47,표준,1,3,0.842,2.93,180,0
32,1,거세,삼원교잡(LYD),72.3,22.0,24.5,80.5,7.7,583.0,0.86,2.3,고급,1,2,1.01,2.27,164,0
8,8,암,이원교잡(LY),74.2,24.7,25.5,65.9,15.1,1763.0,0.7,2.63,표준,0,1,0.844,3.11,181,0
21,7,거세,삼원교잡(LYD),72.9,25.5,24.1,74.8,14.6,2042.0,1.8,2.08,표준,1,1,0.738,2.82,194,1
12,7,거세,삼원교잡(LYD),74.5,23.4,20.9,64.5,22.2,1305.0,1.26,2.23,표준,1,1,0.829,2.69,185,0
8,4,거세,삼원교잡(LYD),77.9,26.4,24.1,76.2,14.4,790.0,1.49,1.86,고급,0,2,0.744,2.5,197,0
39,5,거세,삼원교잡(LYD),76.7,18.2,30.9,60.9,9.0,2206.0,1.06,2.27,표준,1,2,0.74,3.07,208,0
8,3,암,삼원교잡(LYD),81.6,26.7,16.0,80.8,24.4,1610.0,1.22,2.17,고급,1,2,0.784,2.77,194,0
4,3,거세,삼원교잡(LYD),76.1,23.6,23.9,60.4,2.0,1854.0,1.24,2.59,고급,1,5,1.064,2.43,162,0
27,8,암,삼원교잡(LYD),66.7,24.7,29.3,61.5,15.2,839.0,1.36,2.11,고급,1,5,0.755,2.8,186,0
35,5,거세,삼원교잡(LYD),74.2,29.4,17.3,60.3,16.3,841.0,1.32,2.17,저가,1,5,0.83,2.62,177,0
6,6,거세,삼원교잡(LYD),73.6,21.2,26.0,66.9,14.9,1707.0,1.07,2.1,고급,0,3,0.867,2.42,182,0
29,1,암,삼원교잡(LYD),79.6,25.8,26.5,61.1,18.0,2014.0,1.07,2.31,표준,0,1,0.664,3.48,214,1
22,7,암,이원교잡(LY),65.2,27.4,16.1,69.9,15.7,935.0,1.28,2.9,고급,1,4,0.936,3.09,159,0
34,6,암,삼원교잡(LYD),72.8,25.5,24.8,60.2,18.0,1449.0,0.86,1.5,표준,1,1,0.667,2.25,207,0
6,8,거세,삼원교잡(LYD),66.6,20.2,20.9,72.9,11.4,706.0,1.09,2.29,표준,1,1,0.896,2.55,172,0
40,2,거세,삼원교잡(LYD),72.6,29.1,21.8,80.2,6.2,1149.0,1.26,2.65,고급,1,3,1.067,2.48,153,0
25,5,암,삼원교잡(LYD),68.9,24.4,20.7,65.8,14.7,1371.0,1.4,2.15,저가,1,4,0.77,2.79,187,0
34,5,암,삼원교잡(LYD),72.4,23.4,27.3,87.2,8.8,1744.0,1.68,2.46,저가,1,2,0.788,3.12,189,0
15,5,거세,삼원교잡(LYD),62.9,24.1,21.6,76.3,10.6,500.0,1.18,2.65,고급,1,0,1.077,2.46,147,0
38,1,암,삼원교잡(LYD),74.0,23.9,20.1,86.4,22.0,2160.0,1.31,2.22,표준,1,3,0.748,2.96,196,0
26,4,암,삼원교잡(LYD),71.0,21.4,20.2,64.4,24.3,1415.0,0.83,2.1,저가,0,3,0.653,3.22,214,0
6,3,암,삼원교잡(LYD),70.8,25.5,20.6,48.4,21.9,2147.0,1.38,2.58,저가,1,1,0.769,3.36,187,0
37,5,거세,삼원교잡(LYD),79.8,23.2,17.7,57.9,20.7,1849.0,1.07,2.45,고급,1,0,1.004,2.44,171,0
32,2,암,삼원교잡(LYD),68.1,27.0,20.1,59.0,15.4,1926.0,1.22,2.28,표준,1,5,0.861,2.65,170,0
13,4,거세,삼원교잡(LYD),71.7,26.6,22.5,55.5,21.1,2510.0,1.42,2.48,표준,0,4,0.883,2.81,172,0
22,5,암,삼원교잡(LYD),70.5,29.9,23.6,43.0,17.1,1109.0,1.43,2.59,표준,1,3,0.802,3.23,177,0
16,1,거세,삼원교잡(LYD),71.0,24.4,26.8,75.2,26.7,1568.0,0.94,2.28,표준,1,4,0.817,2.8,182,0
22,7,거세,삼원교잡(LYD),81.1,22.6,23.0,46.4,9.5,1005.0,1.5,2.39,표준,0,0,0.902,2.65,184,0
39,6,거세,삼원교잡(LYD),70.3,20.6,20.1,74.3,19.0,1449.0,1.29,2.46,저가,1,3,0.827,2.97,185,0
36,1,암,삼원교잡(LYD),67.2,31.6,18.0,86.9,7.4,1860.0,1.62,2.16,고급,1,1,0.858,2.52,164,0
9,1,암,삼원교잡(LYD),79.4,27.0,23.2,57.2,19.1,2064.0,1.67,2.66,고급,1,3,0.943,2.82,173,0
39,7,암,삼원교잡(LYD),68.5,22.9,21.5,68.9,4.7,1309.0,1.7,1.99,표준,1,0,0.773,2.58,188,0
18,3,암,삼원교잡(LYD),62.0,30.1,21.7,61.0,7.7,898.0,0.94,2.26,표준,1,3,0.835,2.71,164,0
29,7,암,삼원교잡(LYD),66.3,29.1,23.1,73.3,7.3,1537.0,1.4,2.53,표준,0,2,0.885,2.86,163,0
31,4,암,삼원교잡(LYD),63.8,20.9,24.1,53.1,16.5,1074.0,0.91,1.98,표준,1,4,0.757,2.62,188,0
20,3,거세,이원교잡(LY),61.0,22.7,23.1,63.7,17.1,1211.0,1.63,2.56,표준,1,1,0.838,3.06,171,0
19,3,암,삼원교잡(LYD),68.2,24.6,21.3,76.2,29.7,1836.0,1.66,2.36,표준,1,0,0.769,3.07,186,0
19,6,거세,이원교잡(LY),69.6,21.8,18.8,64.5,14.5,1743.0,1.54,2.7,고급,1,1,0.984,2.74,164,0
35,1,거세,삼원교잡(LYD),75.9,24.7,19.5,48.7,19.6,1917.0,1.19,2.48,고급,1,3,0.992,2.5,167,0
16,4,거세,삼원교잡(LYD),73.1,27.1,25.4,77.4,16.0,1331.0,1.44,2.25,저가,1,5,0.699,3.22,199,0
12,3,거세,삼원교잡(LYD),72.9,20.9,20.3,52.0,19.1,2004.0,1.16,2.37,표준,1,0,0.845,2.81,184,0
15,2,암,삼원교잡(LYD),65.5,25.9,16.6,65.8,15.9,1507.0,1.3,2.38,표준,0,2,0.708,3.36,191,0
8,3,암,삼원교잡(LYD),74.4,28.5,26.6,70.8,21.6,1358.0,1.28,2.91,고급,1,1,0.941,3.09,166,0
16,5,거세,삼원교잡(LYD),77.0,26.2,18.2,66.2,8.7,951.0,0.8,2.33,표준,1,4,0.873,2.66,179,0
5,6,암,삼원교잡(LYD),72.0,24.8,22.1,90.4,2.0,500.0,1.1,2.26,고급,1,1,0.897,2.52,173,0
4,1,거세,삼원교잡(LYD),72.1,23.0,24.0,72.3,17.5,718.0,1.87,2.24,표준,0,1,0.79,2.84,189,0
29,7,거세,이원교잡(LY),63.7,27.5,22.0,63.0,4.2,1608.0,1.28,2.36,고급,1,2,1.01,2.33,150,0
4,8,거세,삼원교잡(LYD),75.3,21.5,12.1,71.0,22.9,1046.0,1.34,1.96,고급,0,0,0.798,2.46,193,0
23,6,거세,삼원교잡(LYD),78.9,25.7,23.6,67.1,11.7,677.0,1.3,2.19,표준,1,1,0.889,2.46,179,0
32,8,거세,삼원교잡(LYD),71.6,25.1,27.3,65.4,8.8,1290.0,1.2,2.0,고급,1,6,0.873,2.29,175,0
29,4,거세,삼원교잡(LYD),67.0,28.4,25.1,67.4,31.2,1640.0,1.31,2.04,저가,1,2,0.735,2.77,185,0
18,7,거세,삼원교잡(LYD),69.2,23.3,13.5,60.7,14.9,1708.0,1.2,2.54,표준,1,1,0.949,2.68,166,0
8,6,거세,삼원교잡(LYD),67.9,23.5,30.5,67.1,13.7,1486.0,0.73,2.31,표준,1,0,0.795,2.9,183,0
38,5,암,삼원교잡(LYD),68.2,21.3,16.7,59.9,19.5,1470.0,1.5,2.08,고급,1,2,0.8,2.6,185,0
34,2,거세,삼원교잡(LYD),73.2,26.3,17.7,46.0,19.9,1231.0,1.7,2.25,표준,1,4,0.849,2.66,178,0
25,5,거세,삼원교잡(LYD),71.4,23.7,25.1,76.4,21.8,1817.0,1.01,2.23,고급,1,4,0.794,2.8,186,0
4,8,암,삼원교잡(LYD),75.0,22.4,23.8,59.3,7.0,1412.0,1.2,2.32,표준,1,3,0.842,2.75,185,0
2,8,거세,삼원교잡(LYD),71.9,22.7,22.3,66.4,18.2,1462.0,1.67,1.85,저가,1,3,0.64,2.89,216,0
13,4,암,삼원교잡(LYD),65.7,26.6,19.7,57.4,13.2,2019.0,1.11,1.97,표준,1,2,0.742,2.66,185,0
7,2,거세,삼원교잡(LYD),67.5,21.7,27.3,57.7,9.5,1896.0,1.4,1.87,저가,0,0,0.597,3.13,224,0
35,6,암,삼원교잡(LYD),67.2,22.0,21.8,54.6,15.3,1408.0,2.2,2.03,저가,1,6,0.699,2.9,200,0
9,1,암,이원교잡(LY),69.1,27.7,15.7,74.5,4.1,1336.0,1.46,2.08,저가,1,4,0.764,2.73,183,0
12,2,암,삼원교잡(LYD),79.0,24.5,26.9,76.9,20.5,1333.0,1.32,1.99,표준,1,1,0.709,2.81,207,0
40,5,암,삼원교잡(LYD),79.8,27.9,22.9,65.3,13.3,500.0,1.52,2.53,저가,1,0,0.782,3.23,191,0
33,8,거세,이원교잡(LY),74.2,23.9,26.5,59.6,12.1,2048.0,1.49,2.85,표준,1,1,0.917,3.11,174,0
9,3,거세,삼원교잡(LYD),70.6,25.0,24.3,48.1,14.2,1158.0,1.13,2.55,표준,1,3,0.968,2.63,164,0
16,4,거세,이원교잡(LY),63.2,25.5,31.6,73.0,14.0,1927.0,0.87,2.13,표준,1,5,0.696,3.06,192,0
21,3,암,삼원교잡(LYD),71.1,29.2,20.8,58.2,21.8,1521.0,1.45,2.36,고급,0,5,0.823,2.87,175,1
27,4,거세,삼원교잡(LYD),66.0,28.9,22.1,53.8,8.4,2196.0,1.49,2.28,표준,1,2,0.94,2.43,158,0
38,1,거세,삼원교잡(LYD),78.2,28.5,24.9,65.3,12.7,1765.0,1.23,2.12,표준,1,7,0.842,2.52,181,0
35,5,암,삼원교잡(LYD),62.0,23.1,20.8,61.7,13.7,1956.0,1.71,2.7,고급,1,2,1.003,2.69,154,0
40,5,거세,삼원교잡(LYD),71.9,22.0,25.2,49.8,8.6,1204.0,1.66,2.9,표준,1,1,1.001,2.9,165,0
2,3,거세,삼원교잡(LYD),65.6,27.3,10.2,51.2,16.0,857.0,1.49,1.86,표준,1,2,0.703,2.64,190,0
10,3,암,이원교잡(LY),70.0,29.1,21.7,68.4,10.7,1574.0,1.23,2.73,표준,1,0,1.009,2.71,155,0
23,7,거세,삼원교잡(LYD),73.3,28.5,21.6,58.4,6.6,541.0,0.78,2.12,표준,1,2,0.954,2.23,164,0
2,2,암,이원교잡(LY),75.1,25.0,21.4,70.1,18.2,1266.0,1.26,2.22,표준,1,5,0.808,2.75,186,0
15,1,암,이원교잡(LY),69.7,27.2,18.5,66.5,24.3,905.0,0.84,2.38,고급,1,4,0.919,2.6,165,0
7,1,암,삼원교잡(LYD),73.8,27.2,25.6,75.5,15.3,1080.0,0.71,2.76,고급,1,2,0.965,2.87,165,0
38,8,거세,삼원교잡(LYD),66.7,25.4,20.0,56.7,14.4,1798.0,1.46,2.38,고급,1,3,0.924,2.58,164,0
3,3,거세,이원교잡(LY),71.2,25.6,22.8,67.3,14.3,1765.0,1.59,2.42,저가,1,4,0.856,2.83,176,0
6,1,암,삼원교잡(LYD),75.0,25.3,21.9,71.4,11.9,1419.0,0.81,2.56,저가,1,0,0.959,2.66,169,0
8,8,암,삼원교잡(LYD),71.7,22.6,24.0,58.7,22.0,1660.0,1.24,2.6,표준,1,3,0.887,2.93,176,0
6,2,암,삼원교잡(LYD),67.4,22.9,27.7,76.3,15.6,1230.0,1.3,2.45,표준,1,3,0.785,3.12,185,0
23,3,거세,삼원교잡(LYD),68.6,22.9,22.8,48.3,2.0,2713.0,1.23,2.61,저가,1,2,0.923,2.82,168,0
15,1,거세,이원교잡(LY),75.1,20.2,25.4,56.7,22.2,1650.0,0.96,2.12,고급,1,1,0.801,2.65,193,0
37,6,거세,삼원교잡(LYD),64.5,25.4,22.6,48.0,20.7,1205.0,1.63,1.78,고급,0,1,0.766,2.32,182,0
11,6,거세,삼원교잡(LYD),65.3,24.9,20.0,57.6,18.6,1938.0,0.96,2.85,표준,1,2,0.986,2.89,157,0
22,7,거세,이원교잡(LY),73.0,27.3,21.4,63.5,2.0,2120.0,0.81,1.99,표준,1,4,0.905,2.2,170,0
27,3,암,삼원교잡(LYD),67.8,28.8,20.9,73.3,15.0,1113.0,0.96,2.14,저가,1,5,0.771,2.77,180,0
26,3,거세,삼원교잡(LYD),62.7,29.0,24.3,63.4,20.4,791.0,1.42,2.2,저가,1,3,0.703,3.13,185,0
32,8,암,삼원교잡(LYD),76.8,29.3,22.4,59.0,17.3,890.0,1.23,2.15,저가,1,1,0.71,3.03,198,0
9,7,암,삼원교잡(LYD),64.5,22.7,18.8,49.5,16.2,1165.0,1.11,2.08,표준,1,1,0.764,2.73,185,0
21,1,거세,삼원교잡(LYD),69.0,20.7,21.1,52.9,20.4,1473.0,1.43,2.44,저가,1,4,0.865,2.82,178,0
33,6,암,삼원교잡(LYD),66.9,27.8,15.9,68.1,15.8,685.0,1.38,2.44,표준,1,1,0.846,2.89,170,0
35,7,암,삼원교잡(LYD),68.5,29.1,21.3,73.8,22.2,1291.0,0.72,2.49,표준,1,3,0.835,2.98,171,0
25,5,거세,삼원교잡(LYD),65.6,29.7,22.0,60.8,16.0,1396.0,1.43,2.47,표준,1,1,0.877,2.81,163,0
27,6,거세,삼원교잡(LYD),73.6,26.5,29.2,77.1,15.5,1662.0,1.6,2.17,저가,1,2,0.638,3.41,212,0
35,1,암,삼원교잡(LYD),70.6,19.0,27.4,55.5,20.4,1806.0,1.27,2.17,고급,1,5,0.787,2.76,192,0
25,1,암,삼원교잡(LYD),74.9,26.1,17.9,61.1,12.6,1701.0,1.24,2.64,표준,1,3,0.883,2.99,176,0
38,1,암,삼원교잡(LYD),67.0,26.7,22.8,61.9,8.4,2396.0,1.77,2.14,표준,1,4,0.798,2.69,178,0
6,2,암,이원교잡(LY),80.7,28.8,22.9,80.3,15.0,2047.0,1.12,2.14,표준,1,1,0.814,2.63,187,0
14,8,거세,이원교잡(LY),60.5,29.3,21.1,66.3,18.5,1611.0,1.26,2.58,표준,1,1,0.993,2.6,147,0
5,6,암,삼원교잡(LYD),62.1,27.7,21.3,47.0,20.6,1015.0,1.38,2.29,표준,1,5,0.76,3.02,177,0
4,7,암,삼원교잡(LYD),78.8,23.2,20.6,74.5,20.6,1162.0,1.31,2.15,표준,0,1,0.804,2.67,193,1
19,3,암,삼원교잡(LYD),72.4,21.9,29.5,83.5,14.6,786.0,1.23,2.15,표준,1,6,0.701,3.07,205,0
10,8,암,삼원교잡(LYD),71.7,26.6,20.3,62.5,14.0,1577.0,1.32,2.64,고급,0,1,1.014,2.6,159,0
17,2,암,이원교잡(LY),72.2,22.6,23.4,56.0,11.4,1666.0,1.69,2.48,표준,0,7,0.885,2.8,177,0
18,8,암,이원교잡(LY),72.9,29.4,11.9,73.6,16.5,1946.0,1.5,2.37,고급,1,2,0.843,2.81,174,0
25,1,거세,삼원교잡(LYD),71.5,19.9,25.3,84.6,5.2,1634.0,1.28,1.95,저가,0,4,0.704,2.77,207,0
38,1,암,삼원교잡(LYD),65.2,26.7,26.7,73.5,15.1,2027.0,1.08,2.37,저가,1,3,0.757,3.13,182,0
34,1,거세,이원교잡(LY),74.1,26.0,17.8,48.8,32.1,2037.0,1.12,2.24,고급,1,2,0.817,2.74,183,0
16,7,암,삼원교잡(LYD),73.3,24.4,20.0,72.5,6.0,986.0,1.54,2.03,고급,1,3,0.86,2.36,179,0
14,3,암,삼원교잡(LYD),77.1,22.2,23.8,69.0,15.9,1241.0,0.9,2.12,고급,1,2,0.814,2.6,191,0
31,4,암,삼원교잡(LYD),78.8,18.8,22.1,55.5,17.3,1494.0,1.9,2.51,표준,0,1,0.816,3.08,197,0
5,4,거세,삼원교잡(LYD),71.7,23.4,23.9,77.9,18.0,1147.0,1.29,2.67,고급,1,2,0.909,2.94,172,0
22,7,암,삼원교잡(LYD),63.9,23.5,20.9,69.4,9.2,1378.0,0.96,1.98,표준,1,2,0.8,2.48,178,0
17,3,거세,삼원교잡(LYD),78.9,28.3,29.5,78.1,18.1,1651.0,1.35,2.02,표준,1,1,0.695,2.91,204,0
8,1,거세,삼원교잡(LYD),64.9,22.7,19.3,54.4,11.8,1438.0,1.1,2.51,표준,1,4,0.931,2.69,164,0
25,4,거세,삼원교잡(LYD),71.7,26.4,32.8,69.0,6.4,1500.0,1.2,2.18,표준,1,2,0.715,3.04,196,0
13,3,암,이원교잡(LY),68.7,21.1,27.0,56.0,20.7,1029.0,0.92,2.47,표준,1,1,0.74,3.33,196,0
8,6,거세,이원교잡(LY),67.8,26.4,25.3,67.5,19.0,1753.0,1.24,2.17,표준,0,2,0.81,2.68,177,0
27,7,암,삼원교잡(LYD),73.8,18.3,17.8,79.8,9.2,1717.0,0.77,2.47,표준,1,1,0.904,2.74,181,0
7,1,거세,삼원교잡(LYD),71.2,31.3,25.6,50.7,11.7,1119.0,1.15,1.89,표준,1,1,0.854,2.21,169,0
27,7,암,삼원교잡(LYD),72.6,24.6,24.4,51.3,11.5,853.0,1.09,2.46,표준,1,0,0.869,2.84,177,0
7,1,암,삼원교잡(LYD),65.9,18.0,13.5,74.6,5.1,2115.0,1.17,1.67,고급,1,3,0.772,2.16,192,0
18,5,암,삼원교잡(LYD),69.1,22.8,16.4,64.9,19.6,2374.0,1.11,2.58,고급,1,3,0.9,2.86,172,0
33,4,암,삼원교잡(LYD),66.2,22.4,23.4,76.7,19.8,1617.0,1.31,2.29,표준,1,1,0.84,2.73,176,0
10,3,암,삼원교잡(LYD),69.0,23.0,21.5,56.9,13.0,1319.0,1.52,2.43,표준,1,3,0.846,2.88,178,0
31,4,암,삼원교잡(LYD),69.4,23.9,19.9,65.5,14.8,2023.0,1.39,2.37,표준,1,3,0.909,2.61,170,0
29,3,암,삼원교잡(LYD),79.2,23.0,26.3,71.9,15.7,1735.0,1.62,1.79,저가,0,2,0.629,2.84,226,0
37,7,거세,삼원교잡(LYD),68.7,22.6,18.5,67.1,16.5,1395.0,1.18,2.71,고급,1,4,1.009,2.69,160,0
7,8,거세,이원교잡(LY),60.0,21.5,20.2,47.1,6.9,1984.0,1.38,2.4,표준,1,2,0.928,2.59,161,0
29,7,암,삼원교잡(LYD),77.0,27.5,19.4,93.2,17.9,1095.0,1.39,2.53,표준,1,3,0.829,3.05,183,0
38,4,거세,이원교잡(LY),72.2,28.6,24.0,67.1,7.9,1155.0,1.59,2.06,표준,1,3,0.771,2.67,184,0
31,5,암,삼원교잡(LYD),69.3,24.2,15.1,51.6,19.1,1682.0,1.12,2.37,표준,1,2,0.819,2.9,180,1
8,4,암,삼원교잡(LYD),67.8,24.9,20.0,68.1,8.6,1557.0,1.5,1.91,표준,1,0,0.757,2.52,187,0
33,7,거세,이원교잡(LY),65.3,21.6,15.1,69.3,7.2,1819.0,1.09,2.34,표준,1,4,0.937,2.5,165,0
5,5,암,이원교잡(LY),79.7,25.2,20.7,74.9,14.8,2097.0,1.16,2.02,고급,1,1,0.836,2.41,187,0
24,4,암,이원교잡(LY),70.3,25.7,24.9,74.3,14.7,724.0,1.21,3.2,고급,1,3,1.087,2.95,152,0
20,4,암,이원교잡(LY),61.3,24.3,25.0,62.9,15.6,1519.0,1.41,2.48,고급,1,2,0.877,2.83,165,0
22,4,암,삼원교잡(LYD),71.6,26.2,19.1,47.8,9.6,2451.0,1.03,2.7,저가,1,3,0.888,3.04,172,0
21,5,암,삼원교잡(LYD),76.0,25.9,24.1,69.6,16.2,1202.0,1.06,2.23,고급,1,4,0.856,2.6,180,0
2,6,암,삼원교잡(LYD),70.8,21.8,21.3,48.6,16.8,1143.0,1.14,2.42,고급,1,0,0.953,2.54,169,0
21,4,암,이원교잡(LY),65.5,28.6,27.4,77.2,22.0,500.0,1.31,2.57,표준,1,2,0.758,3.39,179,0
38,7,거세,삼원교잡(LYD),65.0,24.4,21.5,57.7,16.1,1551.0,1.07,1.98,저가,0,3,0.8,2.47,178,0
18,7,암,삼원교잡(LYD),65.4,30.0,10.1,71.3,11.4,1790.0,1.37,2.1,고급,0,4,0.746,2.81,179,0
12,4,암,이원교잡(LY),77.6,26.3,25.6,58.4,6.9,1789.0,1.21,2.59,표준,1,4,0.864,3.0,180,0
40,8,거세,이원교잡(LY),69.6,30.9,20.2,60.1,5.8,981.0,1.46,2.23,고급,1,3,0.888,2.52,164,0
4,2,거세,이원교잡(LY),61.6,28.5,20.9,57.0,16.9,1496.0,1.32,2.08,고급,1,4,0.882,2.35,160,0
20,8,암,삼원교잡(LYD),71.9,25.7,23.3,72.2,19.8,1611.0,1.74,2.11,저가,1,0,0.638,3.31,212,0
21,3,거세,삼원교잡(LYD),70.7,22.8,16.3,58.8,9.7,1526.0,1.33,1.93,표준,1,1,0.827,2.34,182,0
20,5,암,이원교잡(LY),67.8,22.9,22.3,72.7,16.5,953.0,1.0,1.71,표준,1,4,0.735,2.33,193,0
37,3,거세,삼원교잡(LYD),64.9,26.6,24.1,59.0,14.0,1539.0,1.25,1.79,고급,1,2,0.865,2.07,167,0
17,4,거세,삼원교잡(LYD),64.7,25.4,23.5,62.7,19.3,1093.0,1.31,2.31,표준,0,1,0.906,2.55,164,0
39,3,암,이원교잡(LY),75.4,23.2,19.6,65.4,20.2,564.0,1.07,2.5,고급,0,2,0.894,2.8,178,0
3,6,거세,삼원교잡(LYD),71.2,27.5,26.0,66.5,2.0,1841.0,1.68,3.06,표준,1,2,0.998,3.06,159,0
30,1,거세,삼원교잡(LYD),72.4,25.1,18.0,55.8,21.2,1570.0,1.22,2.29,표준,1,3,0.871,2.63,176,0
24,7,암,삼원교잡(LYD),71.2,27.5,19.5,72.0,16.5,1796.0,1.14,1.92,표준,0,4,0.707,2.71,195,0
10,8,암,삼원교잡(LYD),71.6,22.1,21.5,62.3,11.8,1233.0,1.35,2.29,표준,1,0,0.821,2.79,185,0
10,5,거세,이원교잡(LY),67.7,28.0,23.2,70.4,12.0,1813.0,1.07,2.51,고급,1,4,1.008,2.49,154,0
29,5,암,삼원교잡(LYD),69.0,26.5,20.7,64.8,15.2,2011.0,1.54,2.61,표준,0,2,0.844,3.09,174,0
26,6,암,삼원교잡(LYD),75.8,28.6,26.9,70.9,12.0,2377.0,1.49,2.58,저가,1,1,0.848,3.04,178,0
25,2,암,삼원교잡(LYD),77.1,27.9,23.2,60.9,9.4,1907.0,1.33,2.47,저가,1,2,0.817,3.03,184,0
3,6,거세,이원교잡(LY),63.9,24.7,22.3,57.1,10.8,1692.0,1.45,2.33,고급,1,4,0.969,2.4,157,0
24,2,거세,이원교잡(LY),69.0,24.5,23.0,69.3,8.8,810.0,1.18,2.52,고급,1,2,1.053,2.39,155,0
40,6,암,삼원교잡(LYD),74.2,30.3,24.9,60.1,23.1,1447.0,0.92,1.94,표준,1,3,0.783,2.48,182,0
1,3,암,삼원교잡(LYD),79.4,24.1,23.0,79.6,15.3,789.0,1.22,1.7,표준,0,3,0.664,2.56,216,0
19,6,거세,삼원교잡(LYD),78.9,27.2,14.8,65.7,28.5,1091.0,1.17,2.93,저가,1,2,0.822,3.56,186,0
20,7,암,삼원교잡(LYD),66.0,23.9,26.4,51.3,17.2,2478.0,0.79,2.29,표준,1,3,0.772,2.96,184,0
36,2,거세,삼원교잡(LYD),76.4,19.4,22.5,59.1,18.5,988.0,1.04,2.46,표준,1,2,0.857,2.87,188,0
12,5,암,삼원교잡(LYD),70.3,21.3,24.7,55.0,8.6,500.0,0.99,1.5,고급,1,3,0.695,2.16,205,0
20,4,암,삼원교잡(LYD),75.2,26.2,20.4,75.7,13.7,1907.0,1.04,2.76,저가,1,4,0.961,2.88,168,0
29,3,암,삼원교잡(LYD),73.9,27.1,14.7,72.7,15.4,1163.0,1.63,2.65,고급,1,1,0.882,3.0,174,0
3,5,암,삼원교잡(LYD),63.7,26.2,12.9,64.4,11.2,1884.0,1.43,1.83,저가,0,2,0.579,3.16,217,0
33,8,거세,삼원교잡(LYD),72.7,28.4,18.2,67.9,12.2,915.0,1.54,2.2,저가,1,2,0.84,2.63,176,0
33,1,암,삼원교잡(LYD),75.0,26.2,24.1,64.1,17.5,1287.0,1.43,2.38,고급,1,5,0.855,2.78,179,0
29,8,거세,삼원교잡(LYD),69.9,22.7,27.2,73.6,17.6,2098.0,1.57,1.92,표준,0,4,0.727,2.64,197,0
26,7,암,삼원교잡(LYD),68.8,26.8,23.2,70.2,7.0,839.0,1.31,2.45,표준,0,4,0.851,2.87,172,0
30,5,암,삼원교잡(LYD),62.1,25.5,17.8,72.0,16.7,1415.0,1.68,2.61,고급,0,3,0.924,2.83,159,0
32,5,거세,이원교잡(LY),73.4,23.3,18.9,63.1,18.3,1646.0,0.99,2.4,표준,1,2,0.843,2.84,182,0
37,3,거세,삼원교잡(LYD),71.0,26.4,27.4,58.7,11.5,1140.0,1.28,1.83,저가,1,1,0.626,2.92,212,0
18,2,거세,이원교잡(LY),65.4,25.2,16.8,71.7,10.8,1621.0,1.04,1.99,표준,1,3,0.822,2.42,175,0
19,5,거세,삼원교잡(LYD),68.4,23.2,30.4,80.5,17.6,1508.0,1.61,2.26,고급,1,1,0.758,2.98,189,0
26,7,거세,삼원교잡(LYD),70.8,24.5,29.5,76.1,2.0,1767.0,1.4,2.23,표준,1,2,0.895,2.49,172,0
8,2,암,삼원교잡(LYD),67.2,29.2,30.5,80.8,15.0,2421.0,1.6,2.23,표준,1,4,0.697,3.2,190,0
35,6,암,삼원교잡(LYD),70.0,29.1,23.5,66.6,24.8,2838.0,0.95,2.22,고급,0,6,0.853,2.6,171,0
31,6,암,이원교잡(LY),61.3,25.6,20.6,55.3,2.0,1732.0,1.15,1.76,고급,1,4,0.825,2.13,170,0
26,7,암,이원교잡(LY),76.7,25.2,23.4,56.2,19.9,1445.0,0.85,2.54,고급,1,1,0.874,2.91,179,0
13,3,암,삼원교잡(LYD),70.1,20.7,25.6,78.8,18.3,1720.0,1.39,2.49,표준,1,2,0.865,2.88,179,0
14,4,거세,삼원교잡(LYD),64.5,30.2,19.4,46.4,6.4,1384.0,1.19,2.46,표준,1,1,0.894,2.75,159,0
18,4,암,삼원교잡(LYD),60.0,28.1,17.6,80.0,18.1,706.0,1.49,2.43,표준,1,1,0.798,3.04,169,0
27,7,암,이원교잡(LY),75.1,27.3,20.9,57.1,21.0,1477.0,1.31,2.21,고급,1,1,0.873,2.54,176,0
32,8,암,이원교잡(LY),72.8,18.2,18.9,84.2,7.9,2041.0,0.77,2.12,저가,1,4,0.891,2.38,182,0
27,4,암,삼원교잡(LYD),71.1,25.1,27.0,64.3,10.8,768.0,0.88,1.99,표준,1,1,0.791,2.52,185,0
38,8,암,이원교잡(LY),74.3,24.6,19.5,72.2,15.2,1008.0,1.32,2.76,고급,1,1,1.01,2.73,164,0
39,5,암,이원교잡(LY),74.3,27.0,22.4,88.9,20.9,1209.0,1.42,2.29,저가,1,3,0.838,2.74,179,0
29,4,암,삼원교잡(LYD),71.0,23.6,25.9,61.7,11.8,1686.0,0.75,1.8,표준,1,2,0.681,2.65,205,0
15,1,거세,삼원교잡(LYD),68.7,24.3,27.1,61.5,14.7,2688.0,1.28,2.29,표준,1,0,0.826,2.77,179,0
24,5,암,이원교잡(LY),67.9,26.9,22.8,58.1,11.0,1095.0,1.05,1.67,고급,1,3,0.834,2.01,174,0
18,6,거세,삼원교잡(LYD),72.1,22.7,23.5,55.0,15.1,1546.0,1.02,2.37,고급,1,3,0.906,2.62,174,0
26,8,거세,삼원교잡(LYD),77.0,23.3,17.9,61.7,21.3,1503.0,1.14,2.34,표준,1,2,0.883,2.65,181,0
33,6,암,이원교잡(LY),69.5,25.6,26.1,59.5,15.6,1349.0,1.33,2.14,저가,1,2,0.694,3.08,198,0
15,1,거세,삼원교잡(LYD),77.4,29.0,27.1,52.5,12.9,1476.0,1.12,2.02,표준,1,7,0.781,2.58,187,0
21,5,암,이원교잡(LY),71.9,27.4,14.5,62.9,14.8,1268.0,0.8,2.47,고급,1,2,0.876,2.82,172,0
2,6,거세,삼원교잡(LYD),71.9,28.2,29.1,69.5,10.2,2871.0,1.33,2.28,표준,1,2,0.803,2.83,180,0
30,4,암,삼원교잡(LYD),82.0,25.2,19.2,56.0,9.0,1875.0,1.21,1.72,표준,0,3,0.715,2.4,208,0
20,4,거세,이원교잡(LY),78.3,29.5,24.4,63.4,22.2,1272.0,1.07,2.66,고급,1,1,0.958,2.78,168,0
19,7,암,삼원교잡(LYD),78.4,19.8,22.3,79.1,24.8,2092.0,1.22,2.02,저가,1,2,0.718,2.81,211,0
22,5,거세,삼원교잡(LYD),66.0,31.1,21.8,50.8,4.3,1628.0,1.21,1.9,표준,1,3,0.913,2.09,158,0
9,6,거세,삼원교잡(LYD),81.0,31.5,21.2,84.3,18.5,1529.0,1.31,2.71,표준,0,0,0.922,2.94,172,1
24,4,거세,삼원교잡(LYD),69.6,26.4,18.0,58.3,20.2,1409.0,1.24,2.62,고급,1,1,1.008,2.6,157,0
30,3,암,삼원교잡(LYD),68.9,27.5,24.1,67.0,7.7,1375.0,1.34,2.17,고급,1,1,0.917,2.37,164,0
14,5,암,삼원교잡(LYD),60.0,24.9,20.9,77.8,12.2,890.0,1.29,1.92,표준,1,5,0.818,2.35,170,0
6,8,암,이원교잡(LY),71.6,24.4,16.8,80.8,11.5,663.0,1.5,2.03,표준,1,2,0.746,2.72,193,0
16,5,거세,이원교잡(LY),64.6,23.2,17.9,69.7,26.4,1685.0,1.7,2.17,표준,1,4,0.824,2.63,176,0
8,6,거세,삼원교잡(LYD),72.0,24.9,16.8,58.1,24.9,1404.0,1.3,2.66,표준,1,1,0.9,2.96,172,0
15,1,거세,삼원교잡(LYD),64.2,26.7,19.9,57.2,9.5,1939.0,1.14,2.69,표준,1,1,1.035,2.6,149,1
26,8,암,삼원교잡(LYD),79.0,26.3,23.9,59.3,6.2,1055.0,0.94,2.35,표준,1,4,0.839,2.8,185,0
5,2,암,삼원교잡(LYD),72.8,31.0,19.2,83.9,19.6,951.0,1.46,2.5,고급,1,4,0.838,2.98,173,0
30,8,거세,이원교잡(LY),81.4,25.3,25.9,61.2,18.3,1888.0,1.07,2.24,표준,1,4,0.835,2.68,189,0
9,4,암,삼원교잡(LYD),64.9,20.5,21.5,68.2,22.5,1352.0,1.89,2.04,표준,1,3,0.756,2.7,190,0
36,8,암,이원교잡(LY),77.7,29.9,20.8,54.6,8.6,1928.0,1.99,1.85,표준,1,5,0.753,2.46,191,0
30,8,거세,삼원교잡(LYD),61.0,21.3,22.1,53.4,19.3,1517.0,1.25,2.4,표준,0,3,0.853,2.81,171,0
11,7,거세,삼원교잡(LYD),71.0,23.3,27.6,65.3,10.6,2439.0,0.88,2.57,저가,1,2,0.748,3.43,194,0
23,8,거세,이원교잡(LY),66.8,25.8,16.5,61.8,18.7,1878.0,1.46,2.15,고급,1,3,0.905,2.37,165,0
5,5,거세,삼원교잡(LYD),67.8,26.3,28.6,62.5,14.8,1705.0,1.82,2.66,저가,1,0,0.842,3.15,173,0
4,7,거세,이원교잡(LY),67.4,20.7,25.8,50.2,26.4,1900.0,0.97,2.18,표준,1,4,0.7,3.12,202,0
39,2,암,이원교잡(LY),65.4,22.8,21.9,64.3,17.7,1364.0,1.77,2.33,표준,0,2,0.778,2.99,184,0
33,1,거세,삼원교잡(LYD),63.7,20.6,26.7,80.5,13.1,679.0,0.84,2.23,고급,1,3,0.853,2.62,174,0
7,5,암,삼원교잡(LYD),67.8,26.9,20.7,56.5,15.8,1680.0,0.94,2.67,표준,1,2,0.939,2.85,162,0
12,7,암,삼원교잡(LYD),70.6,28.6,23.1,74.0,14.4,2471.0,1.38,2.45,고급,0,2,0.944,2.59,162,0
8,7,암,이원교잡(LY),75.8,21.3,19.8,35.0,8.1,500.0,1.55,2.28,저가,1,1,0.779,2.93,196,0
16,5,암,이원교잡(LY),71.5,28.0,25.9,57.0,26.5,1735.0,1.28,2.32,고급,0,2,0.75,3.1,188,0
12,5,거세,삼원교잡(LYD),75.8,27.8,19.2,45.9,24.6,732.0,1.41,1.94,표준,1,4,0.776,2.5,188,0
14,5,거세,삼원교잡(LYD),62.6,23.0,21.8,77.4,13.9,1488.0,1.58,1.63,표준,1,2,0.657,2.48,203,0
22,7,거세,삼원교잡(LYD),67.8,19.1,24.7,73.8,19.2,1540.0,1.61,2.14,고급,1,1,0.877,2.44,177,0
8,7,암,삼원교잡(LYD),73.6,21.8,26.2,54.7,27.3,1873.0,1.14,2.24,표준,1,1,0.753,2.98,197,0
36,1,암,이원교잡(LY),71.7,23.2,18.7,67.9,22.4,1605.0,1.08,2.46,표준,1,4,0.837,2.94,181,0
30,5,거세,이원교잡(LY),65.7,29.6,25.0,77.0,13.2,2187.0,1.56,2.25,고급,1,3,0.872,2.58,164,0
31,4,거세,삼원교잡(LYD),74.7,24.6,18.1,78.6,14.5,2083.0,1.41,2.16,고급,1,3,0.891,2.42,176,0
7,7,암,삼원교잡(LYD),67.3,22.0,13.4,60.9,4.7,1402.0,1.45,1.5,표준,1,3,0.635,2.36,214,0
29,5,거세,삼원교잡(LYD),66.1,25.4,19.0,42.9,19.6,2047.0,1.13,2.46,표준,1,2,0.904,2.72,165,0
34,8,암,삼원교잡(LYD),72.4,21.1,25.3,56.0,22.5,1344.0,1.46,2.36,표준,1,0,0.694,3.41,208,0
8,4,거세,삼원교잡(LYD),70.0,26.5,22.0,72.7,22.5,1258.0,1.03,2.54,고급,1,2,1.014,2.51,157,0
31,6,거세,이원교잡(LY),67.4,22.1,19.9,86.0,19.2,898.0,1.36,2.31,표준,1,3,0.854,2.7,176,0
15,1,거세,삼원교잡(LYD),67.2,22.5,22.2,64.5,17.1,2156.0,1.33,2.64,표준,1,1,0.963,2.75,163,0
32,8,거세,삼원교잡(LYD),64.7,26.1,22.1,58.9,9.0,1350.0,1.33,2.13,고급,1,1,0.921,2.32,161,0
20,2,거세,삼원교잡(LYD),68.0,30.3,24.5,89.0,16.9,500.0,1.5,2.29,표준,1,0,0.85,2.69,168,0
33,4,암,삼원교잡(LYD),75.5,31.6,15.6,69.1,11.2,1771.0,1.04,2.37,표준,1,5,0.898,2.64,168,0
6,7,거세,삼원교잡(LYD),71.2,21.9,21.6,52.7,18.2,1283.0,1.47,2.5,표준,1,2,0.928,2.69,172,0
16,8,암,이원교잡(LY),74.8,23.2,22.5,63.8,10.4,1351.0,1.31,2.42,고급,1,1,0.871,2.78,180,0
11,4,거세,삼원교잡(LYD),72.6,26.5,16.5,75.0,18.1,1383.0,1.1,2.44,표준,1,1,0.896,2.73,171,0
10,4,거세,삼원교잡(LYD),66.9,28.5,16.5,64.3,22.9,1332.0,0.97,2.38,고급,1,1,0.938,2.54,159,0
13,1,거세,삼원교잡(LYD),61.8,18.5,20.5,72.9,17.3,2864.0,1.77,2.24,고급,1,4,0.904,2.48,169,0
16,8,거세,삼원교잡(LYD),65.4,25.3,22.0,48.9,17.0,2331.0,1.28,2.57,저가,1,3,0.871,2.95,168,0
6,1,거세,삼원교잡(LYD),66.6,23.5,22.0,50.7,20.5,1850.0,1.21,1.8,저가,1,4,0.719,2.5,194,0
29,1,거세,삼원교잡(LYD),66.3,19.2,19.8,57.7,25.6,1621.0,1.01,2.11,저가,1,3,0.801,2.64,186,0
23,4,암,삼원교잡(LYD),74.9,21.0,19.6,62.2,14.4,2064.0,1.57,2.78,표준,1,1,0.908,3.06,178,1
34,1,암,이원교잡(LY),74.9,23.3,20.4,68.3,18.1,1622.0,1.55,2.1,고급,1,3,0.876,2.39,180,0
29,2,암,삼원교잡(LYD),81.1,25.2,23.2,71.4,24.1,1908.0,1.5,2.28,저가,1,0,0.691,3.3,211,0
6,6,거세,삼원교잡(LYD),66.2,28.0,27.0,89.7,19.0,1779.0,1.28,2.72,표준,1,5,0.845,3.21,169,0
3,6,암,삼원교잡(LYD),78.0,26.1,13.1,57.6,3.0,1564.0,1.49,2.26,저가,1,6,0.758,2.99,195,0
17,3,암,이원교잡(LY),78.0,27.8,24.5,61.9,10.7,1970.0,1.09,2.05,표준,0,3,0.666,3.08,209,0
20,7,거세,삼원교잡(LYD),68.8,25.1,21.6,57.9,19.5,1290.0,1.35,2.66,표준,1,0,0.955,2.78,163,0
10,5,거세,이원교잡(LY),72.4,22.9,24.1,75.8,12.6,1529.0,1.29,2.21,고급,0,3,0.88,2.51,177,0
32,2,암,삼원교잡(LYD),76.2,24.4,26.7,76.3,23.6,1010.0,1.37,2.23,고급,0,3,0.77,2.9,194,1
24,6,암,이원교잡(LY),69.7,27.1,19.0,60.5,26.1,1068.0,0.85,1.71,표준,1,5,0.601,2.84,216,0
30,5,거세,삼원교잡(LYD),69.3,28.1,25.8,85.7,11.5,500.0,1.77,2.26,저가,1,6,0.795,2.84,179,0
5,7,거세,삼원교잡(LYD),66.9,24.6,17.0,57.9,8.8,1728.0,1.7,2.5,표준,0,3,0.906,2.77,167,0
33,2,암,삼원교잡(LYD),60.0,22.2,22.5,75.3,12.8,1866.0,1.01,2.17,고급,1,4,0.949,2.29,158,0
9,2,거세,삼원교잡(LYD),70.4,26.0,21.0,79.5,12.5,2043.0,1.44,1.92,표준,1,1,0.806,2.38,181,0
18,3,암,삼원교잡(LYD),66.5,26.4,22.2,51.4,24.2,949.0,0.93,2.16,고급,1,2,0.86,2.51,169,0
18,3,암,삼원교잡(LYD),64.6,28.7,18.0,70.8,8.8,1720.0,1.32,2.12,저가,1,1,0.775,2.73,176,0
33,8,암,삼원교잡(LYD),72.1,23.0,23.7,37.7,19.5,1500.0,0.75,2.22,고급,1,2,0.78,2.85,190,0
12,6,암,삼원교잡(LYD),62.7,23.0,28.3,73.2,23.3,1869.0,1.23,2.14,고급,1,1,0.766,2.8,183,0
10,5,거세,삼원교잡(LYD),74.0,27.3,18.1,54.0,19.9,1174.0,1.18,2.8,표준,1,4,0.968,2.89,165,0
14,5,암,삼원교잡(LYD),72.4,23.8,22.8,70.7,17.6,1332.0,1.59,2.39,표준,1,4,0.771,3.1,191,0
15,8,암,이원교잡(LY),68.0,23.7,25.4,72.5,14.0,723.0,1.72,1.78,표준,1,8,0.644,2.76,210,0
8,4,암,삼원교잡(LYD),69.7,28.8,20.8,76.2,26.1,1142.0,1.72,2.32,표준,1,1,0.819,2.83,175,1
8,2,거세,삼원교잡(LYD),64.0,20.9,27.4,73.9,13.5,1502.0,1.59,2.29,저가,1,3,0.727,3.15,193,0
10,2,거세,이원교잡(LY),73.8,31.2,20.3,65.6,20.7,1587.0,1.32,2.66,표준,1,6,0.949,2.8,162,0
19,3,거세,삼원교잡(LYD),70.9,23.2,21.5,61.2,14.0,657.0,1.4,2.25,고급,0,2,0.846,2.66,180,0
14,6,거세,삼원교잡(LYD),71.3,27.6,18.0,64.3,3.9,1244.0,1.4,2.24,고급,1,5,0.929,2.42,165,0
16,4,암,삼원교잡(LYD),72.5,24.7,22.5,53.8,13.4,1580.0,1.0,2.86,표준,1,3,1.003,2.85,163,0
29,4,암,삼원교잡(LYD),66.8,25.8,22.0,62.9,14.1,2204.0,1.59,1.98,표준,0,2,0.781,2.53,181,0
10,4,암,삼원교잡(LYD),62.4,24.2,24.5,62.1,14.1,1077.0,1.47,2.54,표준,1,2,0.85,2.99,169,0
37,8,암,삼원교잡(LYD),74.8,27.6,19.5,57.1,11.0,1745.0,1.48,2.32,고급,1,3,0.919,2.52,170,1
31,8,거세,이원교잡(LY),73.4,24.0,19.3,47.6,18.8,1219.0,0.73,2.15,고급,1,5,0.908,2.37,174,0
7,2,거세,삼원교잡(LYD),67.3,23.3,23.8,52.2,19.4,1277.0,1.41,2.11,고급,1,0,0.861,2.44,174,0
13,1,거세,삼원교잡(LYD),72.0,30.4,27.6,35.0,13.2,1061.0,1.55,2.71,표준,1,2,0.841,3.22,173,0
8,2,거세,삼원교잡(LYD),76.3,25.1,24.5,61.9,13.1,978.0,1.3,2.44,표준,0,1,0.854,2.86,182,0
11,7,거세,삼원교잡(LYD),75.7,23.0,29.4,68.6,8.7,1263.0,1.17,2.48,고급,1,1,0.897,2.77,178,0
15,4,거세,이원교잡(LY),67.2,20.5,24.2,38.2,16.5,2024.0,0.96,2.57,표준,1,2,0.867,2.96,176,0
6,7,거세,삼원교잡(LYD),62.6,30.6,24.1,67.4,23.3,1123.0,0.94,2.4,저가,1,0,0.916,2.62,155,0
1,6,암,삼원교잡(LYD),63.4,23.3,24.7,63.8,23.3,1045.0,1.34,1.98,고급,1,4,0.718,2.76,191,0
18,5,거세,삼원교잡(LYD),68.4,31.2,28.0,53.2,11.4,1605.0,1.24,1.83,고급,0,1,0.755,2.42,179,0
29,3,거세,이원교잡(LY),77.3,26.2,27.0,60.7,26.9,1503.0,1.24,2.76,표준,1,2,0.818,3.38,186,1
13,3,거세,삼원교잡(LYD),66.4,25.4,17.7,75.5,12.8,1466.0,1.68,2.36,고급,1,2,0.816,2.89,176,0
35,2,암,삼원교잡(LYD),67.0,25.5,25.2,55.3,8.9,1627.0,0.99,2.32,고급,1,2,0.956,2.43,161,0
15,5,암,삼원교잡(LYD),66.9,31.6,23.1,65.8,6.8,995.0,1.21,2.84,저가,1,6,0.929,3.06,157,0
37,3,거세,삼원교잡(LYD),67.3,18.4,21.2,68.5,8.5,1051.0,1.72,1.98,표준,1,2,0.743,2.67,197,0
10,3,거세,삼원교잡(LYD),69.9,25.6,14.9,56.8,17.0,1993.0,1.22,1.54,표준,1,1,0.646,2.39,208,0
22,1,암,삼원교잡(LYD),63.6,24.2,15.8,75.1,13.5,1427.0,1.32,1.76,저가,1,3,0.722,2.43,189,0
31,7,암,삼원교잡(LYD),75.4,24.4,20.5,69.0,11.2,1798.0,1.26,2.14,고급,0,1,0.873,2.45,179,0
3,8,암,삼원교잡(LYD),69.3,25.4,16.1,62.5,9.9,2112.0,1.48,2.34,저가,1,1,0.671,3.48,203,0
38,4,암,삼원교잡(LYD),82.4,24.2,20.6,88.6,8.5,1923.0,0.79,2.72,저가,1,3,0.905,3.0,183,0
15,5,암,삼원교잡(LYD),64.1,25.6,24.9,75.1,9.7,815.0,1.25,2.55,표준,1,3,0.861,2.97,168,0
20,8,암,삼원교잡(LYD),77.9,24.9,19.7,48.1,21.1,1442.0,1.31,1.53,저가,1,0,0.603,2.54,227,0
26,5,거세,삼원교잡(LYD),77.0,21.1,22.3,61.1,25.8,2020.0,1.05,3.14,저가,1,2,0.998,3.15,171,0
26,5,암,삼원교잡(LYD),67.9,26.1,17.7,89.7,26.2,1761.0,1.39,2.18,표준,0,3,0.649,3.36,205,0
1,4,거세,삼원교잡(LYD),68.0,27.1,23.2,55.2,19.1,1592.0,1.5,2.67,표준,1,0,0.908,2.94,165,1
35,5,암,삼원교잡(LYD),65.4,23.4,24.0,65.7,12.0,680.0,1.41,2.46,표준,1,1,0.809,3.04,179,0
25,5,거세,이원교잡(LY),65.5,30.6,16.3,77.3,11.0,1192.0,1.74,2.3,표준,0,1,0.87,2.65,162,0
40,6,거세,삼원교잡(LYD),70.0,29.0,19.0,71.5,19.5,1535.0,1.19,2.23,표준,1,1,0.832,2.68,173,0
19,5,암,삼원교잡(LYD),70.1,27.5,16.9,73.0,13.5,787.0,1.42,1.97,고급,1,5,0.774,2.54,183,0
25,5,암,삼원교잡(LYD),62.0,27.5,24.0,72.4,17.5,1897.0,1.42,1.91,고급,1,3,0.752,2.54,178,0
18,1,거세,이원교잡(LY),81.5,25.1,22.7,65.3,26.6,1441.0,1.24,2.25,고급,1,2,0.859,2.62,186,0
36,8,암,삼원교잡(LYD),68.7,28.4,21.8,57.1,16.3,510.0,1.58,1.88,표준,0,1,0.768,2.45,181,0
34,8,거세,삼원교잡(LYD),70.3,29.7,21.5,69.3,28.7,1217.0,1.37,2.79,고급,1,3,1.052,2.66,151,0
37,2,거세,삼원교잡(LYD),66.9,27.4,23.3,61.0,8.2,1357.0,1.0,2.33,고급,1,1,1.032,2.26,152,0
21,3,암,삼원교잡(LYD),68.7,23.3,23.4,60.2,17.7,1435.0,1.49,2.93,저가,1,2,0.834,3.51,179,0
32,8,거세,삼원교잡(LYD),68.2,24.9,20.0,79.8,16.9,2210.0,1.18,2.17,표준,1,4,0.872,2.49,172,0
15,3,거세,삼원교잡(LYD),70.0,26.7,19.5,61.2,9.1,1789.0,1.22,2.12,저가,1,3,0.855,2.48,173,0
19,7,암,삼원교잡(LYD),69.9,27.5,21.8,82.1,19.8,817.0,1.24,2.48,고급,1,2,0.88,2.81,169,0
31,7,거세,삼원교잡(LYD),74.0,24.8,21.2,67.6,24.2,755.0,1.48,2.22,표준,1,2,0.785,2.83,189,0
4,7,거세,이원교잡(LY),71.1,23.3,30.2,63.4,28.2,1367.0,1.57,2.59,표준,1,1,0.71,3.65,200,0
29,1,거세,삼원교잡(LYD),73.5,29.8,20.5,46.8,17.5,1563.0,1.26,2.73,저가,1,2,0.869,3.14,172,0
1,4,암,이원교잡(LY),70.0,21.8,23.2,86.2,3.6,1996.0,1.25,2.63,표준,1,3,0.982,2.68,165,0
24,5,거세,이원교잡(LY),71.2,22.2,23.9,64.9,17.9,2365.0,0.79,2.71,저가,1,4,0.959,2.83,168,0
20,7,거세,이원교잡(LY),68.8,21.0,27.6,42.3,19.5,2392.0,1.12,2.55,고급,0,4,0.871,2.92,177,0
19,2,암,삼원교잡(LYD),75.0,22.2,18.8,74.9,13.6,1279.0,1.06,2.14,표준,1,4,0.799,2.67,191,0
20,3,거세,삼원교잡(LYD),71.6,28.7,27.4,64.5,16.3,1967.0,1.38,2.64,저가,1,4,0.792,3.33,180,0
20,2,거세,삼원교잡(LYD),69.2,28.8,21.4,55.7,12.1,1713.0,1.27,2.51,표준,1,2,1.048,2.39,151,0
17,7,암,삼원교잡(LYD),69.1,24.8,32.0,74.3,14.2,955.0,1.07,2.11,고급,1,4,0.676,3.13,202,0
19,8,암,삼원교잡(LYD),69.5,26.5,23.5,39.5,21.1,556.0,1.34,2.15,고급,1,4,0.794,2.71,181,0
23,2,거세,삼원교잡(LYD),70.2,25.0,17.1,57.9,23.3,1572.0,1.28,2.27,표준,1,3,0.827,2.75,179,0
31,2,암,삼원교잡(LYD),69.7,21.4,21.2,62.0,7.4,752.0,0.7,2.63,고급,1,1,0.977,2.7,166,0
23,3,암,삼원교잡(LYD),67.2,31.7,27.3,73.5,11.9,1074.0,1.58,2.34,표준,1,1,0.761,3.07,177,0
26,8,거세,삼원교잡(LYD),73.8,29.1,22.3,87.4,5.5,1158.0,1.55,2.3,고급,1,3,1.036,2.22,157,0
34,4,암,삼원교잡(LYD),74.1,26.1,21.8,62.6,26.0,1609.0,1.24,2.25,고급,1,3,0.84,2.68,180,0
40,3,암,삼원교잡(LYD),78.9,22.4,24.9,69.6,20.2,2140.0,1.39,2.19,표준,1,3,0.772,2.84,199,0
5,3,암,삼원교잡(LYD),67.0,24.3,20.6,92.5,3.0,1506.0,1.22,1.95,고급,1,3,0.789,2.47,182,0
29,5,암,삼원교잡(LYD),73.3,22.9,21.2,65.0,14.6,1231.0,0.9,2.54,표준,1,1,0.871,2.91,179,0
10,4,암,삼원교잡(LYD),60.5,25.3,18.2,69.7,13.3,500.0,1.84,1.99,고급,0,1,0.774,2.58,176,0
8,2,암,삼원교잡(LYD),74.1,25.9,28.9,52.6,10.5,1729.0,1.49,2.32,표준,1,3,0.655,3.54,210,0
32,7,암,삼원교잡(LYD),62.7,24.0,17.1,84.6,21.2,1514.0,1.54,2.18,표준,1,2,0.76,2.86,182,0
3,4,암,삼원교잡(LYD),65.1,20.6,22.7,57.9,21.1,1225.0,1.23,2.53,표준,1,4,0.845,2.99,177,0
34,3,암,삼원교잡(LYD),71.7,31.4,23.9,67.7,16.6,2083.0,1.58,2.2,표준,1,2,0.774,2.84,180,0
31,6,암,이원교잡(LY),66.9,25.7,21.9,67.4,11.2,905.0,0.96,2.0,표준,1,0,0.796,2.51,179,0
40,6,암,이원교잡(LY),66.2,26.4,17.0,65.9,11.2,1158.0,1.24,2.6,고급,0,4,0.927,2.8,162,0
27,2,거세,삼원교잡(LYD),67.6,23.7,18.0,60.7,15.3,1377.0,1.48,2.05,표준,1,1,0.707,2.9,197,0
35,1,거세,삼원교잡(LYD),73.6,20.3,24.1,67.4,12.3,1219.0,1.14,2.35,표준,1,0,0.848,2.77,185,0
5,1,암,삼원교잡(LYD),65.3,24.8,18.9,82.6,15.0,1775.0,1.53,2.68,고급,1,1,0.974,2.75,158,0
36,7,거세,삼원교잡(LYD),69.7,24.0,13.7,87.8,18.3,1732.0,1.38,2.08,표준,1,5,0.728,2.86,195,0
7,6,암,삼원교잡(LYD),68.1,27.1,23.5,63.2,5.8,2025.0,1.35,2.27,표준,1,1,0.8,2.84,178,0
13,7,암,이원교잡(LY),74.1,27.7,18.5,60.5,10.5,1751.0,1.12,2.17,고급,1,3,0.86,2.52,176,0
6,6,암,이원교잡(LY),74.2,27.3,24.5,56.9,14.8,1442.0,1.4,2.34,고급,1,2,0.845,2.77,178,0
17,4,거세,삼원교잡(LYD),60.8,28.0,21.2,91.9,24.4,1330.0,1.78,2.28,고급,1,2,0.918,2.48,156,0
30,5,암,삼원교잡(LYD),75.2,30.4,21.0,66.3,20.1,1728.0,1.34,2.58,고급,1,1,0.941,2.74,165,0
11,6,거세,이원교잡(LY),66.9,26.2,22.2,76.2,15.0,1405.0,1.44,2.11,표준,0,0,0.802,2.64,178,0
33,4,암,삼원교잡(LYD),71.2,28.3,17.4,72.0,17.4,1524.0,1.48,2.68,고급,1,2,0.87,3.08,171,0
25,8,거세,삼원교잡(LYD),65.3,26.5,18.7,87.1,14.4,1755.0,1.01,2.78,표준,1,2,1.125,2.47,144,0
26,8,암,삼원교잡(LYD),71.9,19.3,21.0,62.5,21.5,1569.0,1.27,2.38,고급,1,3,0.888,2.68,180,0
38,7,암,삼원교잡(LYD),82.8,24.5,17.4,53.9,17.6,1654.0,1.26,2.06,저가,0,2,0.719,2.87,209,1
18,8,암,이원교잡(LY),70.6,22.4,24.9,83.6,22.7,1105.0,0.77,2.29,표준,0,2,0.666,3.43,210,1
14,4,암,이원교잡(LY),67.7,25.7,20.8,74.0,6.9,2175.0,1.5,2.26,표준,1,1,0.832,2.72,175,0
40,1,거세,삼원교잡(LYD),68.8,22.6,16.2,69.6,10.2,947.0,1.07,2.83,표준,1,4,0.997,2.84,162,0
23,4,거세,삼원교잡(LYD),62.7,26.8,19.8,80.4,16.6,1720.0,1.47,2.27,고급,1,2,0.906,2.5,160,0
25,6,거세,삼원교잡(LYD),77.2,27.9,22.4,70.1,18.0,1257.0,1.11,2.71,표준,1,3,1.013,2.68,163,0
12,7,암,삼원교잡(LYD),71.6,28.6,20.2,80.7,29.4,2041.0,1.81,2.33,표준,1,0,0.743,3.14,188,0
9,4,암,이원교잡(LY),64.8,29.9,23.6,67.5,4.2,1942.0,1.23,2.31,표준,1,2,0.844,2.74,166,0
7,3,거세,삼원교잡(LYD),64.9,20.0,24.3,74.0,14.8,1499.0,1.78,2.19,저가,0,3,0.742,2.96,193,0
9,4,거세,삼원교잡(LYD),70.1,21.4,31.6,70.3,14.5,2277.0,1.26,2.22,고급,1,2,0.775,2.87,191,0
8,7,거세,삼원교잡(LYD),74.7,33.8,26.6,61.7,16.4,1406.0,1.29,2.57,고급,1,4,0.882,2.91,167,0
30,1,암,삼원교잡(LYD),64.2,28.0,15.5,62.9,25.4,1941.0,1.69,2.08,표준,1,1,0.731,2.85,183,0
3,3,거세,이원교잡(LY),75.6,25.7,20.6,61.1,20.3,1137.0,1.07,2.59,고급,1,4,0.982,2.64,167,0
26,2,거세,삼원교잡(LYD),69.5,25.1,20.9,67.7,5.4,1702.0,1.31,2.73,표준,1,5,1.022,2.67,157,0
38,7,거세,삼원교잡(LYD),65.3,24.8,24.3,60.4,24.2,1034.0,1.43,2.12,표준,1,4,0.836,2.54,173,0
31,4,거세,이원교잡(LY),67.7,19.2,18.3,69.4,24.0,1510.0,1.4,2.66,저가,1,1,0.982,2.71,165,0
17,1,거세,삼원교잡(LYD),78.7,22.7,19.9,69.0,16.6,1474.0,1.31,2.61,고급,1,5,1.028,2.54,169,0
3,3,거세,삼원교잡(LYD),63.1,24.7,17.0,67.1,5.3,1939.0,1.28,2.56,고급,1,3,0.958,2.67,157,0
34,1,암,삼원교잡(LYD),66.3,22.9,19.6,67.2,14.1,1165.0,1.51,2.11,표준,1,3,0.765,2.76,187,0
1,4,암,삼원교잡(LYD),74.8,23.2,19.7,59.3,17.8,3037.0,1.34,2.26,표준,0,4,0.854,2.65,182,1
28,8,거세,삼원교잡(LYD),71.1,32.7,20.7,62.2,21.0,809.0,1.54,2.26,저가,1,4,0.789,2.87,175,0
27,5,암,삼원교잡(LYD),66.0,24.2,17.3,48.3,4.4,1616.0,1.4,2.93,표준,1,1,1.02,2.87,155,0
8,7,거세,삼원교잡(LYD),74.8,25.8,25.9,63.8,10.4,1644.0,1.46,2.3,표준,1,0,0.872,2.64,177,0
30,6,암,삼원교잡(LYD),75.1,25.7,23.9,55.1,21.6,1769.0,1.58,2.25,고급,1,2,0.785,2.86,189,0
8,8,암,삼원교잡(LYD),71.7,26.8,16.2,66.0,24.0,1242.0,1.22,1.96,표준,0,2,0.753,2.6,189,1
10,3,거세,삼원교잡(LYD),66.9,23.6,22.1,57.9,17.6,1621.0,1.58,2.01,표준,1,5,0.827,2.43,177,0
33,8,암,삼원교잡(LYD),67.7,28.7,15.7,44.5,21.9,1218.0,1.26,2.09,표준,0,3,0.711,2.95,189,0
40,2,암,삼원교잡(LYD),71.4,26.3,27.4,87.5,17.7,2437.0,0.95,2.41,고급,1,1,0.827,2.91,179,0
11,4,암,삼원교잡(LYD),63.4,21.1,28.5,62.7,20.8,1182.0,1.22,1.87,표준,1,3,0.564,3.32,230,0
37,6,거세,삼원교잡(LYD),76.6,24.7,21.8,79.5,15.9,1426.0,1.12,2.1,저가,0,6,0.759,2.77,196,0
37,3,거세,삼원교잡(LYD),78.5,24.5,18.6,59.7,17.9,1168.0,1.39,1.74,고급,1,2,0.76,2.29,198,1
31,3,거세,삼원교잡(LYD),68.8,24.3,19.3,82.0,7.7,1100.0,1.23,2.72,고급,1,6,1.16,2.34,147,0
6,2,암,삼원교잡(LYD),71.8,26.5,20.2,53.5,19.3,799.0,1.33,2.33,표준,1,0,0.859,2.72,175,0
12,1,암,삼원교잡(LYD),75.9,26.9,21.6,66.8,7.5,1836.0,1.55,2.39,표준,0,3,0.815,2.94,184,0
28,5,거세,삼원교잡(LYD),79.8,26.5,27.5,54.1,19.3,1164.0,1.67,1.97,고급,1,2,0.827,2.39,187,0
40,8,암,삼원교잡(LYD),77.8,26.0,25.8,91.0,12.4,1101.0,1.37,2.65,고급,0,3,0.949,2.79,172,0
33,2,거세,삼원교잡(LYD),61.3,25.3,25.9,62.5,17.2,1018.0,1.57,2.75,표준,1,0,0.881,3.12,163,0
17,4,거세,이원교잡(LY),68.4,18.5,22.7,73.3,9.3,1652.0,1.26,2.32,표준,1,2,0.938,2.47,171,0
10,8,암,삼원교잡(LYD),72.5,27.3,17.4,69.5,12.0,1511.0,0.91,2.16,표준,1,5,0.785,2.75,184,0
39,7,암,삼원교잡(LYD),67.5,26.5,18.9,64.7,17.2,1513.0,1.01,2.47,고급,1,0,0.965,2.56,159,0
12,1,암,삼원교잡(LYD),78.9,22.0,22.2,70.2,19.5,1119.0,1.25,2.52,표준,1,0,0.888,2.84,184,0
14,5,암,삼원교잡(LYD),78.1,25.8,17.2,78.6,21.6,1718.0,1.5,2.56,고급,1,1,0.875,2.93,180,0
39,2,암,삼원교잡(LYD),65.9,26.9,23.2,71.7,8.1,1169.0,1.25,2.5,표준,1,4,0.842,2.97,170,0
23,2,암,삼원교잡(LYD),69.2,28.5,25.2,66.6,6.0,1535.0,1.6,2.59,표준,1,1,0.864,3.0,169,0
11,2,거세,삼원교잡(LYD),66.3,26.5,24.2,70.2,9.1,1430.0,1.76,2.09,표준,1,4,0.835,2.51,172,0
1,5,암,이원교잡(LY),69.0,26.0,24.0,84.2,8.6,656.0,1.08,2.57,고급,0,9,0.993,2.59,159,0
18,2,암,삼원교잡(LYD),68.9,27.8,14.5,60.8,24.4,2514.0,1.83,2.16,고급,1,4,0.786,2.75,180,0
40,3,거세,삼원교잡(LYD),74.8,24.1,27.3,46.5,23.0,1787.0,0.89,1.55,표준,0,1,0.644,2.4,216,0
18,2,거세,삼원교잡(LYD),65.6,26.2,15.7,54.0,9.0,1590.0,1.76,2.16,저가,1,4,0.753,2.87,184,0
28,3,거세,삼원교잡(LYD),60.0,23.1,21.4,54.8,25.3,1669.0,1.29,2.13,저가,1,3,0.69,3.09,193,0
11,6,거세,삼원교잡(LYD),62.0,28.3,24.5,56.2,22.7,2526.0,1.24,2.37,저가,1,1,0.726,3.27,181,0
32,4,암,삼원교잡(LYD),64.9,20.2,23.4,56.5,5.2,2068.0,1.3,2.55,표준,1,4,0.897,2.84,171,0
32,3,거세,삼원교잡(LYD),66.7,27.5,16.9,64.8,8.8,1674.0,1.1,2.36,저가,1,2,0.836,2.82,171,0
25,5,암,삼원교잡(LYD),70.9,25.1,17.6,67.5,5.0,1146.0,1.68,2.9,표준,1,1,0.962,3.02,164,0
31,5,거세,삼원교잡(LYD),64.6,27.9,23.1,67.4,14.5,1225.0,1.13,2.14,저가,1,1,0.835,2.57,169,0
24,1,거세,삼원교잡(LYD),63.9,22.7,24.0,57.7,15.1,598.0,1.16,1.7,표준,0,1,0.744,2.29,188,0
16,8,거세,삼원교잡(LYD),65.4,25.3,17.6,74.9,15.1,1316.0,0.96,2.38,표준,1,3,0.815,2.93,175,0
30,8,거세,삼원교잡(LYD),64.4,25.2,23.6,70.3,2.8,1831.0,1.12,2.14,고급,0,2,1.037,2.06,151,0
34,5,암,삼원교잡(LYD),67.2,26.3,15.9,80.8,6.4,1817.0,1.12,1.97,표준,0,3,0.771,2.56,182,0
34,5,거세,삼원교잡(LYD),67.0,21.9,24.5,73.5,16.6,1808.0,1.11,2.21,표준,0,0,0.83,2.66,179,0
9,6,거세,이원교잡(LY),73.4,26.9,18.5,61.5,18.7,1242.0,1.26,2.06,표준,1,2,0.808,2.55,182,0
28,4,거세,삼원교잡(LYD),65.1,19.5,22.3,78.1,2.9,1776.0,1.02,2.09,표준,1,2,0.9,2.33,171,0
1,3,거세,이원교잡(LY),68.2,23.0,21.7,67.7,7.3,1912.0,1.7,2.76,저가,1,6,1.003,2.75,160,0
23,3,암,삼원교잡(LYD),67.3,20.3,26.6,73.0,21.1,500.0,1.26,2.34,저가,1,2,0.653,3.58,212,0
23,2,암,삼원교잡(LYD),74.0,27.5,23.0,72.2,7.7,1652.0,1.39,2.22,표준,0,5,0.822,2.7,181,0
15,7,거세,삼원교잡(LYD),69.2,26.2,19.6,63.8,14.9,2541.0,1.52,2.78,표준,1,2,1.041,2.67,155,0
40,3,암,삼원교잡(LYD),75.3,26.4,23.4,66.0,7.1,1354.0,1.81,2.21,표준,0,0,0.789,2.8,188,0
36,3,거세,삼원교잡(LYD),64.2,29.4,30.6,63.7,20.0,500.0,1.53,1.93,표준,1,1,0.654,2.95,195,0
2,8,암,삼원교잡(LYD),69.8,24.1,25.0,56.5,2.9,1094.0,1.24,1.9,저가,1,1,0.644,2.95,211,0
9,5,암,삼원교잡(LYD),67.1,26.8,21.8,43.6,13.2,593.0,1.03,2.28,고급,1,1,0.947,2.4,160,0
9,5,거세,삼원교잡(LYD),63.9,25.2,18.7,58.1,20.6,1183.0,1.38,1.81,저가,1,2,0.71,2.55,190,0
36,2,암,삼원교잡(LYD),69.7,24.7,19.5,67.0,18.7,888.0,1.57,1.95,고급,1,3,0.776,2.51,186,0
21,3,암,삼원교잡(LYD),78.7,28.9,24.7,75.9,12.2,1965.0,1.34,2.19,저가,1,4,0.754,2.9,193,0
30,6,거세,이원교잡(LY),65.7,31.2,18.5,73.0,10.8,1889.0,1.32,2.64,표준,1,6,0.924,2.86,156,0
33,4,암,삼원교잡(LYD),69.4,23.7,22.0,62.2,13.6,1671.0,1.35,2.69,표준,1,4,1.0,2.69,161,0
31,2,암,삼원교잡(LYD),63.4,27.5,27.8,58.2,7.3,2113.0,0.83,2.5,고급,1,3,1.01,2.47,150,0
4,7,거세,삼원교잡(LYD),62.7,26.0,22.6,63.2,14.4,1217.0,1.34,2.3,고급,1,2,0.925,2.48,159,0
6,4,암,삼원교잡(LYD),66.1,26.0,17.7,55.2,14.5,1537.0,1.48,2.13,고급,1,1,0.876,2.43,168,0
16,6,암,삼원교잡(LYD),67.8,25.7,30.7,43.8,12.5,2597.0,1.29,2.42,표준,1,2,0.714,3.39,193,0
14,3,암,삼원교잡(LYD),68.0,24.0,29.0,49.5,21.0,1793.0,1.58,2.83,표준,1,0,0.743,3.81,190,1
30,5,암,삼원교잡(LYD),68.9,18.0,24.0,78.7,8.6,1791.0,1.59,2.34,고급,1,2,0.936,2.5,172,0
7,7,암,삼원교잡(LYD),61.8,29.6,27.1,83.6,4.8,1116.0,1.17,2.16,표준,1,1,0.754,2.87,175,0
15,8,암,삼원교잡(LYD),66.9,22.9,20.9,72.5,11.8,1292.0,1.41,2.25,표준,1,3,0.855,2.64,175,0
10,2,암,삼원교잡(LYD),72.5,24.3,24.9,64.4,15.7,999.0,1.31,2.22,표준,1,5,0.843,2.63,180,0
8,6,거세,삼원교잡(LYD),63.2,24.3,20.3,51.1,14.4,2340.0,0.79,2.46,표준,0,2,0.955,2.58,158,0
7,8,거세,삼원교잡(LYD),68.2,22.6,16.6,63.4,14.1,721.0,1.25,2.07,표준,1,4,0.831,2.49,179,0
8,6,암,삼원교잡(LYD),71.5,25.7,32.4,71.1,8.2,1957.0,1.04,2.42,표준,1,4,0.682,3.55,202,0
23,2,암,삼원교잡(LYD),66.1,24.9,16.4,73.3,9.1,1791.0,1.33,2.47,고급,1,3,0.887,2.78,168,0
17,2,거세,삼원교잡(LYD),71.7,22.9,23.2,71.9,12.1,698.0,1.47,2.4,표준,1,2,0.899,2.67,174,0
18,2,암,삼원교잡(LYD),62.4,25.4,23.1,77.1,11.6,2071.0,1.25,1.97,표준,1,1,0.749,2.64,182,0
20,1,암,이원교잡(LY),74.4,24.9,24.1,84.4,21.6,1371.0,1.07,2.26,저가,1,1,0.755,2.99,194,0
30,7,암,삼원교잡(LYD),71.8,27.8,21.6,60.9,16.6,840.0,1.36,2.14,고급,1,3,0.81,2.64,179,0
35,8,거세,삼원교잡(LYD),70.3,21.0,21.7,93.1,11.8,1682.0,1.91,2.28,표준,1,5,0.844,2.7,182,0
22,5,암,삼원교잡(LYD),75.6,22.6,22.6,44.8,21.6,1089.0,0.76,2.1,표준,1,1,0.781,2.69,194,0
26,5,거세,삼원교잡(LYD),68.4,27.2,23.9,57.2,17.7,1398.0,1.36,2.67,표준,1,3,0.938,2.85,162,0
30,7,거세,삼원교잡(LYD),66.9,23.1,22.0,67.0,6.9,1247.0,1.16,2.36,고급,1,0,1.014,2.32,158,0
28,4,암,삼원교잡(LYD),76.9,22.3,21.7,70.5,2.0,1060.0,1.19,1.81,표준,1,5,0.781,2.32,196,0
6,4,암,삼원교잡(LYD),79.2,23.2,16.7,63.2,7.0,906.0,1.27,1.9,고급,1,6,0.782,2.43,197,0
40,5,거세,삼원교잡(LYD),66.5,24.7,30.1,60.0,18.6,1898.0,1.21,2.66,표준,1,2,0.848,3.14,173,0
7,3,암,삼원교잡(LYD),69.4,24.7,24.1,87.0,20.3,1662.0,1.45,2.25,저가,1,1,0.758,2.96,189,0
17,1,암,삼원교잡(LYD),75.2,24.4,22.8,59.6,5.0,1630.0,1.24,2.18,저가,1,1,0.805,2.71,188,0
27,5,거세,이원교잡(LY),69.6,21.9,19.5,54.8,19.0,1318.0,0.76,2.64,표준,1,1,0.948,2.78,168,0
17,7,거세,삼원교잡(LYD),73.0,27.3,18.0,81.9,18.7,1526.0,1.62,2.25,고급,1,4,0.818,2.75,180,0
10,1,암,삼원교잡(LYD),73.9,29.0,25.4,73.5,23.4,1132.0,1.58,1.94,표준,1,4,0.718,2.7,194,0
37,2,암,삼원교잡(LYD),67.2,19.3,21.4,75.9,20.7,1123.0,1.15,1.96,고급,1,3,0.8,2.45,187,0
3,3,거세,삼원교잡(LYD),72.1,20.3,24.5,67.0,23.1,2355.0,1.31,2.49,표준,1,4,0.917,2.71,175,0
10,7,암,삼원교잡(LYD),70.0,28.0,16.6,51.2,17.9,1942.0,1.6,2.91,고급,1,1,1.04,2.8,154,0
40,5,암,삼원교잡(LYD),63.9,29.7,28.2,65.8,17.7,1219.0,1.56,2.55,표준,1,4,0.792,3.22,172,0
30,5,암,삼원교잡(LYD),65.1,18.6,25.6,49.9,13.0,752.0,1.64,2.19,고급,1,2,0.839,2.6,180,0
4,6,암,삼원교잡(LYD),66.7,27.4,21.7,67.4,19.9,649.0,1.39,2.23,고급,1,1,0.894,2.5,165,0
31,3,거세,삼원교잡(LYD),74.6,29.9,23.9,71.5,7.0,1183.0,1.49,2.31,표준,1,3,0.883,2.62,171,0
39,6,거세,삼원교잡(LYD),74.8,22.4,25.0,75.8,14.2,1554.0,1.65,1.69,저가,0,3,0.583,2.91,234,0
4,1,거세,삼원교잡(LYD),73.7,29.7,16.7,64.1,18.2,1559.0,1.21,2.31,표준,0,2,0.873,2.64,171,0
17,1,암,이원교잡(LY),72.2,24.5,28.7,72.5,23.4,1574.0,1.41,2.48,고급,1,3,0.717,3.45,198,0
19,7,암,삼원교잡(LYD),72.1,25.9,23.9,56.0,12.1,1667.0,0.76,2.83,표준,0,5,0.925,3.06,168,0
6,6,암,이원교잡(LY),71.4,22.8,19.2,74.7,20.8,981.0,0.91,2.63,표준,1,2,0.866,3.03,178,0
9,2,거세,이원교잡(LY),72.0,28.0,17.6,71.7,13.8,2254.0,1.42,2.88,저가,0,2,0.952,3.02,163,0
7,4,암,삼원교잡(LYD),72.4,27.5,25.9,57.0,20.9,1401.0,1.46,2.8,표준,0,1,0.837,3.35,177,1
8,1,거세,삼원교잡(LYD),63.0,30.2,22.8,70.3,10.2,1647.0,1.2,2.72,고급,1,1,1.035,2.63,145,0
17,6,거세,이원교잡(LY),66.0,29.3,23.9,75.9,19.4,1172.0,1.15,2.31,표준,1,7,0.84,2.75,168,0
19,7,거세,삼원교잡(LYD),64.9,25.0,22.1,65.8,14.4,1656.0,1.21,2.4,고급,1,1,1.066,2.25,149,0
10,3,암,삼원교잡(LYD),75.5,34.0,18.0,56.8,7.9,2538.0,1.35,1.8,표준,1,2,0.7,2.57,191,0
12,3,거세,삼원교잡(LYD),78.3,29.1,24.0,66.8,14.1,1005.0,0.72,2.34,저가,1,3,0.847,2.76,180,0
8,2,암,삼원교잡(LYD),60.0,26.6,21.2,70.5,22.9,942.0,1.42,2.47,저가,1,3,0.808,3.06,169,0
32,4,암,이원교잡(LY),77.8,22.0,21.9,56.7,8.9,1068.0,1.31,2.21,고급,1,5,0.908,2.44,180,0
9,3,암,삼원교잡(LYD),70.4,20.4,31.5,54.9,6.1,1333.0,1.36,1.84,표준,1,4,0.624,2.94,222,0
37,2,거세,이원교잡(LY),75.1,20.7,25.5,70.2,17.4,1239.0,1.27,2.77,표준,1,0,0.978,2.84,172,0
22,4,암,삼원교잡(LYD),72.5,22.2,25.7,73.2,4.9,980.0,0.95,2.42,고급,1,3,0.975,2.48,168,0
33,7,암,삼원교잡(LYD),77.2,29.1,32.9,86.5,24.4,1475.0,1.03,2.82,저가,1,5,0.686,4.11,202,0
26,7,거세,삼원교잡(LYD),71.0,26.5,23.5,71.7,24.2,2281.0,1.68,2.52,저가,1,1,0.832,3.03,178,0
11,3,암,이원교잡(LY),63.2,23.2,22.5,52.9,21.2,1425.0,1.14,2.71,고급,1,0,0.973,2.79,158,0
25,8,암,이원교잡(LY),69.5,24.6,19.3,85.4,14.9,1452.0,1.5,2.65,표준,1,3,0.855,3.1,175,0
11,2,거세,이원교잡(LY),72.6,24.2,20.2,75.5,25.0,1671.0,1.03,2.1,고급,1,0,0.886,2.37,175,0
5,8,암,삼원교잡(LYD),68.9,27.4,13.8,44.9,23.1,1824.0,1.3,2.15,표준,1,2,0.659,3.26,202,0
11,3,거세,삼원교잡(LYD),73.3,22.4,25.2,54.7,11.8,2187.0,1.19,2.17,저가,1,1,0.798,2.72,189,0
12,5,거세,삼원교잡(LYD),69.7,26.0,16.9,60.1,23.6,1620.0,1.23,2.01,표준,1,2,0.69,2.91,199,0
6,2,암,이원교잡(LY),67.0,25.9,25.6,73.4,9.5,1499.0,1.21,2.83,표준,1,6,0.878,3.22,168,0
1,7,거세,삼원교잡(LYD),64.6,22.5,21.8,41.2,13.8,1004.0,1.66,2.31,표준,1,4,0.923,2.51,165,0
38,3,거세,삼원교잡(LYD),68.0,29.8,22.5,63.8,4.2,1870.0,1.78,2.44,표준,1,2,0.959,2.54,157,0
21,7,거세,삼원교잡(LYD),71.0,24.1,21.8,72.8,15.9,1078.0,1.36,1.9,저가,1,4,0.754,2.52,192,0
17,1,거세,삼원교잡(LYD),60.2,22.0,27.5,36.7,13.2,1062.0,1.2,2.55,고급,1,2,0.908,2.8,163,0
38,5,거세,삼원교잡(LYD),66.1,27.6,26.8,72.5,12.3,1597.0,0.97,2.18,고급,1,3,0.839,2.6,170,0
9,2,암,삼원교잡(LYD),60.0,25.2,21.9,73.7,14.0,2271.0,0.95,2.68,표준,1,1,0.921,2.91,158,0
17,8,거세,삼원교잡(LYD),66.9,26.2,18.4,56.5,11.5,1863.0,1.66,2.09,표준,0,2,0.836,2.5,173,0
34,4,거세,삼원교잡(LYD),76.0,21.4,25.7,53.5,15.3,1481.0,0.93,2.7,고급,1,2,0.989,2.73,171,0
26,6,암,삼원교잡(LYD),64.1,27.4,18.1,56.4,22.7,1009.0,1.19,2.58,표준,0,2,0.75,3.44,181,0
16,8,암,삼원교잡(LYD),73.5,31.5,15.8,38.3,8.6,2261.0,1.34,2.16,표준,1,1,0.746,2.89,185,0
11,5,거세,삼원교잡(LYD),84.2,21.2,24.0,61.7,20.2,1472.0,0.7,2.73,저가,1,4,0.885,3.08,190,0
2,1,거세,삼원교잡(LYD),77.3,26.1,26.9,67.2,16.3,1355.0,0.99,2.64,고급,1,2,0.948,2.79,171,0
4,2,거세,삼원교잡(LYD),70.7,22.6,20.4,52.8,17.2,1778.0,0.97,2.45,저가,1,2,0.869,2.82,177,0
7,2,거세,삼원교잡(LYD),74.3,33.1,23.6,74.7,14.8,1276.0,1.13,2.0,저가,1,2,0.722,2.77,188,0
32,8,거세,삼원교잡(LYD),63.2,28.7,20.3,66.0,10.7,1123.0,1.36,2.54,표준,1,5,0.981,2.59,151,0
26,8,암,이원교잡(LY),62.1,25.8,24.9,67.6,17.7,1171.0,1.56,2.32,고급,1,1,0.75,3.09,181,0
18,4,암,삼원교잡(LYD),70.1,21.3,26.4,61.0,18.1,1170.0,1.13,2.31,저가,1,2,0.68,3.4,208,0
32,8,거세,삼원교잡(LYD),72.0,22.0,20.9,72.4,10.2,936.0,1.18,2.32,표준,1,3,0.955,2.43,169,0
7,2,암,삼원교잡(LYD),75.5,27.2,17.9,77.9,7.0,881.0,1.27,2.29,표준,1,1,0.869,2.64,177,0
9,6,거세,삼원교잡(LYD),67.2,20.9,16.2,60.9,15.5,1986.0,1.1,2.04,고급,0,3,0.845,2.41,178,0
16,4,거세,이원교잡(LY),71.0,21.0,25.7,72.6,19.5,1834.0,1.4,1.85,표준,1,4,0.748,2.47,197,0
37,2,거세,이원교잡(LY),70.8,25.0,17.5,72.7,21.0,1089.0,1.41,1.78,표준,1,4,0.74,2.41,192,0
25,3,거세,삼원교잡(LYD),69.3,25.4,23.5,69.2,22.2,1944.0,0.7,2.39,표준,1,2,0.897,2.66,169,0
35,4,암,이원교잡(LY),69.6,26.1,25.1,81.8,17.2,1655.0,1.46,1.57,저가,1,2,0.581,2.71,223,0
10,3,거세,삼원교잡(LYD),65.7,23.7,20.0,57.7,13.4,1338.0,1.33,2.52,표준,0,0,0.937,2.69,163,0
34,2,암,삼원교잡(LYD),71.4,27.8,21.3,60.8,15.0,887.0,1.36,2.45,고급,1,4,0.98,2.5,160,0
3,3,거세,삼원교잡(LYD),71.0,22.4,26.0,57.2,7.5,1671.0,1.59,2.21,표준,1,3,0.812,2.72,185,0
10,2,암,삼원교잡(LYD),67.8,26.9,18.8,72.3,10.9,2433.0,0.85,2.61,고급,1,1,0.977,2.67,158,0
21,8,암,삼원교잡(LYD),73.3,25.6,18.4,62.3,14.7,1507.0,0.99,2.22,고급,0,2,0.866,2.57,177,0
3,4,거세,삼원교잡(LYD),75.1,26.8,21.1,58.0,13.4,1999.0,1.28,2.43,표준,1,1,0.93,2.61,170,0
35,1,거세,삼원교잡(LYD),73.4,28.5,27.1,81.6,15.6,1394.0,0.72,1.71,고급,1,3,0.84,2.04,176,0
35,5,암,삼원교잡(LYD),64.8,23.6,28.4,83.1,6.8,1961.0,1.25,1.63,고급,1,4,0.693,2.35,197,0
22,8,암,삼원교잡(LYD),70.5,23.0,21.6,61.7,8.1,1425.0,1.51,2.23,고급,1,4,0.87,2.56,176,0
13,3,거세,삼원교잡(LYD),65.4,19.9,19.2,51.3,19.7,500.0,1.4,2.43,고급,0,5,0.868,2.8,175,0
4,7,암,삼원교잡(LYD),70.5,18.9,26.3,83.6,10.0,1139.0,1.32,2.59,저가,1,1,0.858,3.01,182,0
25,5,거세,삼원교잡(LYD),65.5,24.5,15.3,69.7,10.9,1566.0,1.24,2.25,표준,1,1,0.852,2.64,172,0
22,6,거세,삼원교잡(LYD),76.4,24.7,23.0,69.2,15.6,2041.0,1.19,2.37,저가,1,1,0.865,2.75,181,0
31,3,암,삼원교잡(LYD),73.9,21.7,21.8,66.1,9.4,1423.0,1.18,2.54,저가,1,3,0.869,2.92,181,0
25,1,거세,삼원교잡(LYD),75.8,22.4,27.2,57.0,21.6,1515.0,1.36,2.26,저가,0,4,0.731,3.09,202,0
6,3,거세,삼원교잡(LYD),75.3,29.6,27.6,60.9,7.5,1206.0,0.91,2.48,고급,1,1,0.926,2.67,168,0
5,8,거세,삼원교잡(LYD),68.6,27.6,18.2,71.8,15.0,2280.0,1.67,1.96,표준,1,1,0.789,2.48,179,0
32,7,거세,이원교잡(LY),67.9,21.2,22.7,60.5,10.5,2250.0,1.12,1.8,표준,1,1,0.784,2.3,188,0
7,7,거세,삼원교잡(LYD),78.7,23.7,19.7,69.3,15.9,1162.0,1.44,2.14,표준,1,1,0.952,2.25,175,0
38,8,거세,삼원교잡(LYD),69.2,26.2,20.8,65.1,12.0,742.0,1.32,2.53,고급,1,2,0.985,2.57,159,0
5,3,암,삼원교잡(LYD),63.2,23.1,24.5,54.4,14.9,596.0,1.01,2.09,고급,1,3,0.846,2.47,172,0
30,3,암,삼원교잡(LYD),75.0,22.6,20.7,81.2,22.3,1802.0,1.62,2.5,표준,1,1,0.943,2.65,173,0
40,8,거세,삼원교잡(LYD),70.7,24.0,22.8,70.9,10.9,1568.0,1.57,1.99,표준,1,3,0.865,2.3,176,0
18,5,거세,삼원교잡(LYD),77.5,28.3,25.8,68.3,10.8,1109.0,0.91,2.13,표준,1,4,0.828,2.57,182,0
3,3,암,삼원교잡(LYD),71.2,28.5,28.1,70.6,13.1,1636.0,1.28,2.37,고급,1,3,0.822,2.89,176,0
36,3,거세,이원교잡(LY),69.9,22.8,23.2,47.1,23.8,885.0,1.35,2.1,표준,1,3,0.765,2.75,190,0
8,8,거세,삼원교잡(LYD),77.6,26.4,22.5,60.1,14.5,1897.0,0.78,2.15,표준,1,3,0.954,2.25,171,0
22,1,암,삼원교잡(LYD),62.3,25.0,17.6,49.7,22.4,1309.0,0.77,1.52,표준,1,4,0.629,2.41,205,0
40,1,거세,이원교잡(LY),67.1,22.0,28.3,66.2,13.9,959.0,1.09,2.55,저가,1,5,0.803,3.18,183,0
30,6,암,삼원교잡(LYD),65.6,24.1,24.0,68.3,22.1,1316.0,0.97,2.26,표준,1,6,0.749,3.02,187,0
2,1,암,이원교잡(LY),60.0,21.2,22.5,66.4,17.4,1299.0,1.04,2.02,표준,1,3,0.759,2.66,184,0
33,2,암,삼원교잡(LYD),74.4,28.5,22.3,76.8,18.3,1683.0,0.97,2.85,표준,1,2,0.961,2.97,164,0
7,8,거세,삼원교잡(LYD),67.2,29.7,23.4,50.0,6.4,2083.0,1.27,2.06,고급,1,3,0.962,2.15,156,0
30,4,거세,이원교잡(LY),74.5,23.8,25.1,57.0,5.5,2057.0,1.08,2.15,표준,1,3,0.87,2.47,179,0
25,6,거세,삼원교잡(LYD),71.9,23.1,25.6,69.1,21.4,1580.0,1.58,2.01,저가,0,0,0.706,2.85,202,0
12,4,암,이원교잡(LY),73.0,28.2,28.4,67.6,21.3,1406.0,1.35,2.63,표준,1,3,0.678,3.88,201,0
17,1,암,삼원교잡(LYD),67.7,28.6,23.0,51.8,29.5,1216.0,1.5,2.73,표준,1,3,0.905,3.02,163,0
5,2,암,이원교잡(LY),66.2,21.7,29.0,77.0,6.1,616.0,0.88,2.7,고급,1,2,0.865,3.12,174,0
40,7,거세,삼원교잡(LYD),70.4,24.6,26.2,80.4,17.9,1490.0,1.14,2.7,표준,0,0,0.918,2.94,169,0
10,1,암,삼원교잡(LYD),74.6,24.8,21.8,69.3,8.9,1074.0,1.33,2.12,고급,1,2,0.758,2.8,194,0
13,5,암,삼원교잡(LYD),69.7,22.7,15.3,49.9,10.6,2109.0,1.41,2.8,표준,1,2,0.925,3.03,170,0
21,3,암,이원교잡(LY),66.5,26.2,22.3,66.6,12.0,1400.0,1.14,2.24,표준,1,5,0.879,2.55,168,0
27,3,암,삼원교잡(LYD),64.0,22.9,28.2,68.4,17.3,1874.0,1.17,1.84,고급,0,1,0.629,2.92,210,0
21,8,거세,삼원교잡(LYD),71.0,23.4,18.9,62.3,11.0,1259.0,1.2,2.17,표준,1,4,0.876,2.48,176,0
21,5,거세,이원교잡(LY),67.2,24.7,22.3,78.5,15.2,1162.0,1.23,2.4,고급,0,2,0.996,2.41,158,0
24,5,암,삼원교잡(LYD),69.6,20.5,22.7,63.8,20.0,1802.0,1.84,2.11,고급,1,1,0.828,2.54,184,0
35,3,거세,삼원교잡(LYD),68.8,18.8,25.8,86.0,21.8,1639.0,1.38,2.34,표준,1,0,0.748,3.13,197,0
16,4,거세,삼원교잡(LYD),67.8,27.8,20.4,72.8,19.2,1661.0,1.31,2.46,표준,1,1,0.949,2.59,160,0
34,6,거세,삼원교잡(LYD),71.5,22.8,18.5,67.8,17.7,1453.0,0.99,2.42,고급,1,2,1.039,2.33,160,0
32,1,거세,삼원교잡(LYD),72.8,31.4,24.3,74.2,14.2,1895.0,0.99,2.5,고급,1,2,1.03,2.42,154,0
39,2,암,삼원교잡(LYD),79.8,30.9,19.0,80.3,11.6,1822.0,1.25,2.25,표준,1,3,0.777,2.89,188,0
37,5,거세,삼원교잡(LYD),73.8,23.5,14.7,74.0,18.2,500.0,1.58,2.08,고급,1,4,0.797,2.61,189,0
32,5,거세,삼원교잡(LYD),78.0,32.0,29.4,64.2,8.7,1371.0,1.25,1.86,표준,1,0,0.701,2.65,196,0
10,1,암,삼원교잡(LYD),65.9,27.8,25.7,58.4,15.7,2007.0,1.26,2.27,저가,1,3,0.74,3.07,184,0
31,7,암,삼원교잡(LYD),62.0,23.1,29.5,53.8,8.5,990.0,1.11,2.14,표준,1,2,0.739,2.89,186,0
30,5,거세,삼원교잡(LYD),69.9,18.0,25.5,40.6,14.8,654.0,0.86,2.26,표준,1,1,0.82,2.76,188,0
12,2,거세,삼원교잡(LYD),74.3,27.1,24.7,66.7,8.7,1431.0,1.41,1.68,표준,1,3,0.731,2.3,195,0
28,7,거세,삼원교잡(LYD),73.5,25.1,23.5,61.1,12.6,1760.0,1.24,1.84,표준,1,7,0.753,2.45,193,0
11,8,거세,삼원교잡(LYD),76.1,26.3,21.3,61.7,10.9,1270.0,1.41,2.45,표준,0,2,0.88,2.79,177,1
21,4,거세,삼원교잡(LYD),60.0,24.3,24.0,75.3,10.2,2146.0,1.34,1.81,표준,1,8,0.789,2.29,175,0
32,3,거세,삼원교잡(LYD),76.3,21.6,19.8,63.9,14.5,2422.0,1.06,2.24,표준,1,1,0.885,2.53,182,0
8,3,암,삼원교잡(LYD),71.7,23.7,17.7,84.0,2.0,537.0,1.36,2.05,표준,1,0,0.827,2.48,182,0
14,5,암,이원교잡(LY),62.3,27.1,20.7,59.3,4.2,1308.0,0.98,2.03,표준,1,1,0.81,2.51,171,0
32,1,암,삼원교잡(LYD),73.6,23.9,27.2,55.3,19.8,500.0,1.35,2.33,표준,1,3,0.757,3.07,194,0
19,4,거세,이원교잡(LY),70.8,23.9,17.1,52.4,15.9,1831.0,1.28,2.31,저가,1,5,0.774,2.98,188,0
39,1,거세,삼원교잡(LYD),71.9,20.4,17.1,72.2,10.7,1160.0,1.69,2.46,표준,1,2,0.887,2.78,179,0
1,1,암,삼원교잡(LYD),75.0,25.3,24.4,76.5,20.8,1262.0,1.08,1.97,표준,1,3,0.668,2.95,209,0
29,4,암,이원교잡(LY),72.2,21.7,20.3,59.1,11.2,2074.0,0.97,2.03,표준,1,4,0.815,2.5,187,0
33,6,암,삼원교잡(LYD),62.6,27.8,23.9,54.4,11.5,836.0,1.2,2.64,표준,0,1,0.951,2.77,154,0
37,8,거세,삼원교잡(LYD),69.3,22.8,26.0,80.3,10.3,710.0,1.45,2.23,저가,0,4,0.77,2.9,189,0
7,1,거세,삼원교잡(LYD),61.9,24.1,23.8,50.5,26.4,500.0,0.7,2.41,표준,1,5,0.871,2.77,166,0
40,2,암,삼원교잡(LYD),73.2,31.5,19.5,75.1,16.4,2135.0,1.52,2.15,표준,1,1,0.768,2.8,182,0
16,4,암,삼원교잡(LYD),77.0,24.1,27.1,59.3,16.2,2019.0,1.25,2.44,표준,1,3,0.752,3.24,198,0
15,5,거세,삼원교잡(LYD),63.8,23.7,25.0,69.0,17.8,1353.0,1.01,1.55,표준,0,3,0.71,2.19,192,0
15,8,암,삼원교잡(LYD),66.6,26.8,22.1,75.8,3.9,862.0,1.21,2.65,표준,1,3,0.98,2.7,157,0
26,6,암,삼원교잡(LYD),65.6,19.6,21.9,69.8,11.4,1917.0,1.11,2.16,저가,1,6,0.716,3.02,199,0
27,5,암,삼원교잡(LYD),67.7,28.8,23.5,62.0,17.7,2877.0,0.99,1.93,저가,1,4,0.729,2.64,186,0
19,1,거세,삼원교잡(LYD),72.1,28.0,20.8,79.0,15.0,1382.0,0.82,1.98,표준,1,1,0.812,2.44,179,0
3,1,암,삼원교잡(LYD),67.8,26.6,15.5,67.9,28.2,899.0,1.48,2.22,표준,1,3,0.695,3.19,195,0
40,2,암,삼원교잡(LYD),73.3,18.0,25.0,95.0,11.8,2121.0,1.16,2.27,표준,1,5,0.815,2.78,192,0
9,6,거세,이원교잡(LY),75.3,24.2,24.8,47.9,20.7,934.0,1.2,2.34,표준,1,2,0.818,2.86,186,0
4,3,암,삼원교잡(LYD),75.5,21.2,12.8,47.8,19.8,1317.0,1.51,1.94,저가,1,3,0.716,2.71,207,0
24,2,암,이원교잡(LY),64.4,28.4,24.0,74.9,15.9,500.0,1.31,2.56,고급,1,2,0.907,2.82,160,0
17,6,암,삼원교잡(LYD),76.9,28.2,29.0,64.7,16.9,1348.0,0.91,2.14,저가,1,2,0.666,3.22,207,0
25,7,거세,삼원교잡(LYD),77.3,26.2,17.5,72.9,13.3,861.0,1.47,2.13,표준,1,1,0.772,2.76,192,0
36,4,암,삼원교잡(LYD),77.8,21.4,21.7,54.0,3.2,2129.0,1.67,2.23,표준,1,3,0.827,2.7,191,0
4,8,거세,이원교잡(LY),69.2,29.5,21.3,65.5,17.1,1012.0,1.43,2.5,저가,1,5,0.869,2.87,168,0
12,6,거세,이원교잡(LY),66.2,24.2,28.6,69.6,17.6,1890.0,1.08,2.29,표준,1,2,0.819,2.8,177,0
21,6,거세,삼원교잡(LYD),65.1,30.4,26.5,59.6,18.5,1448.0,0.93,2.14,표준,1,4,0.745,2.87,179,0
32,7,거세,삼원교잡(LYD),64.5,25.8,18.5,67.3,15.4,1563.0,1.07,2.2,고급,1,2,0.975,2.26,156,0
25,2,거세,삼원교잡(LYD),70.1,26.5,23.4,51.4,20.8,1761.0,1.33,2.67,고급,1,4,0.996,2.68,159,0
16,7,거세,삼원교잡(LYD),74.2,23.6,31.2,68.9,9.8,1473.0,1.66,2.62,표준,1,2,0.82,3.19,186,0
25,8,암,삼원교잡(LYD),76.5,29.2,19.5,79.5,23.8,1176.0,1.11,2.41,표준,1,4,0.794,3.04,185,0
40,8,거세,삼원교잡(LYD),67.6,26.8,22.0,52.6,9.1,1094.0,1.14,2.34,표준,1,2,0.903,2.6,165,0
20,5,암,이원교잡(LY),69.8,29.3,24.1,52.0,14.4,1754.0,1.56,2.99,표준,1,4,0.858,3.49,170,0
36,7,거세,삼원교잡(LYD),69.5,25.5,19.6,76.9,19.1,549.0,1.19,2.44,고급,1,2,0.977,2.5,161,0
32,8,암,삼원교잡(LYD),66.8,24.9,29.1,51.8,11.9,2339.0,1.73,2.35,표준,1,4,0.741,3.18,188,0
13,7,암,이원교잡(LY),73.7,26.8,20.1,73.4,19.5,1566.0,1.26,2.24,저가,0,2,0.715,3.13,197,0
10,8,암,삼원교잡(LYD),71.8,29.3,16.4,65.6,12.9,1331.0,1.59,2.41,저가,1,0,0.711,3.39,192,0
31,7,암,삼원교잡(LYD),70.7,28.1,19.9,60.8,15.7,1633.0,1.4,1.5,고급,1,7,0.682,2.2,198,0
9,4,암,삼원교잡(LYD),71.8,25.4,24.6,79.7,13.9,1203.0,1.48,2.61,표준,1,3,0.871,2.99,175,0
14,6,거세,이원교잡(LY),73.1,19.4,18.8,74.3,11.5,1411.0,1.26,1.92,고급,1,1,0.88,2.18,182,0
10,4,거세,삼원교잡(LYD),73.0,27.4,23.2,67.8,28.5,934.0,1.27,2.08,저가,1,2,0.755,2.76,189,0
25,7,거세,삼원교잡(LYD),65.8,20.7,24.3,43.5,10.0,1688.0,1.4,1.88,표준,1,3,0.717,2.62,197,0
12,7,거세,삼원교잡(LYD),74.5,25.1,17.2,72.1,2.0,1461.0,1.5,2.08,저가,0,6,0.778,2.67,190,0
27,8,거세,삼원교잡(LYD),71.3,24.7,19.7,54.3,10.2,1594.0,1.43,2.2,저가,1,2,0.823,2.67,181,0
38,5,거세,삼원교잡(LYD),67.8,20.7,23.4,62.8,15.8,2242.0,0.86,2.57,고급,0,4,1.018,2.52,160,0
34,4,암,이원교잡(LY),71.2,26.1,24.8,65.1,12.7,1098.0,1.36,2.69,표준,1,2,0.856,3.14,175,0
38,2,암,삼원교잡(LYD),71.7,31.5,19.8,84.0,21.1,1436.0,1.14,2.88,표준,1,2,0.96,3.0,159,0
1,6,암,삼원교잡(LYD),75.4,24.1,22.6,62.5,20.9,674.0,1.16,2.33,표준,1,3,0.781,2.98,192,0
19,5,암,삼원교잡(LYD),64.8,27.3,20.9,50.8,13.1,1775.0,1.41,2.23,저가,1,4,0.779,2.87,177,1
9,5,거세,삼원교잡(LYD),76.6,32.1,24.9,79.7,4.9,1491.0,1.72,2.53,고급,1,5,0.966,2.62,162,0
37,6,거세,삼원교잡(LYD),70.1,27.6,24.1,72.3,7.3,1509.0,1.24,2.04,표준,1,0,0.826,2.47,176,0
29,7,암,삼원교잡(LYD),67.5,23.1,20.5,72.6,14.8,1421.0,1.79,2.01,고급,1,3,0.9,2.23,170,0
13,2,암,삼원교잡(LYD),67.3,25.7,23.9,79.9,5.6,1211.0,1.03,2.19,표준,1,4,0.819,2.67,176,0
23,4,거세,삼원교잡(LYD),65.0,26.4,20.3,82.2,12.8,2748.0,1.61,2.29,고급,1,1,0.924,2.48,161,0
25,6,거세,삼원교잡(LYD),61.3,29.3,23.8,56.1,23.5,1519.0,1.41,1.68,표준,1,4,0.634,2.65,196,0
20,7,거세,삼원교잡(LYD),73.4,28.6,23.9,51.1,17.1,1648.0,1.35,2.62,표준,1,3,0.965,2.71,163,0
19,7,거세,이원교잡(LY),79.9,18.0,31.5,73.4,15.3,930.0,1.65,2.37,표준,1,2,0.705,3.36,217,0
3,7,거세,이원교잡(LY),61.9,22.4,20.7,62.4,8.8,1943.0,1.14,2.54,저가,1,2,0.926,2.74,162,0
19,7,거세,삼원교잡(LYD),65.2,24.8,21.4,63.3,16.1,1438.0,1.62,1.83,표준,1,2,0.739,2.48,187,0
14,8,암,삼원교잡(LYD),73.8,22.0,19.4,53.8,13.4,1723.0,1.25,2.1,고급,1,2,0.866,2.43,181,0
33,5,암,삼원교잡(LYD),69.8,18.0,17.9,70.8,16.4,1951.0,1.14,2.09,표준,0,6,0.788,2.65,193,0
35,2,암,삼원교잡(LYD),74.2,22.8,20.2,69.0,19.4,1448.0,0.97,2.24,표준,1,1,0.867,2.58,180,0
31,5,암,삼원교잡(LYD),69.5,25.0,24.7,63.4,20.4,1162.0,1.7,2.29,고급,0,2,0.784,2.92,184,1
2,6,암,삼원교잡(LYD),67.1,23.4,24.9,51.1,15.8,500.0,1.59,2.56,고급,1,1,0.863,2.97,173,0
34,1,거세,이원교잡(LY),68.9,22.0,23.2,77.1,18.1,1306.0,1.18,2.33,고급,1,2,0.913,2.55,171,0
16,7,암,삼원교잡(LYD),60.0,25.1,20.8,67.6,11.9,1159.0,1.44,2.08,저가,1,5,0.74,2.81,181,0
17,5,거세,삼원교잡(LYD),64.3,26.0,20.0,76.2,21.8,928.0,1.33,2.96,저가,0,1,0.944,3.13,159,0
38,8,암,삼원교잡(LYD),74.7,23.6,18.3,44.0,9.7,2227.0,1.21,2.22,고급,1,1,0.908,2.45,175,0
35,2,거세,삼원교잡(LYD),76.0,29.1,19.8,65.6,13.8,1991.0,1.54,2.03,표준,1,1,0.786,2.58,185,0
3,8,암,삼원교잡(LYD),77.0,25.2,16.8,57.8,22.4,585.0,1.14,1.73,고급,1,2,0.728,2.38,200,0
15,4,암,이원교잡(LY),72.2,22.4,27.4,65.4,12.1,1577.0,0.75,2.33,표준,1,0,0.746,3.12,196,0
30,5,거세,삼원교잡(LYD),60.0,21.6,29.3,74.4,7.0,1091.0,1.36,2.51,고급,1,3,0.897,2.79,164,0
22,6,거세,삼원교잡(LYD),66.8,24.4,14.3,68.7,12.5,1683.0,1.32,1.96,고급,1,2,0.903,2.17,167,0
11,5,거세,삼원교잡(LYD),76.6,28.3,23.2,65.2,23.4,1100.0,1.15,2.49,표준,0,3,0.865,2.87,177,0
21,8,암,이원교잡(LY),78.1,22.5,23.1,65.1,2.0,1231.0,1.08,2.33,표준,0,3,0.834,2.79,189,0
35,2,암,삼원교잡(LYD),76.8,26.8,22.8,49.4,15.6,1982.0,0.91,1.77,표준,1,3,0.739,2.39,196,0
9,6,거세,삼원교잡(LYD),68.8,25.3,19.6,55.9,11.2,1910.0,1.21,2.49,저가,1,0,0.933,2.67,165,0
30,8,암,삼원교잡(LYD),63.5,31.0,26.1,76.2,14.0,2255.0,1.08,2.22,고급,1,2,0.793,2.8,169,0
30,2,거세,삼원교잡(LYD),69.8,26.2,23.6,59.9,12.9,1391.0,1.54,1.96,표준,1,4,0.738,2.66,190,0
36,3,거세,삼원교잡(LYD),70.1,22.9,26.1,76.4,20.8,772.0,1.43,2.59,고급,1,3,0.887,2.92,174,0
12,4,거세,삼원교잡(LYD),77.8,27.2,19.0,73.3,15.3,1961.0,1.18,2.58,고급,1,5,0.991,2.6,166,0
9,6,암,삼원교잡(LYD),71.1,27.3,16.5,73.8,21.1,1964.0,1.43,1.96,표준,1,5,0.761,2.57,186,0
22,8,거세,삼원교잡(LYD),70.1,23.8,23.7,68.3,22.7,1814.0,1.27,2.39,고급,1,5,0.862,2.77,176,0
22,7,거세,이원교잡(LY),70.4,21.5,18.1,60.6,15.2,1128.0,1.23,2.36,표준,1,6,0.825,2.86,184,1
17,7,거세,삼원교잡(LYD),72.0,26.6,26.2,63.5,12.8,965.0,1.29,2.28,표준,1,0,0.84,2.71,177,0
32,4,암,이원교잡(LY),73.1,25.2,13.5,71.4,17.3,1768.0,1.74,2.15,표준,1,2,0.695,3.09,202,0
32,6,암,삼원교잡(LYD),66.4,20.5,20.1,43.7,18.4,1057.0,1.46,2.26,고급,0,2,0.798,2.83,185,1
10,2,암,삼원교잡(LYD),64.7,25.8,19.5,77.4,8.1,1346.0,1.23,2.58,고급,1,6,1.005,2.57,154,0
32,4,암,삼원교잡(LYD),76.9,23.1,20.7,60.0,16.4,2953.0,1.52,2.42,표준,1,2,0.846,2.86,186,0
10,2,암,삼원교잡(LYD),61.8,20.5,23.0,64.1,13.5,2564.0,1.51,1.72,고급,1,7,0.79,2.18,182,0
17,1,거세,삼원교잡(LYD),78.2,23.9,23.6,64.2,12.5,1896.0,1.36,1.66,고급,1,1,0.826,2.01,188,0
2,7,암,삼원교잡(LYD),60.4,28.8,24.6,64.6,10.9,1169.0,1.22,1.74,고급,1,3,0.704,2.48,183,0
14,7,거세,이원교잡(LY),67.1,28.6,25.0,51.9,11.2,1139.0,1.2,1.89,저가,1,5,0.659,2.87,198,0
39,5,거세,이원교잡(LY),74.9,27.8,21.3,66.5,22.5,1858.0,1.03,2.07,표준,1,3,0.874,2.37,175,0
18,1,거세,삼원교잡(LYD),70.0,25.8,30.4,70.9,12.8,2248.0,1.35,2.16,고급,1,2,0.78,2.78,184,0
29,1,거세,삼원교잡(LYD),63.4,26.8,27.5,44.6,21.9,1244.0,1.15,2.28,표준,1,1,0.897,2.54,162,0
5,1,암,삼원교잡(LYD),72.1,25.3,20.8,52.0,15.8,1272.0,1.19,2.29,저가,1,4,0.821,2.79,181,0
26,6,암,삼원교잡(LYD),70.3,21.7,21.5,74.0,8.2,1544.0,1.46,2.29,고급,1,3,0.968,2.36,167,0
15,2,암,삼원교잡(LYD),68.9,22.3,20.7,72.1,16.1,806.0,1.72,2.64,고급,1,1,0.904,2.92,171,0
30,3,거세,삼원교잡(LYD),66.9,23.2,23.5,68.0,7.9,821.0,1.39,1.8,저가,1,1,0.734,2.45,192,0
38,7,암,삼원교잡(LYD),69.8,29.2,18.1,58.2,18.6,912.0,1.27,2.4,저가,1,2,0.808,2.97,176,0
22,8,암,삼원교잡(LYD),67.1,28.2,18.8,72.2,13.8,1773.0,1.3,2.4,표준,1,3,0.845,2.84,170,0
5,7,거세,삼원교잡(LYD),82.2,21.8,13.3,53.0,20.1,1636.0,1.58,1.92,고급,1,3,0.792,2.43,200,1
20,3,암,이원교잡(LY),68.8,25.2,20.4,63.6,23.6,2068.0,1.4,2.46,고급,1,5,0.896,2.75,169,0
5,5,암,삼원교잡(LYD),68.1,23.8,26.3,51.9,4.6,631.0,1.35,2.41,저가,1,5,0.748,3.22,190,0
18,2,거세,삼원교잡(LYD),67.3,24.5,21.4,63.4,12.2,742.0,1.37,2.29,표준,1,1,0.866,2.64,172,0
3,7,암,삼원교잡(LYD),78.9,23.4,21.6,54.7,7.7,1728.0,0.94,1.57,표준,1,3,0.718,2.19,207,0
26,1,암,삼원교잡(LYD),61.8,29.2,23.1,72.6,27.9,1064.0,1.4,2.59,고급,1,1,0.87,2.97,160,0
13,6,거세,삼원교잡(LYD),71.8,24.9,18.0,69.3,12.4,1100.0,1.08,2.37,고급,0,3,0.917,2.58,170,0
9,5,거세,삼원교잡(LYD),68.8,25.6,22.1,59.3,7.1,2006.0,1.4,2.42,표준,1,4,0.946,2.56,163,0
1,7,암,이원교잡(LY),62.9,25.7,25.6,75.9,28.4,1224.0,1.12,1.5,표준,1,0,0.55,2.73,225,0
36,4,암,삼원교잡(LYD),65.9,21.9,23.2,55.4,10.6,1282.0,1.45,2.14,표준,1,2,0.823,2.6,179,0
34,2,암,삼원교잡(LYD),71.6,25.3,25.9,64.6,5.3,1375.0,1.26,1.87,표준,1,4,0.739,2.53,193,0
33,7,암,삼원교잡(LYD),65.7,28.2,27.1,58.9,8.0,1405.0,1.01,2.69,표준,1,4,0.904,2.97,162,0
3,6,암,이원교잡(LY),71.3,29.4,24.7,72.4,15.9,1842.0,1.23,1.97,표준,0,7,0.666,2.96,200,0
14,4,암,삼원교잡(LYD),78.6,21.6,19.1,71.4,15.3,895.0,1.85,2.74,고급,1,2,0.913,3.0,181,0
39,3,암,삼원교잡(LYD),70.9,20.4,20.6,78.0,10.0,1406.0,0.73,2.59,저가,1,3,0.946,2.73,171,0
24,3,암,이원교잡(LY),62.7,25.2,29.7,65.8,12.1,2081.0,1.34,2.37,고급,0,0,0.757,3.12,181,0
6,4,거세,삼원교잡(LYD),65.8,28.3,23.3,35.4,15.3,2566.0,1.05,2.64,표준,1,2,0.986,2.68,154,0
6,3,암,삼원교잡(LYD),68.6,26.1,22.7,60.7,22.9,822.0,1.64,2.02,고급,1,1,0.73,2.76,190,0
11,3,암,삼원교잡(LYD),68.2,27.0,18.6,80.7,17.0,1666.0,1.5,2.07,표준,0,2,0.719,2.88,191,0
39,3,암,삼원교잡(LYD),70.8,20.9,21.6,61.8,11.6,1405.0,1.35,2.58,표준,1,2,0.958,2.69,169,0
7,1,암,이원교잡(LY),71.6,23.3,24.9,45.8,13.6,1451.0,1.53,2.02,고급,0,3,0.766,2.64,191,0
37,8,암,삼원교잡(LYD),78.7,18.4,22.1,69.5,19.6,1105.0,1.36,1.9,표준,1,1,0.72,2.64,213,0
28,2,거세,삼원교잡(LYD),70.0,24.6,19.9,70.2,25.1,1878.0,1.3,2.2,표준,1,4,0.849,2.6,177,0
37,2,거세,삼원교잡(LYD),64.2,18.5,20.9,57.7,8.4,1852.0,1.15,2.04,표준,1,2,0.882,2.31,174,0
34,2,거세,삼원교잡(LYD),75.8,29.0,26.8,62.5,21.7,2761.0,1.21,2.86,고급,1,2,1.058,2.7,157,1
14,8,거세,삼원교잡(LYD),76.3,29.7,24.7,56.5,13.1,839.0,1.18,2.53,고급,1,5,0.978,2.59,164,0
34,4,거세,이원교잡(LY),71.2,25.4,24.1,70.2,5.3,626.0,1.3,2.13,저가,0,2,0.818,2.6,181,0
7,3,거세,삼원교잡(LYD),68.8,20.5,23.8,65.6,4.1,2527.0,0.83,2.0,고급,1,4,0.924,2.16,171,0
12,4,거세,이원교잡(LY),73.1,26.1,17.3,53.3,23.0,1474.0,1.56,2.4,표준,1,2,0.81,2.97,183,0
9,1,거세,삼원교잡(LYD),68.9,30.6,23.1,64.9,23.7,1272.0,1.79,2.66,고급,1,3,0.976,2.72,155,0
6,3,암,삼원교잡(LYD),60.0,26.4,26.3,57.7,11.6,1594.0,1.19,2.39,표준,1,0,0.743,3.21,179,0
4,2,암,삼원교잡(LYD),72.8,28.6,21.0,79.6,13.7,803.0,1.59,2.01,표준,1,1,0.801,2.52,181,0
8,7,거세,삼원교잡(LYD),74.5,23.5,25.9,73.9,4.3,1688.0,1.27,1.87,표준,1,4,0.727,2.57,200,0
5,1,거세,삼원교잡(LYD),77.2,22.4,24.2,63.8,19.6,1460.0,1.15,2.19,표준,1,0,0.79,2.77,194,0
16,4,거세,삼원교잡(LYD),66.3,24.8,25.3,65.8,14.8,2037.0,1.2,2.39,표준,1,2,0.828,2.89,175,0
3,7,거세,삼원교잡(LYD),71.1,19.2,22.2,75.1,5.7,1929.0,1.32,2.16,저가,1,3,0.876,2.46,180,0
3,7,거세,삼원교잡(LYD),71.2,31.8,25.5,63.3,16.2,1970.0,1.12,2.6,표준,1,0,0.862,3.02,168,0
40,5,거세,삼원교잡(LYD),70.4,25.4,16.1,72.6,6.7,1595.0,1.45,2.46,표준,0,5,0.926,2.66,167,0
4,2,거세,삼원교잡(LYD),70.6,27.6,22.1,79.8,18.3,2302.0,1.17,2.37,표준,0,3,0.859,2.76,172,0
3,3,암,삼원교잡(LYD),70.2,23.6,24.9,60.1,8.5,1788.0,1.03,2.45,표준,1,3,0.857,2.86,177,0
2,2,암,삼원교잡(LYD),71.1,20.4,23.2,81.5,17.0,1233.0,1.3,1.88,표준,1,1,0.698,2.7,207,0
6,6,암,삼원교잡(LYD),73.7,29.3,26.4,78.6,11.1,1095.0,1.13,2.15,표준,0,3,0.826,2.6,178,0
22,3,거세,삼원교잡(LYD),76.1,21.6,21.4,67.5,2.0,1152.0,1.22,1.99,저가,1,2,0.767,2.59,198,0
34,6,거세,이원교잡(LY),66.2,26.0,19.8,60.6,21.0,1794.0,1.29,2.42,저가,1,2,0.859,2.81,170,0
30,6,암,이원교잡(LY),69.1,26.3,15.4,67.4,21.3,834.0,0.97,1.99,표준,1,2,0.724,2.75,192,0
24,8,거세,삼원교잡(LYD),67.9,25.2,20.9,62.6,11.9,1578.0,1.66,2.32,표준,1,4,0.862,2.7,172,0
4,3,암,삼원교잡(LYD),67.2,22.6,24.1,57.1,16.6,1084.0,1.5,2.25,고급,1,2,0.851,2.64,176,0
31,8,암,이원교잡(LY),61.9,24.6,25.0,70.3,17.6,873.0,1.14,2.48,저가,1,6,0.734,3.38,185,0
2,4,암,삼원교잡(LYD),70.1,22.1,16.4,54.8,17.8,954.0,1.3,1.94,표준,1,2,0.673,2.88,208,0
26,6,거세,삼원교잡(LYD),72.4,27.4,26.7,61.6,25.4,1488.0,1.46,2.44,저가,0,1,0.68,3.58,201,1
17,6,암,삼원교잡(LYD),69.2,26.7,18.1,61.7,17.5,1882.0,1.35,1.98,표준,1,4,0.737,2.69,189,0
36,7,거세,삼원교잡(LYD),70.0,24.9,21.5,51.3,12.9,1162.0,1.77,2.01,표준,1,1,0.795,2.53,183,0
13,4,거세,삼원교잡(LYD),72.1,23.3,19.7,71.6,17.6,500.0,1.24,2.26,고급,1,4,0.895,2.52,175,0
26,7,거세,삼원교잡(LYD),77.1,31.3,23.7,62.7,12.4,3077.0,1.6,2.66,표준,1,6,0.958,2.77,164,0
18,3,암,삼원교잡(LYD),67.9,21.1,22.4,78.0,8.6,2059.0,0.97,2.05,표준,1,5,0.863,2.37,177,0
21,4,암,이원교잡(LY),64.1,20.4,24.7,62.6,22.3,1966.0,1.0,1.77,표준,1,2,0.603,2.93,221,0
38,4,거세,삼원교잡(LYD),69.5,24.8,29.4,60.9,18.2,2314.0,1.72,2.02,표준,1,5,0.684,2.95,201,0
29,6,거세,삼원교잡(LYD),79.4,24.2,23.6,56.0,3.8,1546.0,1.19,2.18,고급,1,2,0.977,2.24,172,0
17,5,암,삼원교잡(LYD),64.2,28.3,19.7,65.4,10.9,1432.0,1.01,2.86,저가,1,8,0.981,2.91,153,0
18,1,암,삼원교잡(LYD),73.3,26.9,23.8,65.4,19.5,2178.0,1.29,2.42,표준,0,4,0.783,3.09,186,0
29,7,거세,삼원교잡(LYD),75.8,25.1,29.8,72.4,5.6,2175.0,1.62,2.07,고급,1,1,0.854,2.43,181,0
14,7,거세,이원교잡(LY),60.0,26.5,24.6,65.7,10.5,1808.0,1.11,2.26,표준,1,5,0.894,2.52,159,0
7,1,암,삼원교잡(LYD),72.1,26.4,25.8,85.9,31.0,1941.0,1.29,2.77,고급,1,3,0.797,3.48,183,0
19,8,암,삼원교잡(LYD),73.0,31.3,15.6,69.6,13.0,881.0,0.84,2.23,고급,1,2,0.889,2.51,167,0
3,6,암,이원교잡(LY),68.7,25.8,23.5,55.1,21.5,1371.0,1.18,2.23,표준,1,1,0.776,2.87,184,0
7,1,거세,삼원교잡(LYD),66.8,23.0,20.9,54.3,24.0,2352.0,1.55,2.18,고급,1,3,0.918,2.37,167,1
17,4,거세,삼원교잡(LYD),67.0,25.6,19.3,70.3,9.5,1902.0,1.1,2.51,저가,1,1,0.958,2.62,160,0
32,7,거세,삼원교잡(LYD),68.4,18.0,21.9,54.8,16.6,769.0,0.98,2.14,표준,0,5,0.815,2.63,187,0
32,3,거세,삼원교잡(LYD),68.5,24.9,22.4,70.9,27.4,1234.0,1.11,2.56,표준,1,1,0.946,2.71,164,0
11,8,암,삼원교잡(LYD),67.5,28.3,19.5,74.0,17.8,2270.0,1.15,2.62,표준,1,2,0.887,2.95,165,0
17,4,거세,삼원교잡(LYD),68.3,26.8,22.8,74.2,29.2,1728.0,1.49,2.48,표준,1,1,0.832,2.98,174,0
7,2,암,삼원교잡(LYD),76.0,25.9,21.3,56.3,11.2,1591.0,1.39,2.23,표준,1,2,0.89,2.51,176,0
31,3,암,삼원교잡(LYD),63.9,26.9,24.8,74.2,25.8,1606.0,1.44,1.88,표준,1,1,0.628,3.0,204,0
10,5,암,삼원교잡(LYD),61.3,28.3,22.9,68.2,15.1,1458.0,1.31,2.23,표준,1,4,0.809,2.76,168,0
32,6,암,이원교잡(LY),76.0,29.3,23.5,58.9,13.0,1238.0,1.15,2.1,표준,0,4,0.761,2.76,189,0
34,8,암,이원교잡(LY),69.0,26.3,25.9,63.4,18.8,1083.0,1.11,2.07,고급,1,3,0.793,2.61,181,0
28,2,거세,삼원교잡(LYD),68.1,24.1,24.2,69.7,14.3,2005.0,1.41,2.23,고급,1,3,0.954,2.33,163,0
14,8,거세,이원교잡(LY),69.4,18.1,22.0,58.3,14.5,1619.0,1.7,2.44,고급,1,3,1.038,2.35,163,0
39,5,거세,이원교잡(LY),71.0,27.9,13.7,68.0,17.9,1854.0,1.06,2.11,표준,1,2,0.845,2.5,174,0
28,2,암,삼원교잡(LYD),67.4,26.5,24.1,79.5,4.2,1773.0,1.05,1.89,표준,1,5,0.701,2.69,194,0
26,8,암,삼원교잡(LYD),72.5,25.5,18.4,74.6,10.2,2204.0,1.02,2.01,표준,1,4,0.846,2.38,178,0
35,3,거세,삼원교잡(LYD),65.2,22.9,21.7,65.8,19.3,1727.0,1.51,2.81,표준,1,4,1.006,2.79,157,0
36,5,거세,삼원교잡(LYD),68.5,27.9,23.5,67.3,20.9,1912.0,1.29,2.46,표준,1,0,0.93,2.65,162,0
4,6,거세,삼원교잡(LYD),60.0,24.2,27.3,59.6,17.1,1584.0,1.44,2.01,표준,1,4,0.713,2.82,187,0
36,1,거세,삼원교잡(LYD),75.9,24.9,29.4,59.9,16.7,1026.0,1.17,2.69,고급,1,5,0.912,2.95,175,0
31,2,암,삼원교잡(LYD),69.1,24.8,18.3,49.6,17.4,1387.0,1.45,2.23,저가,1,3,0.773,2.88,186,1
9,6,거세,삼원교잡(LYD),73.4,26.3,16.7,67.5,20.7,1795.0,1.23,2.98,표준,1,3,1.08,2.76,155,0
13,3,암,삼원교잡(LYD),72.4,21.6,23.3,71.8,6.4,1839.0,0.91,2.38,표준,1,1,0.895,2.66,177,0
31,1,암,이원교잡(LY),72.7,26.7,23.0,64.3,11.9,2226.0,1.53,2.47,고급,1,4,0.871,2.84,174,0
9,1,거세,이원교잡(LY),70.0,22.8,17.2,56.2,14.6,1270.0,1.29,2.55,표준,1,0,0.953,2.68,167,0
19,7,거세,삼원교잡(LYD),71.9,22.9,21.9,65.7,16.2,1613.0,1.22,2.75,표준,0,2,0.969,2.83,167,0
28,2,암,삼원교잡(LYD),65.2,27.7,24.4,78.4,2.3,1435.0,1.37,2.17,표준,1,5,0.773,2.81,178,0
27,1,암,삼원교잡(LYD),64.1,22.0,17.1,74.0,7.5,2312.0,0.94,2.72,표준,1,2,0.946,2.88,162,0
37,5,거세,삼원교잡(LYD),69.5,27.7,18.0,64.7,14.9,1688.0,1.41,2.11,표준,1,5,0.849,2.49,172,0
5,1,거세,삼원교잡(LYD),66.6,25.3,19.4,85.5,21.1,1698.0,1.15,2.19,저가,1,4,0.836,2.62,174,0
12,6,암,삼원교잡(LYD),77.1,20.1,21.2,92.0,12.5,1482.0,1.26,2.3,표준,1,1,0.828,2.78,192,0
40,5,암,이원교잡(LY),71.9,29.1,24.8,60.2,11.0,1387.0,1.58,2.58,고급,1,2,0.895,2.88,168,0
23,6,암,삼원교잡(LYD),66.4,25.9,20.7,62.5,18.2,776.0,1.46,2.2,고급,1,4,0.846,2.6,172,0
10,4,암,삼원교잡(LYD),68.6,26.2,22.2,71.9,13.0,869.0,1.26,2.8,저가,1,3,0.975,2.87,160,0
12,7,암,삼원교잡(LYD),70.7,28.0,31.0,55.9,20.3,1589.0,1.27,2.7,고급,1,2,0.86,3.14,172,0
14,6,거세,삼원교잡(LYD),69.7,29.5,18.2,73.5,13.7,1527.0,0.7,2.31,표준,1,2,0.938,2.47,161,0
23,4,암,삼원교잡(LYD),71.4,25.6,19.4,66.0,8.3,1592.0,1.09,2.01,고급,1,5,0.879,2.29,173,0
12,1,거세,삼원교잡(LYD),70.3,26.9,24.7,68.7,23.5,1971.0,1.34,2.6,표준,1,1,0.868,2.99,172,0
25,3,암,삼원교잡(LYD),63.0,26.1,26.0,59.2,22.4,1546.0,1.11,1.67,표준,1,6,0.641,2.61,202,0
18,2,암,이원교잡(LY),60.0,24.0,23.7,57.1,9.3,1326.0,0.97,2.52,저가,1,3,0.809,3.12,173,0
25,1,암,삼원교잡(LYD),68.1,20.2,29.2,45.1,17.4,1395.0,1.42,2.05,표준,0,4,0.639,3.21,216,0
7,3,암,삼원교잡(LYD),72.8,25.6,23.3,79.8,13.0,1622.0,1.63,2.68,고급,1,3,0.87,3.08,175,0
25,2,암,이원교잡(LY),68.2,29.1,14.1,74.4,18.7,1310.0,1.12,1.88,표준,1,2,0.63,2.99,205,0
37,1,암,삼원교잡(LYD),76.2,26.7,22.4,71.7,9.7,2032.0,1.52,2.1,고급,1,5,0.782,2.69,189,0
6,3,암,삼원교잡(LYD),69.8,21.8,19.7,68.5,20.2,1494.0,1.48,2.43,저가,1,2,0.851,2.86,179,0
14,5,암,삼원교잡(LYD),76.8,28.3,27.5,42.0,22.2,1626.0,1.06,2.48,표준,1,1,0.757,3.28,191,0
28,2,거세,삼원교잡(LYD),75.8,24.1,25.9,57.5,9.3,1092.0,1.12,2.11,저가,1,2,0.717,2.95,203,0
25,3,거세,삼원교잡(LYD),75.3,18.7,15.6,62.4,15.4,2032.0,1.75,2.2,저가,1,2,0.863,2.55,187,0
27,1,암,삼원교잡(LYD),64.0,28.1,27.4,54.2,22.3,2219.0,1.02,2.59,고급,1,3,0.819,3.16,170,0
23,1,암,삼원교잡(LYD),70.1,22.2,25.8,48.1,9.0,818.0,1.15,2.6,저가,1,4,0.841,3.09,180,0
28,2,암,삼원교잡(LYD),76.1,30.3,20.7,55.2,11.0,1700.0,1.79,2.19,저가,1,5,0.719,3.05,194,0
25,4,암,삼원교잡(LYD),71.4,28.4,21.7,65.5,19.0,1446.0,1.16,2.12,저가,1,0,0.771,2.75,184,0
3,6,거세,삼원교잡(LYD),72.8,24.3,27.6,65.5,14.0,1642.0,1.64,1.89,표준,1,4,0.696,2.72,203,0
31,7,거세,이원교잡(LY),63.1,26.4,14.1,74.1,5.5,1726.0,1.04,2.38,표준,1,4,0.89,2.67,163,0
18,6,암,삼원교잡(LYD),79.6,32.3,23.8,85.6,13.1,500.0,1.33,2.54,고급,1,5,0.874,2.91,174,0
3,5,거세,삼원교잡(LYD),66.0,28.0,26.4,71.9,25.5,1880.0,1.57,2.35,저가,1,2,0.697,3.36,191,0
17,8,암,삼원교잡(LYD),60.0,25.7,21.6,63.2,27.4,2056.0,1.18,2.02,고급,1,4,0.753,2.69,179,0
18,3,암,삼원교잡(LYD),68.2,33.7,24.6,83.0,11.2,2112.0,1.32,2.84,표준,1,0,0.855,3.32,163,0
4,7,암,삼원교잡(LYD),60.0,25.4,22.4,49.2,9.5,1028.0,1.49,1.67,저가,1,5,0.686,2.43,191,0
40,8,거세,삼원교잡(LYD),64.6,26.7,18.9,44.2,12.3,1485.0,1.07,2.56,저가,1,1,0.956,2.68,157,0
9,5,암,삼원교잡(LYD),82.8,22.2,18.8,56.1,25.8,1231.0,1.86,2.37,저가,1,2,0.686,3.45,218,1
14,7,거세,삼원교잡(LYD),68.1,20.0,24.8,73.1,20.1,542.0,1.56,2.44,저가,1,1,0.713,3.42,201,0
18,2,거세,삼원교잡(LYD),62.9,24.1,19.5,66.7,23.8,1190.0,1.21,2.06,표준,1,4,0.817,2.53,174,0
34,8,거세,이원교잡(LY),70.1,25.1,15.9,53.7,21.0,958.0,1.24,2.25,표준,1,2,0.839,2.69,177,0
30,5,거세,삼원교잡(LYD),65.5,26.0,22.5,57.7,7.1,1667.0,1.78,2.39,고급,1,3,0.938,2.55,160,0
31,2,암,삼원교잡(LYD),74.3,20.7,19.9,52.6,9.3,684.0,1.21,2.27,저가,1,1,0.797,2.85,193,0
10,1,암,이원교잡(LY),65.6,27.0,17.2,52.6,10.8,1010.0,1.18,1.76,표준,0,1,0.585,3.01,216,0
34,6,거세,삼원교잡(LYD),71.4,22.5,22.3,80.5,11.9,1240.0,1.59,2.81,표준,1,2,1.006,2.8,163,0
34,4,암,삼원교잡(LYD),64.3,26.8,25.1,63.6,10.9,1885.0,0.95,2.5,표준,1,2,0.855,2.92,167,0
19,3,암,삼원교잡(LYD),83.0,27.8,22.1,82.7,11.6,2889.0,1.28,2.31,표준,1,3,0.908,2.54,179,0
22,4,암,삼원교잡(LYD),72.5,23.8,17.7,56.1,18.8,1652.0,1.32,2.33,표준,1,1,0.815,2.86,184,0
2,8,암,삼원교잡(LYD),69.3,22.1,23.9,69.9,15.8,984.0,1.12,2.81,저가,1,1,0.876,3.2,175,0
31,4,암,삼원교잡(LYD),68.5,29.6,26.1,67.3,22.3,1160.0,0.91,2.08,고급,1,3,0.845,2.46,170,0
39,1,거세,삼원교잡(LYD),67.2,27.6,30.9,73.8,16.5,1829.0,1.32,2.01,표준,1,5,0.638,3.15,204,0
19,3,거세,삼원교잡(LYD),66.2,25.5,27.8,67.5,10.9,827.0,1.47,2.56,고급,1,1,0.86,2.97,170,0
22,2,거세,삼원교잡(LYD),66.1,29.4,18.0,74.9,16.1,2048.0,1.13,2.44,표준,1,0,0.947,2.58,156,0
20,6,암,삼원교잡(LYD),78.4,25.2,25.4,70.5,5.9,1637.0,1.01,2.0,표준,1,4,0.804,2.48,190,0
4,7,암,이원교잡(LY),67.2,23.1,23.0,54.1,2.0,1437.0,1.61,2.63,고급,1,2,1.032,2.54,156,0
25,7,거세,이원교잡(LY),60.0,22.0,17.4,72.3,18.9,658.0,1.43,2.39,표준,1,5,0.86,2.78,168,0
29,6,거세,삼원교잡(LYD),64.2,24.7,23.1,64.0,21.1,1960.0,1.21,2.03,저가,1,2,0.722,2.81,189,0
38,7,암,삼원교잡(LYD),74.6,27.3,29.7,57.2,15.4,1119.0,1.53,2.45,저가,1,4,0.621,3.94,216,0
38,4,거세,삼원교잡(LYD),68.7,29.2,26.8,71.9,12.7,1577.0,1.36,2.4,표준,1,2,0.807,2.98,175,0
20,6,암,삼원교잡(LYD),69.3,25.1,17.9,74.2,6.9,1421.0,1.75,2.27,고급,1,2,0.82,2.77,179,0
39,1,암,삼원교잡(LYD),75.8,28.6,22.1,60.2,22.0,708.0,1.47,2.42,표준,1,1,0.81,2.98,182,0
22,5,거세,삼원교잡(LYD),66.1,24.4,24.0,61.5,18.0,1385.0,0.95,2.49,표준,1,3,0.978,2.54,159,0
26,5,거세,삼원교잡(LYD),73.2,22.7,15.1,51.1,16.7,895.0,1.14,2.57,표준,1,5,0.898,2.87,176,0
25,1,거세,삼원교잡(LYD),66.7,21.1,15.2,47.0,15.0,1174.0,1.15,2.33,표준,1,5,0.879,2.65,173,0
40,5,거세,삼원교잡(LYD),72.9,23.5,22.6,62.6,12.2,1716.0,1.38,2.22,표준,1,7,0.9,2.46,175,0
30,6,암,이원교잡(LY),68.0,21.2,22.7,72.9,8.3,1851.0,1.22,2.37,표준,1,3,0.86,2.76,177,0
5,3,암,삼원교잡(LYD),68.8,31.0,14.6,59.3,16.5,1491.0,1.02,2.66,저가,1,2,0.818,3.25,171,0
3,5,거세,삼원교잡(LYD),74.1,26.3,23.6,79.3,11.8,1058.0,1.45,2.49,표준,1,1,0.971,2.56,165,0
17,3,암,삼원교잡(LYD),73.7,24.7,26.3,62.9,12.5,1176.0,1.55,2.2,고급,0,2,0.785,2.8,189,0
21,3,거세,삼원교잡(LYD),69.2,30.2,21.1,63.0,25.3,1168.0,1.27,2.32,저가,1,2,0.854,2.71,169,0
27,2,거세,삼원교잡(LYD),67.6,21.1,22.2,62.1,14.7,500.0,1.35,2.8,표준,1,6,1.1,2.55,153,0
20,3,암,삼원교잡(LYD),78.0,24.6,24.3,74.8,2.0,1537.0,1.06,2.52,표준,0,3,0.858,2.94,183,0
21,7,암,삼원교잡(LYD),72.9,31.0,23.8,55.4,11.8,667.0,1.17,2.35,고급,0,4,0.872,2.69,169,0
37,8,암,삼원교잡(LYD),68.0,24.6,15.3,63.7,9.0,1538.0,1.18,2.64,고급,1,3,0.959,2.76,162,0
14,6,거세,삼원교잡(LYD),66.7,32.3,18.4,59.5,14.2,770.0,1.44,2.14,표준,1,2,0.819,2.61,168,0
20,5,암,이원교잡(LY),75.1,27.4,20.4,59.4,6.5,897.0,1.36,2.4,고급,0,2,0.906,2.65,172,0
23,5,거세,삼원교잡(LYD),70.6,28.9,18.6,65.4,17.6,1834.0,1.22,2.86,표준,1,7,1.053,2.72,152,0
19,4,암,삼원교잡(LYD),69.2,29.0,27.9,63.9,13.2,1512.0,1.21,2.5,표준,1,3,0.793,3.15,178,0
39,4,암,삼원교잡(LYD),70.6,25.0,24.5,75.5,12.1,558.0,0.81,2.79,고급,1,3,1.097,2.54,153,0
39,5,암,삼원교잡(LYD),71.7,23.5,17.6,64.9,15.9,1221.0,1.7,2.27,표준,1,2,0.768,2.96,191,0
21,7,거세,삼원교잡(LYD),69.7,24.7,21.1,70.6,14.5,1631.0,0.78,2.16,고급,0,2,0.992,2.18,161,0
19,4,거세,삼원교잡(LYD),76.0,22.0,26.5,66.7,14.2,1190.0,1.41,2.65,고급,1,2,1.024,2.59,167,0
24,5,암,삼원교잡(LYD),76.3,24.8,19.4,79.0,13.7,1328.0,1.31,1.75,저가,1,4,0.655,2.67,214,1
8,4,거세,이원교잡(LY),72.7,25.0,25.4,62.0,14.9,1622.0,1.23,2.35,표준,1,1,0.872,2.7,176,0
18,3,암,삼원교잡(LYD),76.9,30.1,27.5,62.0,17.1,1522.0,1.3,2.61,저가,1,0,0.786,3.32,185,0
9,3,암,삼원교잡(LYD),70.0,26.8,26.9,72.5,16.3,1004.0,1.13,2.47,표준,1,1,0.77,3.2,185,0
6,1,암,삼원교잡(LYD),73.5,32.1,22.7,61.8,21.8,1511.0,1.46,1.67,저가,1,2,0.67,2.49,197,0
4,4,거세,삼원교잡(LYD),75.0,18.5,27.0,70.0,11.7,1356.0,0.97,1.9,고급,1,2,0.778,2.44,199,0
24,6,암,삼원교잡(LYD),75.1,21.3,19.9,88.4,16.4,2362.0,1.38,2.27,고급,1,1,0.849,2.67,185,0
1,6,거세,삼원교잡(LYD),74.6,23.9,31.9,55.2,29.7,1448.0,1.13,2.44,고급,1,2,0.742,3.29,197,1
26,8,거세,삼원교잡(LYD),73.2,29.5,23.0,80.3,14.8,1567.0,1.19,2.45,고급,1,2,0.992,2.47,159,0
18,1,암,삼원교잡(LYD),79.8,24.7,26.6,60.1,15.0,1630.0,1.2,2.3,저가,1,4,0.725,3.17,204,0
15,7,거세,삼원교잡(LYD),67.3,20.6,20.6,78.4,7.4,1339.0,1.26,2.52,표준,0,2,0.926,2.72,169,0
31,7,암,이원교잡(LY),69.2,24.3,24.0,71.9,10.7,1140.0,1.43,2.43,표준,1,6,0.839,2.9,177,0
22,4,암,삼원교잡(LYD),68.9,21.4,24.2,71.0,14.4,1730.0,1.29,2.26,표준,1,3,0.751,3.01,194,0
30,3,암,삼원교잡(LYD),68.2,20.8,18.3,63.5,18.2,1734.0,1.53,2.46,고급,1,5,0.935,2.63,169,0
29,3,암,삼원교잡(LYD),60.1,31.0,18.2,62.5,18.9,2541.0,1.56,2.11,저가,1,4,0.723,2.91,176,0
2,6,암,삼원교잡(LYD),76.9,23.9,21.2,57.8,17.0,1871.0,1.38,2.49,표준,1,1,0.852,2.93,184,0
9,7,거세,이원교잡(LY),64.9,25.5,26.4,65.1,19.8,1880.0,1.47,2.05,고급,1,1,0.789,2.59,178,0
23,6,암,이원교잡(LY),70.8,24.7,14.7,63.2,9.0,1859.0,1.81,2.45,표준,0,6,0.78,3.13,187,0
40,5,거세,이원교잡(LY),62.9,24.2,20.5,66.9,17.9,1155.0,0.95,2.44,고급,1,2,0.951,2.57,158,0
7,6,암,이원교잡(LY),73.1,22.5,27.2,50.9,15.1,871.0,1.57,2.21,표준,1,3,0.669,3.3,211,0
5,1,거세,삼원교잡(LYD),66.1,24.1,17.1,65.2,15.7,998.0,1.69,2.49,표준,1,5,0.853,2.92,173,0
38,5,암,삼원교잡(LYD),64.3,26.0,27.0,77.6,12.8,1844.0,1.41,2.76,저가,1,5,0.843,3.28,170,0
39,1,거세,삼원교잡(LYD),71.0,29.3,17.5,74.4,9.3,2211.0,1.78,1.99,저가,1,4,0.796,2.5,179,0
7,8,거세,삼원교잡(LYD),66.5,27.8,18.3,65.2,7.7,1867.0,1.74,2.59,고급,0,4,0.933,2.77,160,0
17,8,거세,삼원교잡(LYD),67.1,21.3,21.4,90.6,16.9,1417.0,1.22,2.63,고급,1,1,1.053,2.49,156,0
26,5,거세,삼원교잡(LYD),70.9,28.0,29.5,59.2,18.0,2338.0,1.23,2.24,저가,1,2,0.644,3.48,206,0
8,3,거세,삼원교잡(LYD),74.0,26.4,19.4,64.1,14.2,1278.0,1.43,2.54,표준,1,2,0.965,2.63,166,0
14,6,거세,삼원교잡(LYD),65.9,23.1,15.1,50.5,14.9,926.0,1.14,2.22,표준,1,1,0.853,2.61,174,0
16,6,거세,삼원교잡(LYD),65.0,25.5,16.4,61.0,10.7,1626.0,1.98,2.68,표준,1,4,0.912,2.94,163,0
26,6,암,이원교잡(LY),70.1,26.7,25.7,82.9,18.0,2146.0,1.5,1.5,표준,1,2,0.593,2.53,219,0
13,5,거세,삼원교잡(LYD),72.7,25.1,16.6,61.3,15.4,1078.0,1.31,2.73,표준,1,2,1.015,2.69,161,0
17,2,암,삼원교잡(LYD),77.3,26.4,26.8,49.7,12.8,648.0,0.95,1.97,저가,1,2,0.582,3.38,229,0
12,1,거세,이원교잡(LY),64.6,22.4,22.3,73.7,20.2,1519.0,1.36,2.33,표준,0,5,0.902,2.58,167,1
31,3,암,이원교잡(LY),68.4,31.0,21.9,68.9,18.9,1886.0,1.0,2.06,표준,1,2,0.753,2.73,180,0
7,5,거세,삼원교잡(LYD),75.9,19.2,23.2,73.3,5.8,500.0,1.49,2.75,고급,1,4,1.122,2.45,161,0
10,4,암,삼원교잡(LYD),79.9,26.7,18.8,62.0,15.3,1989.0,0.7,2.23,저가,1,3,0.819,2.72,188,0
10,5,암,삼원교잡(LYD),65.0,26.1,22.6,54.9,9.3,817.0,1.65,2.14,표준,1,4,0.755,2.83,183,0
37,3,암,삼원교잡(LYD),66.3,26.9,17.2,63.2,15.8,1862.0,1.19,2.64,표준,0,4,0.844,3.12,171,0
38,8,거세,삼원교잡(LYD),71.9,22.9,27.4,70.5,2.0,502.0,0.88,2.52,고급,1,0,1.004,2.51,164,0
21,3,암,삼원교잡(LYD),67.1,28.5,17.9,64.3,16.2,763.0,1.3,2.2,저가,1,5,0.777,2.83,178,0
7,7,거세,삼원교잡(LYD),66.2,24.7,23.8,68.9,19.3,1809.0,1.3,2.0,표준,1,4,0.805,2.49,178,0
31,4,거세,삼원교잡(LYD),71.2,21.4,17.9,59.6,14.3,2108.0,1.28,1.96,저가,1,2,0.77,2.55,193,0
20,4,거세,삼원교잡(LYD),77.7,21.7,19.9,69.3,8.0,1495.0,1.64,2.68,고급,1,6,1.017,2.64,170,0
34,5,암,삼원교잡(LYD),63.5,25.4,20.5,65.0,26.7,2698.0,1.4,2.43,표준,1,3,0.808,3.0,174,0
15,3,거세,삼원교잡(LYD),77.5,20.2,33.0,57.9,21.9,989.0,1.5,2.35,고급,1,4,0.733,3.21,207,0
40,2,암,삼원교잡(LYD),67.1,30.4,21.9,66.4,11.8,982.0,1.24,2.45,표준,1,2,0.828,2.96,169,0
33,4,거세,삼원교잡(LYD),71.7,28.1,18.7,61.1,13.4,1349.0,1.41,1.72,저가,1,1,0.716,2.4,193,0
9,7,거세,삼원교잡(LYD),78.0,30.5,20.2,71.2,3.1,1325.0,0.97,2.2,표준,0,4,0.897,2.46,172,0
30,2,거세,이원교잡(LY),71.6,30.2,16.0,73.7,17.8,1642.0,1.36,2.21,저가,0,2,0.815,2.71,176,0
12,4,거세,이원교잡(LY),68.5,23.9,21.3,70.0,6.8,1129.0,1.11,2.59,표준,1,1,1.05,2.47,155,0
14,6,암,삼원교잡(LYD),73.6,22.4,29.4,48.7,19.0,1784.0,1.63,1.86,고급,1,2,0.645,2.88,217,0
11,6,암,삼원교잡(LYD),69.1,18.0,23.3,55.4,21.2,1772.0,1.32,2.62,표준,1,3,0.904,2.89,176,0
28,4,암,삼원교잡(LYD),72.6,23.8,25.6,58.6,14.6,2307.0,1.47,2.84,저가,1,3,0.861,3.3,179,0
11,1,거세,이원교잡(LY),69.0,30.3,18.4,57.0,8.6,1255.0,1.37,1.78,표준,1,4,0.786,2.27,177,0
26,1,거세,삼원교잡(LYD),74.3,22.5,21.2,59.6,22.5,1668.0,1.75,2.3,고급,1,2,0.847,2.72,183,0
24,4,암,삼원교잡(LYD),63.0,24.4,22.8,74.3,15.0,1803.0,0.91,2.45,저가,1,0,0.821,2.98,173,0
31,7,거세,삼원교잡(LYD),64.9,23.3,19.1,72.0,15.6,1496.0,1.27,2.56,표준,1,3,0.926,2.77,164,0
40,1,거세,삼원교잡(LYD),63.0,26.1,23.6,60.8,9.4,1394.0,1.06,1.65,저가,1,3,0.708,2.33,188,0
1,8,암,삼원교잡(LYD),69.7,28.9,24.5,70.9,16.2,500.0,0.79,2.4,표준,1,2,0.83,2.89,174,0
40,6,거세,삼원교잡(LYD),62.4,20.4,24.2,68.3,13.8,1542.0,1.04,2.23,표준,1,3,0.908,2.46,167,0
5,1,거세,삼원교잡(LYD),66.5,21.0,21.4,64.7,7.0,1798.0,1.59,2.22,표준,1,3,0.943,2.35,166,0
22,3,거세,삼원교잡(LYD),64.5,29.5,26.4,76.5,23.0,1471.0,1.29,2.92,저가,1,1,0.857,3.41,164,1
14,2,암,삼원교잡(LYD),77.4,27.2,21.0,58.4,25.6,1109.0,1.25,2.24,저가,1,4,0.677,3.3,207,0
26,8,거세,삼원교잡(LYD),65.0,24.2,20.6,65.5,21.1,660.0,1.49,2.43,표준,1,0,0.848,2.87,172,0
29,5,암,이원교잡(LY),63.6,30.1,27.8,54.5,20.2,1727.0,1.33,2.26,고급,1,2,0.816,2.78,168,0
35,3,거세,삼원교잡(LYD),71.2,20.9,17.6,55.0,25.6,1517.0,1.45,2.37,고급,1,2,0.938,2.53,172,0
17,3,거세,이원교잡(LY),78.4,27.8,15.2,51.4,8.7,2195.0,1.38,2.47,표준,0,1,0.851,2.9,181,0
38,5,거세,삼원교잡(LYD),69.4,24.8,18.5,55.1,8.6,775.0,1.44,2.57,표준,1,4,0.898,2.86,170,0
13,1,암,이원교잡(LY),69.8,26.8,23.5,65.8,12.5,1265.0,1.19,2.07,표준,1,3,0.753,2.75,187,0
9,3,거세,이원교잡(LY),76.5,18.0,27.1,62.0,16.8,839.0,1.56,2.35,고급,1,3,0.929,2.52,181,0
16,2,암,이원교잡(LY),74.4,24.2,19.4,62.3,13.2,2013.0,1.0,2.36,표준,1,0,0.875,2.69,178,0
22,5,거세,이원교잡(LY),72.1,27.2,29.3,62.0,8.9,2120.0,1.28,1.81,저가,1,4,0.627,2.88,212,0
27,6,거세,삼원교잡(LYD),67.1,24.8,22.1,82.7,15.0,2461.0,1.57,2.01,고급,1,5,0.876,2.3,170,0
34,4,거세,삼원교잡(LYD),72.3,28.8,21.5,53.6,14.4,1761.0,1.26,2.57,표준,1,4,0.885,2.9,170,0
9,2,암,삼원교잡(LYD),63.2,28.7,18.6,52.6,20.0,1895.0,1.19,2.16,고급,1,4,0.823,2.63,168,0
13,3,거세,삼원교잡(LYD),66.9,22.1,29.8,56.5,15.3,1718.0,1.87,3.08,표준,1,3,0.952,3.24,164,0
38,7,암,이원교잡(LY),77.2,27.5,21.4,64.3,3.6,1787.0,1.65,2.59,저가,0,2,0.842,3.07,181,0
18,2,암,삼원교잡(LYD),76.5,22.0,16.7,70.1,17.3,1525.0,1.34,2.44,고급,1,3,0.877,2.78,183,0
10,2,암,삼원교잡(LYD),72.2,25.2,31.8,71.2,24.5,1809.0,1.06,2.75,저가,1,5,0.7,3.93,201,0
40,1,암,이원교잡(LY),60.4,27.0,23.6,74.4,15.2,2570.0,0.79,2.53,고급,0,0,0.882,2.87,160,0
18,7,암,삼원교잡(LYD),64.0,22.5,25.2,63.9,20.9,1609.0,1.48,2.36,표준,1,1,0.775,3.04,183,0
40,1,암,삼원교잡(LYD),66.6,27.4,28.7,61.0,12.0,1512.0,1.62,1.88,고급,1,4,0.649,2.89,202,0
37,5,거세,삼원교잡(LYD),69.1,23.5,24.5,81.3,18.4,1599.0,1.4,2.5,표준,1,3,0.861,2.9,175,0
37,8,암,삼원교잡(LYD),63.7,23.3,25.9,37.2,10.5,1425.0,0.87,2.72,표준,1,1,0.886,3.07,167,0
24,6,암,이원교잡(LY),68.8,27.1,22.2,65.6,13.5,1623.0,1.34,2.12,표준,1,2,0.786,2.7,181,0
32,4,거세,삼원교잡(LYD),78.8,22.5,24.9,69.3,13.6,1409.0,1.18,1.75,고급,1,1,0.803,2.18,194,0
39,2,암,삼원교잡(LYD),72.0,22.3,21.9,83.7,17.9,2072.0,1.34,1.98,저가,1,2,0.702,2.82,204,0
11,1,암,삼원교잡(LYD),71.1,28.1,21.9,48.4,10.1,2022.0,1.79,2.83,고급,1,2,1.004,2.82,158,0
2,2,거세,삼원교잡(LYD),64.9,25.3,22.5,60.8,6.2,2583.0,1.5,2.32,고급,1,4,0.987,2.36,156,0
13,8,암,삼원교잡(LYD),61.8,20.6,20.4,51.4,17.8,1488.0,1.44,2.74,표준,0,3,0.852,3.21,173,0
26,2,거세,이원교잡(LY),63.9,27.6,24.0,47.0,17.6,1644.0,1.29,2.31,표준,1,5,0.769,3.0,178,0
22,1,거세,삼원교잡(LYD),61.6,23.8,24.0,63.0,15.7,1623.0,1.4,2.15,저가,1,2,0.773,2.78,180,0
4,7,거세,삼원교잡(LYD),70.4,20.8,25.3,73.3,20.6,1600.0,1.12,2.94,저가,1,2,0.891,3.3,176,0
23,4,암,삼원교잡(LYD),71.9,18.0,24.6,77.1,13.8,2065.0,1.44,2.19,표준,1,5,0.786,2.79,195,0
7,3,거세,삼원교잡(LYD),65.2,27.7,30.0,59.7,16.7,688.0,1.25,2.23,저가,1,5,0.663,3.36,197,0
21,6,암,삼원교잡(LYD),70.7,22.4,26.2,71.7,12.9,1730.0,1.09,2.44,고급,1,2,0.797,3.06,187,0
24,5,거세,삼원교잡(LYD),77.3,21.3,21.2,63.0,13.4,2498.0,1.5,2.21,저가,1,2,0.817,2.71,192,0
26,8,거세,삼원교잡(LYD),79.8,26.9,23.8,70.6,17.0,2181.0,0.74,2.53,표준,1,4,0.981,2.58,170,0
17,4,암,이원교잡(LY),73.9,27.4,27.7,76.5,28.6,2124.0,1.16,2.43,고급,1,4,0.793,3.07,184,0
17,6,거세,삼원교잡(LYD),69.1,22.6,18.2,63.1,19.5,1921.0,1.45,2.45,표준,1,0,0.827,2.96,181,0
28,8,암,삼원교잡(LYD),73.7,27.7,30.1,75.8,18.3,1202.0,1.61,2.12,표준,1,3,0.601,3.52,219,0
30,4,거세,삼원교잡(LYD),76.8,31.2,18.9,52.9,19.6,1125.0,1.42,1.8,표준,1,3,0.727,2.48,192,0
33,3,암,삼원교잡(LYD),60.0,29.0,25.6,71.6,2.0,1129.0,1.13,2.05,고급,1,0,0.833,2.46,163,0
14,8,암,삼원교잡(LYD),77.4,28.6,22.0,75.3,16.9,931.0,1.29,2.08,표준,1,2,0.76,2.73,191,0
17,2,거세,삼원교잡(LYD),67.3,25.9,21.8,74.3,20.5,1973.0,1.37,2.39,표준,0,2,0.802,2.98,178,0
14,1,거세,삼원교잡(LYD),67.3,23.7,16.8,53.1,15.5,2234.0,1.69,2.06,표준,1,2,0.788,2.61,183,0
22,5,거세,삼원교잡(LYD),68.2,24.8,25.6,62.9,14.7,1717.0,1.53,1.86,저가,0,0,0.715,2.6,194,0
6,8,암,삼원교잡(LYD),71.6,26.3,16.8,68.0,9.4,1902.0,1.53,1.96,저가,1,0,0.668,2.93,204,0
18,1,암,삼원교잡(LYD),64.4,21.2,16.2,69.4,12.4,1647.0,1.32,2.42,표준,1,1,0.791,3.06,183,0
8,7,거세,삼원교잡(LYD),68.6,22.7,26.6,66.2,10.0,1784.0,1.03,2.51,표준,1,2,0.952,2.63,166,0
22,7,거세,삼원교잡(LYD),72.6,20.7,29.2,79.3,21.0,500.0,0.95,2.15,표준,1,1,0.808,2.66,189,0
35,8,암,삼원교잡(LYD),71.1,25.7,19.3,52.0,24.0,1657.0,1.22,2.18,저가,0,4,0.679,3.21,203,0
40,4,거세,삼원교잡(LYD),71.9,25.2,26.0,62.6,26.6,1287.0,1.47,2.48,표준,1,3,0.823,3.02,181,0
18,3,암,이원교잡(LY),68.4,23.0,25.2,48.1,9.9,1480.0,1.17,2.35,표준,1,2,0.829,2.83,179,0
3,5,암,삼원교잡(LYD),73.5,27.5,21.6,71.2,11.0,1613.0,1.44,2.66,표준,1,2,0.961,2.76,165,0
10,2,거세,삼원교잡(LYD),75.3,21.9,27.3,70.5,10.5,1142.0,1.1,2.25,저가,1,1,0.727,3.1,203,0
5,7,암,삼원교잡(LYD),75.0,22.9,21.3,95.0,8.9,962.0,1.14,2.05,표준,1,2,0.812,2.52,188,0
31,6,거세,삼원교잡(LYD),72.1,27.3,24.1,75.3,9.0,1127.0,1.65,2.63,고급,1,2,0.957,2.74,164,0
40,4,거세,삼원교잡(LYD),74.7,27.8,17.0,68.3,11.9,776.0,1.49,2.21,표준,1,3,0.866,2.55,175,0
23,5,암,삼원교잡(LYD),74.4,22.6,17.2,67.5,20.2,922.0,1.22,2.06,표준,1,2,0.802,2.57,190,0
8,6,암,삼원교잡(LYD),83.4,25.7,26.7,61.8,10.7,991.0,1.09,2.57,고급,1,1,0.916,2.8,181,0
1,5,암,삼원교잡(LYD),76.1,22.7,24.2,66.3,21.3,782.0,1.54,2.73,표준,0,2,0.805,3.4,191,0
40,7,암,삼원교잡(LYD),69.6,24.4,21.4,67.8,23.2,1764.0,1.52,2.35,표준,1,1,0.845,2.79,177,0
13,8,거세,삼원교잡(LYD),65.4,25.4,29.6,45.4,16.7,1050.0,1.46,2.0,저가,1,8,0.607,3.29,213,0
5,8,암,삼원교잡(LYD),68.7,26.7,29.6,67.0,22.4,568.0,1.26,2.76,저가,1,3,0.746,3.7,187,0
8,5,암,삼원교잡(LYD),68.3,26.0,23.8,66.0,6.8,1299.0,1.03,2.41,표준,1,4,0.849,2.84,173,0
11,6,거세,삼원교잡(LYD),72.6,25.8,16.2,82.5,11.7,943.0,1.3,2.37,고급,1,4,0.9,2.63,172,0
27,3,거세,삼원교잡(LYD),66.5,21.8,21.6,63.7,16.1,2230.0,1.65,2.18,고급,1,2,0.878,2.48,173,0
36,1,암,삼원교잡(LYD),76.0,26.2,18.7,57.3,16.3,1566.0,1.07,2.64,저가,1,1,0.742,3.55,196,0
12,4,암,삼원교잡(LYD),63.1,26.7,22.4,67.7,23.6,765.0,1.31,1.97,표준,1,6,0.682,2.88,193,0
28,7,거세,삼원교잡(LYD),61.8,27.1,18.3,65.7,9.0,1784.0,1.71,1.94,표준,1,1,0.887,2.19,161,0
3,2,암,삼원교잡(LYD),69.3,22.8,17.2,63.7,11.8,1542.0,1.22,2.87,표준,0,1,0.82,3.5,182,0
1,5,거세,삼원교잡(LYD),65.8,27.7,12.9,52.2,14.5,1381.0,1.27,2.04,고급,1,5,0.79,2.59,176,0
3,2,거세,삼원교잡(LYD),63.7,21.0,22.7,63.4,11.9,2287.0,0.96,2.59,표준,1,3,1.05,2.46,153,0
37,4,거세,삼원교잡(LYD),66.8,23.7,12.8,59.2,8.7,1012.0,1.46,2.71,저가,1,2,0.865,3.14,172,0
24,2,암,삼원교잡(LYD),66.2,24.2,20.7,62.8,12.1,2018.0,1.11,2.36,표준,0,1,0.831,2.84,176,0
33,6,거세,삼원교잡(LYD),70.1,21.2,24.8,72.3,13.5,1295.0,0.91,2.04,표준,1,1,0.817,2.49,185,0
1,7,거세,삼원교잡(LYD),66.9,24.1,19.1,58.3,23.7,1491.0,1.06,2.49,고급,1,5,0.895,2.78,168,0
1,7,거세,삼원교잡(LYD),67.3,25.7,17.7,62.8,8.9,1125.0,1.35,2.72,고급,1,4,1.089,2.49,149,0
34,6,암,삼원교잡(LYD),70.0,19.5,21.7,70.4,19.9,1157.0,0.9,2.4,고급,1,0,0.916,2.62,174,0
5,2,암,삼원교잡(LYD),75.1,23.8,18.7,62.3,22.6,1282.0,0.95,2.08,표준,1,2,0.732,2.84,200,0
7,5,거세,삼원교잡(LYD),77.4,19.8,22.7,91.1,11.9,550.0,1.44,2.39,고급,1,4,1.01,2.37,172,0
21,1,암,삼원교잡(LYD),70.7,31.1,17.9,67.5,16.6,1673.0,1.28,1.88,표준,1,1,0.665,2.83,197,0
25,3,거세,이원교잡(LY),71.1,25.6,21.6,52.6,18.5,1557.0,1.07,2.01,표준,1,2,0.832,2.41,178,0
10,5,거세,이원교잡(LY),69.1,25.4,20.6,56.6,17.5,751.0,1.22,2.22,표준,0,2,0.808,2.75,180,0
18,6,암,삼원교잡(LYD),72.4,25.7,22.0,55.6,15.5,1830.0,1.73,2.32,고급,1,1,0.83,2.79,180,0
27,1,암,이원교잡(LY),72.0,26.8,28.5,56.7,10.9,2229.0,1.62,1.94,표준,1,1,0.723,2.68,194,0
18,7,거세,이원교잡(LY),76.6,27.9,22.8,70.4,19.0,1168.0,1.27,2.37,표준,0,1,0.873,2.72,176,0
16,4,암,삼원교잡(LYD),60.6,20.3,24.0,53.9,12.8,1108.0,1.5,2.46,고급,1,0,0.935,2.63,162,0
3,8,거세,삼원교잡(LYD),68.8,28.9,19.5,61.7,15.2,2057.0,1.33,2.24,표준,1,0,0.848,2.64,170,0
19,5,암,삼원교잡(LYD),71.7,28.7,22.9,76.4,16.1,1702.0,0.86,1.65,표준,1,4,0.658,2.51,203,0
33,5,암,삼원교잡(LYD),69.9,24.8,20.9,59.8,20.1,1432.0,0.81,2.33,표준,1,3,0.72,3.24,195,0
26,6,암,삼원교잡(LYD),65.3,24.6,22.1,71.7,26.6,1907.0,1.07,2.84,저가,1,2,0.86,3.31,170,0
36,7,거세,삼원교잡(LYD),63.5,18.0,24.6,48.2,10.6,1637.0,0.91,2.44,표준,0,3,0.835,2.92,180,0
6,2,암,삼원교잡(LYD),74.0,21.3,20.0,61.3,15.3,2214.0,1.37,2.3,표준,0,2,0.808,2.85,190,0
1,5,암,삼원교잡(LYD),66.2,26.6,20.4,56.1,6.1,1492.0,1.16,2.19,저가,0,3,0.727,3.01,188,0
22,1,거세,삼원교잡(LYD),61.2,28.6,20.1,68.0,23.9,1713.0,1.41,2.47,저가,1,3,0.854,2.9,162,0
8,4,거세,삼원교잡(LYD),74.3,27.2,20.0,54.7,15.3,2049.0,1.41,2.36,저가,1,0,0.927,2.55,169,0
24,7,암,삼원교잡(LYD),72.3,24.8,22.7,85.7,13.2,500.0,1.47,2.51,표준,1,2,0.986,2.55,164,0
37,7,거세,삼원교잡(LYD),69.4,30.8,20.5,48.6,15.3,2067.0,1.07,1.97,저가,1,4,0.792,2.49,176,0
14,3,암,삼원교잡(LYD),65.4,28.0,28.0,76.4,15.6,1247.0,1.43,2.34,표준,1,1,0.731,3.2,184,0
22,4,거세,삼원교잡(LYD),69.4,23.8,32.7,73.8,10.6,1750.0,1.06,2.16,저가,1,3,0.628,3.44,215,0
28,5,암,삼원교잡(LYD),76.1,31.5,19.7,68.1,22.1,2332.0,1.48,2.41,고급,1,4,0.842,2.86,175,0
7,4,거세,삼원교잡(LYD),61.9,21.7,23.2,65.5,18.9,1347.0,1.61,1.72,고급,1,4,0.743,2.31,187,0
36,2,암,삼원교잡(LYD),62.2,20.6,26.2,83.5,19.7,1272.0,1.48,2.18,고급,1,1,0.831,2.63,176,0
9,3,암,삼원교잡(LYD),66.9,23.7,20.9,89.7,10.9,1473.0,1.26,2.46,표준,1,3,0.872,2.82,171,0
33,4,거세,삼원교잡(LYD),69.9,22.7,18.0,62.9,10.6,774.0,1.44,2.51,표준,1,3,1.02,2.46,160,0
27,5,암,삼원교잡(LYD),67.5,23.9,29.0,66.6,14.3,2600.0,0.92,2.29,표준,1,1,0.698,3.28,198,0
6,8,암,삼원교잡(LYD),73.2,27.4,24.7,59.5,19.8,1479.0,0.86,1.65,표준,1,1,0.645,2.56,209,0
29,5,거세,이원교잡(LY),75.4,24.9,23.3,53.3,18.0,2323.0,1.42,2.49,표준,1,2,0.851,2.93,181,0
8,4,거세,삼원교잡(LYD),71.4,25.0,27.8,69.6,10.3,1333.0,1.63,2.78,저가,1,1,0.874,3.18,174,0
24,6,암,이원교잡(LY),72.8,25.2,25.1,67.5,19.0,1517.0,0.99,2.05,표준,1,2,0.72,2.84,197,0
39,7,암,삼원교잡(LYD),71.4,18.1,21.8,48.9,9.2,1972.0,1.3,2.17,표준,1,4,0.833,2.61,188,0
39,4,거세,삼원교잡(LYD),70.0,20.5,18.1,69.6,11.0,949.0,1.41,2.54,저가,1,0,0.878,2.9,178,0
35,4,암,이원교잡(LY),63.5,23.8,20.0,67.8,15.9,1449.0,1.15,2.55,고급,1,0,0.969,2.63,158,1
20,2,거세,이원교잡(LY),64.9,22.5,26.8,59.0,8.0,1953.0,1.22,2.63,표준,1,1,0.945,2.78,163,0
23,7,거세,삼원교잡(LYD),63.2,24.3,24.7,58.3,9.2,1393.0,1.45,2.6,고급,0,1,1.007,2.59,153,1
13,7,암,삼원교잡(LYD),69.3,29.2,21.3,69.2,24.3,1258.0,1.33,1.84,표준,1,5,0.658,2.8,200,0
37,2,거세,삼원교잡(LYD),71.2,24.8,29.1,81.1,23.2,2058.0,1.33,2.16,표준,1,2,0.72,3.0,197,0
20,3,거세,삼원교잡(LYD),62.8,21.0,21.4,69.0,28.7,2201.0,1.05,2.49,고급,1,3,0.935,2.66,163,0
31,3,암,삼원교잡(LYD),70.4,22.6,26.0,72.8,17.7,2280.0,1.29,2.27,고급,1,0,0.866,2.63,177,0
15,8,거세,삼원교잡(LYD),65.6,30.1,22.9,56.7,18.9,1163.0,1.2,2.41,표준,1,3,0.908,2.65,159,0
30,1,거세,삼원교잡(LYD),64.7,29.6,29.7,60.9,14.1,1210.0,1.21,2.26,표준,1,8,0.772,2.93,175,0
9,2,암,삼원교잡(LYD),66.9,26.8,25.0,71.1,12.9,1264.0,1.16,2.17,표준,1,4,0.761,2.85,183,0
30,3,암,삼원교잡(LYD),64.4,20.3,22.2,51.4,20.2,1859.0,1.29,2.23,표준,1,4,0.768,2.9,188,0
2,5,암,삼원교잡(LYD),73.0,25.9,21.3,67.1,23.2,902.0,1.08,1.96,고급,0,3,0.783,2.51,187,0
5,2,암,삼원교잡(LYD),69.2,26.2,21.9,69.9,19.7,930.0,1.3,2.08,고급,1,2,0.882,2.36,170,0
15,5,거세,이원교잡(LY),74.1,25.1,19.1,64.6,10.0,1143.0,1.21,2.28,표준,1,4,0.872,2.61,177,0
20,6,거세,삼원교잡(LYD),67.8,23.3,16.5,68.2,17.3,1031.0,1.07,2.29,표준,1,1,0.919,2.49,168,0
29,7,암,삼원교잡(LYD),68.0,23.9,23.2,65.6,10.4,1942.0,0.81,2.47,저가,1,1,0.871,2.84,173,0
15,1,거세,삼원교잡(LYD),79.4,23.1,19.9,58.8,13.1,1908.0,1.54,2.21,표준,1,3,0.783,2.83,197,0
1,2,거세,삼원교잡(LYD),61.9,21.6,19.9,53.2,24.8,1259.0,1.49,2.8,고급,0,2,0.953,2.94,160,0
14,1,암,삼원교잡(LYD),76.4,29.1,21.6,64.1,7.8,1403.0,1.1,2.67,표준,1,2,1.049,2.54,158,0
18,8,암,삼원교잡(LYD),78.3,27.6,22.2,78.0,28.0,500.0,1.47,2.15,표준,1,3,0.738,2.91,197,0
22,6,암,이원교잡(LY),73.8,24.1,22.0,75.2,18.3,1271.0,1.04,2.36,표준,1,2,0.816,2.89,185,0
26,5,거세,이원교잡(LY),68.3,26.1,29.0,61.5,12.2,2122.0,1.22,2.66,표준,1,2,0.835,3.19,175,0
10,7,거세,이원교잡(LY),77.1,26.2,24.6,61.3,15.4,1244.0,1.17,2.11,표준,1,3,0.81,2.6,187,0
25,5,거세,이원교잡(LY),68.4,32.0,30.4,60.6,10.9,954.0,1.23,2.08,고급,1,2,0.816,2.55,170,0
26,2,암,삼원교잡(LYD),66.5,27.6,20.2,60.6,11.7,2188.0,1.46,2.69,저가,0,3,0.837,3.21,171,0
32,5,거세,삼원교잡(LYD),68.1,27.5,25.1,67.9,15.4,943.0,1.2,2.51,표준,1,3,0.861,2.91,170,0
21,6,거세,삼원교잡(LYD),67.1,25.1,20.5,75.6,13.0,2273.0,1.22,2.62,고급,1,3,0.943,2.78,162,0
33,1,거세,삼원교잡(LYD),65.3,23.7,19.8,87.6,9.4,2944.0,1.49,2.39,표준,1,2,0.884,2.71,169,0
9,5,암,삼원교잡(LYD),75.6,29.1,30.6,56.7,13.7,1445.0,1.32,2.22,표준,1,1,0.645,3.45,209,0
29,4,암,삼원교잡(LYD),66.1,27.0,18.9,71.5,7.1,2122.0,1.15,1.9,표준,1,1,0.785,2.42,178,0
2,1,거세,삼원교잡(LYD),69.9,22.5,13.1,70.4,7.4,666.0,1.36,2.34,표준,1,4,0.899,2.6,173,0
5,3,거세,삼원교잡(LYD),62.8,26.4,19.2,61.7,7.3,644.0,1.55,2.67,표준,1,1,1.04,2.57,148,0
35,4,거세,삼원교잡(LYD),70.2,27.5,14.0,54.7,25.0,1102.0,1.56,2.67,저가,0,2,0.763,3.5,185,0
20,3,거세,삼원교잡(LYD),64.2,18.7,18.2,67.8,17.4,1911.0,0.97,2.62,표준,0,3,0.94,2.79,167,0
25,3,암,삼원교잡(LYD),64.1,22.2,18.6,86.2,18.6,1501.0,0.98,2.54,표준,1,2,0.879,2.88,170,0
25,6,거세,삼원교잡(LYD),69.5,26.1,22.1,67.7,15.1,1407.0,1.55,2.96,고급,0,4,1.031,2.88,156,0
28,4,암,삼원교잡(LYD),75.3,19.2,13.8,57.1,18.0,855.0,1.23,1.83,표준,1,3,0.716,2.56,209,0
10,4,암,삼원교잡(LYD),72.2,19.7,26.8,63.4,22.1,1436.0,0.75,2.37,표준,1,5,0.837,2.83,186,1
8,7,암,삼원교잡(LYD),72.5,24.2,14.5,53.6,17.4,1178.0,1.12,2.02,고급,1,1,0.793,2.54,187,0
2,1,암,삼원교잡(LYD),69.4,26.5,21.5,65.2,24.8,1039.0,1.19,2.77,고급,1,2,0.946,2.92,163,1
35,3,거세,삼원교잡(LYD),68.3,26.6,20.7,71.8,14.8,996.0,1.22,2.13,저가,1,2,0.87,2.45,170,0
9,1,거세,이원교잡(LY),74.0,29.7,25.3,58.1,18.6,1596.0,1.49,2.6,저가,0,5,0.831,3.13,177,0
24,8,거세,삼원교잡(LYD),67.2,25.2,23.4,35.0,19.2,1140.0,1.07,2.17,저가,1,1,0.741,2.92,188,0
19,2,암,이원교잡(LY),74.2,23.9,26.7,67.8,9.4,1497.0,1.53,2.43,표준,1,1,0.785,3.09,190,0
7,7,거세,삼원교잡(LYD),76.2,21.1,20.6,60.0,15.3,615.0,1.37,2.27,고급,1,1,0.925,2.45,178,0
17,2,거세,삼원교잡(LYD),65.8,23.8,20.1,57.5,4.0,1752.0,0.98,2.3,고급,1,2,0.974,2.36,159,0
4,3,거세,이원교잡(LY),66.5,27.1,23.7,57.4,14.2,1620.0,1.22,2.4,표준,1,2,0.867,2.77,168,0
8,5,거세,삼원교잡(LYD),67.3,27.3,26.1,69.0,13.3,1384.0,1.42,2.58,저가,1,1,0.81,3.18,176,0
6,7,암,삼원교잡(LYD),62.7,25.8,25.3,60.9,13.0,1581.0,1.31,2.27,표준,1,3,0.813,2.79,172,0
33,2,암,삼원교잡(LYD),67.7,26.6,23.3,74.3,12.6,1967.0,1.39,2.57,표준,1,1,0.869,2.95,169,0
23,2,암,삼원교잡(LYD),76.5,28.8,22.9,74.5,18.1,776.0,1.15,2.61,저가,1,2,0.84,3.11,179,0
38,8,암,삼원교잡(LYD),64.8,25.2,21.9,62.3,9.7,1533.0,1.44,2.17,고급,1,4,0.925,2.35,162,0
18,3,거세,삼원교잡(LYD),76.6,29.1,23.6,59.8,26.2,847.0,1.2,2.87,고급,1,2,1.003,2.86,162,0
9,2,거세,삼원교잡(LYD),67.8,22.8,30.1,66.3,18.4,1544.0,1.94,2.52,저가,0,3,0.639,3.95,212,0
25,6,거세,삼원교잡(LYD),80.6,24.8,21.0,63.5,10.2,1371.0,0.97,2.17,표준,1,3,0.939,2.31,177,0
38,1,암,삼원교잡(LYD),66.6,23.6,20.5,47.5,18.9,1488.0,1.97,2.48,표준,1,1,0.807,3.08,180,0
22,7,암,삼원교잡(LYD),69.3,27.4,20.2,84.1,21.0,1924.0,1.06,2.61,저가,1,3,0.907,2.88,166,0
1,8,거세,삼원교잡(LYD),65.4,22.0,23.6,72.1,17.2,1909.0,1.62,2.48,저가,1,2,0.876,2.83,172,0
13,7,암,삼원교잡(LYD),66.6,24.0,13.5,60.4,9.0,2043.0,1.51,2.36,표준,1,0,0.837,2.82,175,0
37,3,거세,이원교잡(LY),76.7,19.4,21.5,45.8,28.4,1302.0,1.07,1.5,표준,1,0,0.687,2.18,216,0
21,1,거세,삼원교잡(LYD),72.4,26.8,25.5,63.2,18.8,1852.0,1.45,2.01,표준,1,2,0.795,2.53,183,0
39,4,암,삼원교잡(LYD),75.1,28.7,19.9,59.1,7.5,1753.0,1.18,2.5,저가,1,6,0.868,2.88,174,0
21,3,암,삼원교잡(LYD),63.4,27.7,22.7,64.4,16.3,1314.0,1.37,2.0,고급,0,3,0.706,2.84,187,1
1,8,암,삼원교잡(LYD),73.3,27.4,30.4,43.4,13.7,1559.0,1.34,2.45,표준,0,6,0.701,3.5,198,0
35,6,암,삼원교잡(LYD),65.1,27.5,23.3,60.3,15.0,1434.0,1.21,2.57,저가,0,5,0.832,3.08,170,0
31,8,거세,삼원교잡(LYD),63.3,27.1,13.0,60.9,7.8,2197.0,1.19,2.27,표준,1,2,0.833,2.72,169,0
29,7,암,삼원교잡(LYD),71.2,26.8,16.4,63.1,15.3,1905.0,1.39,1.77,표준,1,3,0.788,2.25,183,0
39,6,암,이원교잡(LY),71.1,27.0,21.0,62.6,10.0,1332.0,1.07,2.08,고급,1,2,0.871,2.39,172,0
8,1,암,삼원교잡(LYD),70.3,23.0,18.8,65.5,12.9,1297.0,1.08,2.51,고급,1,1,0.968,2.59,165,0
37,1,거세,삼원교잡(LYD),73.6,24.4,22.4,80.2,17.3,1979.0,1.54,2.68,고급,1,3,1.061,2.52,159,0
10,1,암,이원교잡(LY),74.4,25.2,20.8,59.8,12.1,2170.0,1.41,1.68,표준,1,3,0.726,2.31,198,0
39,5,거세,이원교잡(LY),77.3,24.0,26.7,55.9,13.3,1658.0,0.97,2.32,고급,1,1,0.9,2.58,178,0
8,2,거세,이원교잡(LY),64.0,20.3,17.6,47.7,19.9,1829.0,1.05,1.86,표준,1,1,0.786,2.37,185,0
23,8,암,삼원교잡(LYD),77.5,21.3,21.2,59.9,9.7,2152.0,0.77,2.33,표준,1,1,0.881,2.64,184,0
32,2,암,이원교잡(LY),79.4,25.7,22.9,51.0,11.1,1413.0,1.53,2.25,고급,1,1,0.874,2.58,182,0
4,8,암,이원교잡(LY),68.2,27.7,23.4,74.6,7.5,1542.0,1.47,3.01,고급,1,2,1.007,2.99,155,0
3,6,암,삼원교잡(LYD),61.7,25.0,22.6,64.0,10.1,1743.0,1.03,2.14,표준,0,2,0.797,2.68,175,0
34,1,거세,삼원교잡(LYD),63.1,33.3,12.4,74.4,15.8,1286.0,1.46,2.61,표준,1,4,0.852,3.07,159,0
3,1,암,이원교잡(LY),67.7,22.2,22.3,79.7,18.8,2350.0,1.8,2.6,표준,1,3,0.86,3.03,176,0
25,4,거세,삼원교잡(LYD),80.1,26.3,21.4,56.3,10.2,1281.0,0.92,2.24,저가,0,4,0.836,2.68,186,0
38,3,암,삼원교잡(LYD),70.1,28.9,25.5,61.5,18.7,1531.0,1.15,2.34,표준,0,1,0.779,3.0,181,0
25,3,거세,삼원교잡(LYD),66.9,28.2,24.9,78.3,15.6,2458.0,0.91,2.3,표준,1,4,0.805,2.86,175,0
20,5,암,삼원교잡(LYD),66.6,27.0,23.0,66.9,6.7,569.0,1.54,2.08,표준,1,0,0.758,2.74,183,0
17,2,암,삼원교잡(LYD),63.4,28.2,23.3,70.2,16.0,1608.0,1.28,2.05,표준,1,4,0.723,2.84,183,0
26,2,암,삼원교잡(LYD),74.4,25.2,27.4,75.3,22.2,1170.0,1.2,2.18,표준,1,5,0.691,3.15,204,0
23,6,거세,삼원교잡(LYD),69.5,30.0,26.6,74.0,3.6,1500.0,1.36,1.96,고급,0,2,0.815,2.4,174,0
21,8,거세,삼원교잡(LYD),80.5,28.8,23.1,69.1,27.0,897.0,1.16,2.15,저가,1,4,0.8,2.69,188,0
7,3,거세,삼원교잡(LYD),73.1,22.4,30.6,79.0,11.3,1315.0,1.2,2.24,저가,1,2,0.704,3.18,205,0
27,8,거세,삼원교잡(LYD),74.1,26.0,19.5,64.3,5.1,1512.0,1.37,2.35,표준,1,3,0.932,2.52,170,0
30,3,암,이원교잡(LY),68.8,20.4,17.3,70.2,15.8,1619.0,1.15,2.43,표준,1,3,0.803,3.03,187,0
29,3,거세,삼원교잡(LYD),64.5,29.6,22.0,63.2,20.0,1948.0,1.18,2.24,표준,0,3,0.841,2.66,166,0
4,1,암,삼원교잡(LYD),65.6,25.7,20.5,75.2,13.3,500.0,1.26,2.07,고급,1,6,0.796,2.6,178,0
29,4,거세,삼원교잡(LYD),63.2,29.0,12.1,58.0,16.9,1437.0,1.32,2.43,표준,1,2,0.88,2.76,161,0
30,4,거세,삼원교잡(LYD),74.6,24.7,19.4,48.2,27.7,1413.0,1.45,2.54,표준,1,4,0.911,2.78,174,0
8,6,암,이원교잡(LY),68.1,19.4,23.4,71.5,16.2,1468.0,1.45,2.15,표준,1,6,0.711,3.03,203,0
34,2,거세,삼원교잡(LYD),74.8,32.9,21.8,54.8,32.9,1516.0,0.93,2.01,표준,1,4,0.783,2.56,180,1
21,2,거세,이원교잡(LY),70.7,25.4,18.9,53.8,22.6,1085.0,1.65,2.17,표준,1,1,0.8,2.71,183,1
19,4,거세,이원교잡(LY),68.5,22.0,22.2,77.6,15.3,727.0,1.31,2.25,표준,1,1,0.931,2.41,168,0
29,1,거세,삼원교잡(LYD),64.2,28.4,22.5,74.7,16.7,1609.0,1.22,2.64,저가,1,5,0.874,3.03,163,0
21,2,암,삼원교잡(LYD),71.5,31.1,24.9,61.6,13.1,1003.0,1.07,2.51,표준,1,1,0.823,3.05,173,0
22,6,거세,삼원교잡(LYD),68.9,24.4,19.4,35.0,16.5,1701.0,1.8,2.3,저가,1,5,0.814,2.82,180,0
13,8,거세,삼원교잡(LYD),74.5,24.7,25.5,70.3,18.4,1031.0,1.89,2.87,표준,1,2,0.9,3.19,175,0
38,5,암,삼원교잡(LYD),66.4,25.7,17.6,71.6,12.6,1846.0,1.77,2.29,표준,1,3,0.78,2.93,181,0
39,2,암,삼원교잡(LYD),73.1,21.7,20.0,70.2,6.7,1473.0,1.33,2.72,표준,1,4,0.935,2.91,173,0
6,8,암,삼원교잡(LYD),78.2,22.9,28.8,69.7,22.9,1507.0,1.39,2.67,고급,1,1,0.843,3.16,187,1
30,5,거세,삼원교잡(LYD),71.4,30.3,17.9,63.2,20.8,1377.0,1.67,2.65,표준,0,6,0.935,2.83,162,0
1,6,암,삼원교잡(LYD),73.9,24.6,19.4,60.9,6.5,1297.0,1.24,2.4,표준,1,1,0.879,2.73,177,0
15,2,거세,삼원교잡(LYD),72.9,22.5,17.0,53.9,16.0,1384.0,1.44,2.34,표준,0,1,0.836,2.79,184,0
39,5,거세,삼원교잡(LYD),79.5,23.6,18.7,58.0,21.2,2091.0,1.36,2.3,표준,0,4,0.86,2.68,186,0
7,1,암,삼원교잡(LYD),71.9,28.2,22.6,68.2,20.5,733.0,1.78,2.56,고급,1,0,0.908,2.81,167,0
16,6,암,이원교잡(LY),73.5,19.1,24.8,68.4,10.8,1176.0,1.66,2.06,표준,1,2,0.742,2.78,203,0
9,2,암,삼원교잡(LYD),69.8,25.8,21.9,72.9,20.9,2028.0,1.27,2.22,표준,1,2,0.846,2.63,175,0
30,8,암,삼원교잡(LYD),66.1,32.4,20.7,50.9,15.1,1910.0,1.68,2.8,표준,1,1,0.88,3.18,160,0
19,1,거세,이원교잡(LY),64.0,31.1,17.0,48.4,17.3,2172.0,1.3,2.49,저가,1,3,0.842,2.96,164,0
24,6,암,이원교잡(LY),76.3,26.7,19.1,61.2,9.5,1470.0,1.16,2.59,고급,0,2,0.915,2.83,173,0
38,2,암,삼원교잡(LYD),65.0,28.9,15.8,54.8,2.0,841.0,1.23,1.93,표준,1,2,0.756,2.56,179,0
21,6,거세,삼원교잡(LYD),73.7,28.9,24.9,66.9,10.3,946.0,1.34,2.17,표준,1,5,0.784,2.77,183,0
30,4,거세,삼원교잡(LYD),72.1,24.6,25.2,51.9,18.2,1351.0,1.1,2.4,표준,1,3,0.846,2.84,179,0
4,8,거세,삼원교잡(LYD),74.6,27.8,21.8,76.8,13.8,1880.0,1.17,2.29,저가,0,4,0.852,2.68,177,0
9,6,암,삼원교잡(LYD),67.4,30.4,23.8,56.8,18.9,1373.0,0.94,1.93,표준,1,0,0.625,3.09,203,0
38,3,거세,삼원교잡(LYD),66.0,21.2,25.5,80.9,21.6,1334.0,1.09,2.53,저가,1,1,0.808,3.13,182,0
35,1,거세,삼원교잡(LYD),71.9,26.7,22.4,70.2,13.0,1698.0,1.36,2.62,고급,1,4,1.025,2.56,158,0
27,5,암,삼원교잡(LYD),68.5,26.1,27.6,54.4,12.4,1514.0,1.56,2.21,저가,1,1,0.657,3.37,204,0
16,4,암,삼원교잡(LYD),63.8,25.3,17.9,85.9,2.0,1280.0,1.53,2.54,표준,1,6,0.841,3.02,170,0
8,1,거세,삼원교잡(LYD),79.7,25.0,20.6,67.7,5.7,999.0,1.41,2.91,고급,1,2,1.156,2.52,158,0
35,5,암,삼원교잡(LYD),66.0,25.7,20.1,66.7,7.0,1973.0,0.92,2.76,표준,1,1,1.018,2.71,154,0
32,2,암,삼원교잡(LYD),65.0,25.9,24.6,64.3,18.3,2024.0,1.08,2.23,표준,1,3,0.821,2.71,174,0
10,2,암,삼원교잡(LYD),68.8,28.4,16.3,69.7,13.1,971.0,1.25,1.97,저가,0,2,0.651,3.03,202,0
24,1,거세,삼원교잡(LYD),76.3,26.4,27.8,70.3,11.8,1299.0,1.54,2.37,표준,1,1,0.819,2.89,184,0
25,3,거세,삼원교잡(LYD),60.0,24.5,24.2,56.4,11.1,1833.0,1.16,3.0,표준,1,2,1.008,2.98,150,0
20,2,암,삼원교잡(LYD),75.8,22.5,29.0,62.9,10.3,931.0,1.0,2.7,표준,1,1,0.793,3.41,192,0
38,1,거세,삼원교잡(LYD),65.4,23.6,21.8,66.2,20.5,1683.0,1.66,2.3,고급,0,4,0.853,2.69,173,1
5,4,암,이원교잡(LY),71.3,25.8,19.8,70.8,15.6,1337.0,1.12,2.77,저가,1,1,0.895,3.09,171,0
11,2,거세,삼원교잡(LYD),66.6,22.9,24.6,71.0,20.9,892.0,1.02,2.65,표준,1,1,0.954,2.78,163,0
4,2,암,삼원교잡(LYD),80.0,27.8,26.1,66.6,2.0,2389.0,1.36,1.73,표준,1,1,0.741,2.33,198,0
28,4,암,삼원교잡(LYD),70.6,26.3,19.1,59.5,18.2,1329.0,1.29,2.62,저가,1,1,0.829,3.16,178,0
26,1,암,삼원교잡(LYD),66.5,28.4,14.0,59.0,12.1,1762.0,1.17,2.34,저가,0,1,0.72,3.24,187,0
40,8,암,삼원교잡(LYD),68.5,23.1,14.7,53.1,13.3,939.0,1.3,2.04,저가,1,1,0.692,2.95,201,0
22,4,암,삼원교잡(LYD),70.4,22.5,23.0,70.9,23.1,2276.0,1.07,2.33,고급,1,1,0.905,2.57,173,0
7,8,거세,이원교잡(LY),70.9,28.4,28.2,58.8,12.7,2474.0,1.17,2.42,저가,1,4,0.847,2.86,173,0
19,8,거세,삼원교잡(LYD),72.2,25.4,16.8,63.1,18.0,749.0,1.29,2.06,표준,1,3,0.852,2.42,177,0
4,8,암,삼원교잡(LYD),70.0,24.4,20.9,67.4,8.9,1418.0,0.79,2.26,표준,1,2,0.919,2.46,169,0
27,5,암,삼원교잡(LYD),63.1,27.1,20.6,65.0,15.2,2164.0,1.54,2.2,저가,1,4,0.801,2.75,173,0
27,4,암,삼원교잡(LYD),68.3,27.0,29.7,64.9,5.5,1266.0,0.96,2.54,고급,1,5,0.873,2.91,169,0
35,6,암,삼원교잡(LYD),73.0,21.2,31.0,56.0,14.7,1705.0,1.07,2.21,고급,1,2,0.742,2.98,199,0
14,1,거세,삼원교잡(LYD),66.7,29.2,23.7,67.7,17.3,660.0,1.55,1.79,저가,1,4,0.728,2.46,185,1
13,7,암,삼원교잡(LYD),73.4,23.8,25.6,61.9,21.6,1106.0,1.44,2.17,고급,0,4,0.773,2.8,191,0
3,3,암,삼원교잡(LYD),70.2,30.1,25.5,64.1,10.1,1653.0,1.32,2.02,고급,0,1,0.808,2.49,175,0
17,1,암,이원교잡(LY),68.9,21.0,16.9,76.6,11.8,1205.0,0.87,1.91,표준,1,0,0.734,2.61,197,0
20,2,암,삼원교잡(LYD),76.0,26.0,24.8,70.1,11.1,1320.0,1.15,2.65,표준,1,2,0.947,2.8,170,0
31,2,암,이원교잡(LY),61.3,24.4,17.9,59.3,13.5,742.0,1.25,2.54,표준,1,2,0.857,2.96,167,0
31,1,암,삼원교잡(LYD),66.6,19.1,21.3,63.5,9.2,1827.0,1.26,2.01,표준,1,3,0.841,2.39,181,0
6,6,거세,이원교잡(LY),76.2,27.0,26.6,81.0,2.1,830.0,1.59,1.92,저가,1,6,0.718,2.67,199,0
12,1,암,삼원교잡(LYD),79.2,19.2,22.3,61.9,8.7,2270.0,1.8,2.27,표준,1,4,0.806,2.81,198,0
21,7,거세,삼원교잡(LYD),81.4,24.1,26.4,65.4,14.7,1159.0,1.45,1.9,표준,1,3,0.647,2.94,222,0
14,4,거세,이원교잡(LY),70.3,28.3,27.2,71.6,14.1,1900.0,1.17,2.23,표준,1,3,0.792,2.81,180,0
2,6,거세,삼원교잡(LYD),72.3,23.4,15.0,67.2,18.3,1851.0,1.6,2.32,저가,1,4,0.734,3.16,197,0
34,3,거세,삼원교잡(LYD),74.1,22.3,13.3,61.3,20.1,1007.0,1.15,2.39,고급,0,1,0.858,2.79,182,0
30,2,거세,이원교잡(LY),76.4,27.4,26.6,57.6,12.3,1212.0,0.7,2.4,저가,1,2,0.85,2.83,179,0
21,2,암,삼원교잡(LYD),71.6,24.3,26.8,64.9,5.5,1271.0,0.99,2.07,고급,1,1,0.755,2.74,192,0
